Marital_status,Application_mode,Application_order,Course,Daytime_evening_attendance,Previous_qualification,Nationality,Mothers_qualification,Fathers_qualification,Mothers_occupation,Fathers_occupation,Displaced,Educational_special_needs,Debtor,Tuition_fees_up_to_date,Gender,Scholarship_holder,Age_at_enrollment,International,CU_1st_sem_credited,CU_1st_sem_enrolled,CU_1st_sem_evaluations,CU_1st_sem_approved,CU_1st_sem_grade,CU_1st_sem_without_evaluations,CU_2nd_sem_credited,CU_2nd_sem_enrolled,CU_2nd_sem_evaluations,CU_2nd_sem_approved,CU_2nd_sem_grade,CU_2nd_sem_without_evaluations,Unemployment_rate,Inflation_rate,GDP_growth_rate,Parental_education_level,Marital_status_category,Target
1,7,2,14,1,1.0,1,4,5,9.0,10.0,1,0,0,1,0,0,34,0,0,5,7,2,6.49,0,1,6,3,2,10.07,0,12.28,0.56,3.13,4,Single,Dropout
1,11,0,14,1,2.0,1,17,27,8.0,16.0,1,0,0,1,1,1,32,0,0,7,10,4,10.06,0,0,7,7,3,12.41,0,11.41,0.1,0.8,22,Single,Not Dropout
2,5,5,3,1,9.0,1,20,12,2.0,1.0,0,0,0,1,0,0,17,0,1,7,6,2,9.32,1,0,7,8,3,6.93,1,10.84,0.31,0.52,16,Married,Not Dropout
1,7,4,17,1,14.0,1,26,6,8.0,2.0,0,0,0,1,0,0,31,0,0,7,7,3,12.7,0,0,8,15,2,10.48,1,12.09,0.55,0.49,16,Single,Not Dropout
1,10,1,5,1,5.0,1,2,18,7.0,13.0,0,0,1,1,0,0,19,0,0,2,6,1,11.59,0,1,3,6,2,12.78,0,10.32,-0.64,2.1,10,Single,Not Dropout
5,4,4,7,1,2.0,1,26,20,6.0,12.0,1,0,0,1,0,0,34,0,0,6,10,4,10.35,2,0,7,6,3,11.83,0,7.0,0.79,-0.73,23,Other,Not Dropout
1,10,0,4,0,2.0,1,16,11,12.0,6.0,1,0,1,1,0,1,17,0,1,3,2,1,8.71,0,0,2,5,1,6.34,0,13.67,3.06,1.36,13,Single,Dropout
2,3,2,3,1,10.0,1,3,24,14.0,12.0,1,0,0,1,0,0,17,0,0,5,4,3,12.51,1,1,4,8,2,14.19,0,10.65,2.24,-0.65,13,Married,Not Dropout
1,3,3,5,1,6.0,1,29,2,1.0,3.0,1,0,0,1,1,0,23,0,0,6,5,2,13.03,1,0,6,7,4,13.69,1,11.19,1.14,-1.43,15,Single,Not Dropout
1,5,0,3,1,6.0,1,14,4,7.0,12.0,1,0,0,1,0,1,21,0,0,10,11,5,7.68,0,0,10,11,3,8.73,0,15.71,1.75,-1.88,9,Single,Not Dropout
1,5,4,13,0,4.0,1,12,19,1.0,,1,0,0,1,1,0,21,0,0,8,6,3,10.45,0,0,7,9,4,9.14,1,10.88,0.7,-2.14,15,Single,Not Dropout
3,1,4,11,1,15.0,1,6,17,16.0,12.0,1,0,0,1,0,0,29,0,1,4,5,2,9.07,0,2,6,8,2,7.42,0,,1.31,-3.51,11,Other,Dropout
1,17,3,7,0,6.0,1,3,21,,7.0,1,0,0,1,0,1,30,0,3,7,8,7,20.0,0,0,6,7,5,20.0,1,9.33,1.72,3.37,12,Single,Not Dropout
2,6,1,10,1,12.0,1,3,25,9.0,14.0,0,0,0,1,1,1,17,0,0,7,7,4,8.7,0,1,8,7,2,9.35,0,17.0,-0.68,2.32,14,Married,Not Dropout
1,14,4,11,0,12.0,1,8,27,18.0,3.0,0,0,0,1,1,0,33,0,0,6,7,3,12.31,0,0,8,6,5,12.25,0,9.79,1.87,-0.63,17,Single,Not Dropout
1,16,2,4,1,1.0,1,9,15,12.0,17.0,1,0,0,1,0,0,17,0,1,6,7,4,14.54,1,0,5,4,3,14.52,0,8.63,1.85,-0.04,12,Single,Not Dropout
1,14,4,6,1,4.0,6,14,15,17.0,10.0,0,0,0,1,1,0,19,0,1,5,5,3,,0,0,2,2,1,10.21,0,7.0,0.28,0.2,14,Single,Not Dropout
1,15,3,15,1,15.0,1,18,27,19.0,5.0,1,0,0,1,1,0,38,0,2,7,11,4,8.49,0,1,6,7,1,10.69,1,13.13,0.48,1.3,22,Single,Dropout
2,2,0,1,1,,1,29,28,12.0,19.0,1,0,0,1,1,0,25,0,1,7,7,4,12.6,0,1,6,8,2,11.02,0,12.71,2.56,2.09,28,Married,Not Dropout
1,7,0,17,1,7.0,1,24,2,9.0,2.0,0,1,0,1,0,0,19,0,0,8,9,4,10.51,0,1,6,5,3,12.65,0,10.87,2.8,1.27,13,Single,Dropout
1,13,0,17,1,3.0,1,15,15,15.0,11.0,1,0,0,1,0,0,25,0,0,8,8,5,11.85,0,0,9,8,5,11.17,0,10.86,0.66,-2.26,15,Single,Not Dropout
1,10,0,5,1,5.0,1,27,27,4.0,2.0,0,0,0,1,0,1,27,0,0,8,11,4,7.3,0,2,9,11,4,11.39,2,10.4,2.08,-0.71,27,Single,Not Dropout
5,1,1,6,1,16.0,1,17,2,6.0,18.0,1,1,0,1,0,0,25,0,0,6,5,3,10.9,0,0,7,6,2,9.92,0,15.84,3.3,-0.9,9,Other,Not Dropout
2,10,0,4,1,11.0,1,13,29,11.0,4.0,1,0,0,1,0,0,31,0,0,6,7,1,4.53,1,0,5,5,0,3.83,0,9.65,1.49,-5.0,21,Married,Dropout
1,14,5,10,1,2.0,1,7,22,4.0,5.0,1,0,0,0,0,0,18,0,0,8,7,5,7.92,0,0,9,10,4,9.41,0,10.87,-0.56,0.28,14,Single,Dropout
1,15,5,4,0,12.0,1,13,5,10.0,13.0,1,0,0,1,1,0,19,0,1,5,3,3,8.09,0,0,4,5,2,5.33,0,7.0,0.55,-5.0,9,Single,Not Dropout
1,7,1,14,1,3.0,1,2,19,17.0,17.0,1,0,0,1,0,1,18,0,0,2,2,1,12.55,0,1,1,0,1,13.53,0,12.85,-0.85,3.27,10,Single,Not Dropout
1,5,1,7,1,5.0,1,5,13,15.0,8.0,1,0,0,1,1,0,18,0,1,3,3,1,4.41,2,2,2,4,0,8.3,0,11.36,2.96,-3.1,9,Single,Dropout
1,6,4,17,0,8.0,1,28,10,17.0,5.0,1,0,0,1,0,0,23,0,1,3,5,2,13.32,0,1,2,5,2,16.85,0,12.92,4.0,-0.18,19,Single,Not Dropout
1,6,3,15,1,6.0,1,6,19,17.0,7.0,1,0,1,1,1,1,17,0,0,7,6,4,10.08,0,1,7,7,5,10.87,1,12.63,1.75,2.71,12,Single,Not Dropout
1,6,3,7,1,12.0,1,17,22,7.0,18.0,0,0,0,1,0,0,25,0,0,7,4,3,6.63,1,0,6,11,1,2.38,1,12.19,-0.03,-2.03,19,Single,Dropout
4,6,5,11,1,3.0,1,3,26,14.0,18.0,0,0,0,0,0,0,27,0,0,8,5,3,14.38,0,0,7,7,4,10.42,0,9.63,2.46,0.55,14,Other,Not Dropout
1,8,3,1,1,15.0,15,18,13,8.0,3.0,0,0,0,1,1,0,17,0,1,7,8,2,8.98,0,0,9,10,3,6.48,0,9.74,-0.03,-2.21,15,Single,Dropout
1,1,4,2,1,10.0,1,29,5,19.0,18.0,0,0,0,1,1,0,19,0,0,8,10,5,9.46,0,1,7,5,6,12.92,1,12.96,3.87,-0.54,17,Single,Not Dropout
1,5,3,9,1,5.0,1,14,26,4.0,16.0,0,0,0,1,1,0,20,0,3,8,9,6,12.71,1,3,9,9,5,14.54,0,10.06,0.06,-1.53,20,Single,Not Dropout
1,6,3,9,1,16.0,1,4,10,6.0,11.0,0,0,0,1,1,0,22,0,1,8,8,5,14.26,0,0,8,13,6,15.43,0,13.02,1.44,1.27,7,Single,Not Dropout
1,3,1,7,1,8.0,1,1,23,18.0,5.0,0,0,0,1,0,0,22,0,0,8,10,5,11.17,0,1,9,11,5,12.02,2,11.87,2.46,0.62,12,Single,Not Dropout
1,15,3,2,1,,1,22,24,5.0,9.0,0,0,1,1,1,0,28,0,0,9,6,6,16.66,0,0,9,10,5,15.54,0,13.32,1.44,0.97,23,Single,Not Dropout
1,12,5,15,1,1.0,1,3,2,12.0,15.0,0,0,0,1,1,0,29,0,1,10,7,9,15.95,0,0,10,9,10,12.51,0,8.58,-1.0,0.1,2,Single,Not Dropout
1,16,2,7,1,16.0,15,10,12,6.0,6.0,0,0,0,1,0,0,18,0,0,6,4,3,10.32,0,0,6,4,3,9.26,2,10.29,1.86,-1.45,11,Single,Not Dropout
1,10,0,8,1,14.0,1,25,3,6.0,7.0,0,0,0,1,1,0,27,0,1,9,10,4,11.26,0,2,8,11,3,8.24,0,11.5,0.07,1.15,14,Single,Not Dropout
2,2,3,7,1,3.0,1,16,18,13.0,9.0,1,0,0,1,0,0,31,0,0,5,8,4,12.34,0,0,5,7,4,17.23,0,9.45,1.54,0.61,17,Married,Not Dropout
1,16,4,9,1,16.0,1,26,24,16.0,2.0,0,0,0,1,1,0,30,0,1,5,4,0,0.66,0,1,4,3,1,0.74,1,10.42,-0.52,-2.66,25,Single,Dropout
1,8,5,12,1,13.0,1,26,17,5.0,8.0,1,0,0,1,1,1,24,0,0,9,8,5,9.28,1,0,7,6,3,6.51,1,10.17,1.52,1.71,21,Single,Dropout
2,12,3,13,0,7.0,1,20,10,19.0,3.0,1,0,0,1,1,0,23,0,0,6,8,5,15.31,0,0,6,8,5,15.69,0,12.29,2.09,1.48,15,Married,Not Dropout
2,7,4,10,1,15.0,1,28,29,2.0,1.0,1,0,0,1,1,0,17,0,0,3,3,2,11.17,0,1,3,6,2,11.15,2,12.14,2.67,2.01,28,Married,Not Dropout
1,9,1,3,1,9.0,1,2,3,2.0,8.0,0,0,0,1,1,0,21,0,0,4,5,3,7.8,0,1,4,2,2,12.08,0,11.62,2.39,0.9,2,Single,Not Dropout
1,9,2,15,1,12.0,1,7,5,19.0,15.0,1,0,0,0,1,0,17,0,0,5,6,2,4.57,0,0,5,6,2,6.86,1,8.68,3.31,-1.92,6,Single,Dropout
1,5,2,5,1,3.0,1,9,11,2.0,19.0,1,0,0,1,1,0,30,0,0,4,3,2,10.97,1,1,5,6,2,12.66,0,9.76,2.1,0.05,10,Single,Not Dropout
1,10,1,1,1,2.0,1,27,28,6.0,9.0,1,0,0,1,0,1,21,0,0,7,12,4,,0,0,8,9,1,5.18,0,9.5,0.82,-2.86,27,Single,Not Dropout
1,13,4,1,1,9.0,1,19,26,3.0,15.0,0,0,0,1,0,0,22,0,1,5,4,1,5.02,1,0,5,6,0,9.17,1,15.33,1.4,1.32,22,Single,Dropout
1,1,5,14,1,6.0,1,8,17,5.0,5.0,1,0,0,1,0,1,19,0,0,6,11,5,16.61,1,0,6,4,4,16.65,0,7.76,2.25,2.65,12,Single,Not Dropout
2,3,1,7,1,16.0,1,7,28,2.0,13.0,0,0,0,1,0,0,17,0,1,5,7,2,9.12,0,1,7,8,2,9.23,0,8.59,-1.0,4.0,17,Married,Not Dropout
1,15,0,1,1,2.0,1,24,27,7.0,,0,0,0,1,0,0,27,0,0,4,6,3,6.97,1,0,3,6,1,9.31,1,11.37,-1.0,-0.86,25,Single,Not Dropout
1,10,4,14,1,13.0,1,25,18,6.0,7.0,0,0,1,1,1,0,26,0,0,4,2,0,8.49,0,0,2,0,0,4.91,2,8.78,1.64,-3.8,21,Single,Dropout
2,17,5,6,1,10.0,1,1,4,4.0,9.0,0,0,0,1,0,0,29,0,1,8,10,3,5.27,2,0,9,10,3,9.12,1,9.77,4.0,-1.67,2,Married,Not Dropout
1,11,5,17,1,15.0,1,11,27,14.0,13.0,1,0,0,1,0,0,17,0,1,7,8,5,13.34,0,1,8,10,6,14.13,0,9.52,2.76,-1.64,19,Single,Not Dropout
1,12,1,15,1,,1,16,19,1.0,6.0,0,0,0,1,0,0,31,0,0,1,2,1,12.38,1,0,4,3,3,14.66,0,7.0,0.79,-1.31,17,Single,Not Dropout
1,16,4,1,1,14.0,1,7,5,10.0,12.0,0,0,0,1,1,0,22,0,1,5,3,2,11.86,0,0,5,5,2,10.91,0,11.5,2.61,3.64,6,Single,Not Dropout
1,12,4,12,1,6.0,1,22,25,6.0,,1,0,0,1,0,0,28,0,0,8,11,3,6.94,0,0,8,7,3,8.8,0,7.4,0.81,0.44,23,Single,Not Dropout
1,6,4,11,0,12.0,1,22,12,13.0,11.0,1,0,0,1,1,0,17,0,0,7,10,5,12.14,0,0,8,9,4,10.46,0,16.86,0.09,2.96,17,Single,Not Dropout
1,9,4,3,1,,1,25,23,7.0,2.0,1,0,0,1,1,0,25,0,0,10,8,5,12.12,0,2,11,10,9,12.52,0,10.07,-0.6,1.94,24,Single,Not Dropout
1,5,5,6,1,8.0,1,23,8,,9.0,0,0,0,0,0,0,23,0,1,6,6,1,7.36,0,1,7,5,1,6.32,1,10.47,1.04,1.72,15,Single,Dropout
1,6,2,9,1,5.0,1,25,1,16.0,10.0,0,0,0,1,0,0,22,0,0,7,7,4,7.97,0,0,7,9,4,12.11,0,9.12,0.11,1.12,13,Single,Not Dropout
1,12,0,3,0,5.0,1,11,14,3.0,16.0,0,0,0,1,0,0,22,0,0,5,7,4,13.13,0,0,7,10,6,13.5,0,11.54,2.42,-0.99,12,Single,Not Dropout
1,3,1,13,1,10.0,1,9,14,9.0,8.0,0,0,0,0,0,1,19,0,0,4,5,3,11.93,0,0,3,3,1,10.39,0,12.22,-0.96,1.15,11,Single,Not Dropout
1,12,5,5,1,3.0,1,10,26,11.0,1.0,0,0,0,1,0,0,17,0,1,7,8,5,9.12,0,0,6,3,4,11.87,0,7.0,2.14,4.0,18,Single,Not Dropout
1,10,5,16,1,10.0,1,25,4,14.0,1.0,1,0,0,1,0,0,17,0,0,6,8,4,9.17,0,1,8,7,3,7.53,0,,0.02,0.21,14,Single,Not Dropout
1,6,0,14,1,7.0,1,19,27,11.0,11.0,1,0,0,1,1,0,23,0,1,11,16,5,,0,0,12,12,10,9.26,0,12.24,1.47,0.77,23,Single,Not Dropout
1,1,2,11,1,4.0,1,10,5,14.0,16.0,1,0,0,0,0,1,31,0,1,5,5,4,16.55,0,1,4,5,3,16.34,0,7.5,0.29,-1.87,7,Single,Not Dropout
1,12,1,3,1,9.0,1,21,28,16.0,17.0,1,0,0,1,0,0,30,0,0,6,9,5,14.92,0,0,6,5,4,17.25,1,12.5,2.56,-0.62,24,Single,Not Dropout
1,15,1,1,1,13.0,1,7,21,15.0,16.0,1,0,0,0,1,0,24,0,0,6,11,2,10.32,1,0,8,9,4,9.87,2,8.13,0.85,-0.89,14,Single,Dropout
2,13,3,3,1,10.0,1,8,11,12.0,7.0,1,0,0,1,1,0,20,0,1,8,12,4,10.36,0,1,8,7,6,11.05,2,10.1,2.28,3.6,9,Married,Not Dropout
1,8,3,9,0,2.0,1,1,28,18.0,10.0,0,0,0,0,0,0,35,0,0,8,10,7,15.83,0,0,7,10,6,15.02,1,9.98,1.57,-0.33,14,Single,Not Dropout
1,12,2,14,1,9.0,1,29,11,1.0,17.0,1,0,0,1,1,0,27,0,0,3,5,2,11.98,0,1,3,1,2,13.75,0,8.03,2.54,0.51,20,Single,Not Dropout
1,8,2,3,0,10.0,1,7,19,10.0,16.0,0,0,0,1,1,0,27,0,0,9,11,7,11.26,2,0,10,11,5,16.3,1,8.48,0.51,3.43,13,Single,Not Dropout
1,7,3,13,0,11.0,1,22,1,16.0,9.0,0,0,1,0,0,0,17,0,0,6,10,1,5.98,1,0,6,6,1,2.98,1,17.0,3.22,1.55,11,Single,Dropout
1,6,4,1,0,7.0,1,4,3,2.0,10.0,1,0,0,1,1,0,25,0,2,1,1,1,12.8,1,0,2,3,2,14.92,0,7.0,0.49,0.36,3,Single,Not Dropout
1,4,0,5,1,2.0,1,2,11,16.0,2.0,1,0,0,1,0,0,17,0,0,6,6,3,12.41,0,0,5,3,3,9.48,0,13.73,1.35,0.62,6,Single,Not Dropout
2,17,0,11,1,3.0,1,20,8,1.0,4.0,1,0,0,1,1,0,35,0,1,4,4,2,15.01,2,0,3,4,2,13.9,0,11.02,1.09,0.32,14,Married,Not Dropout
1,12,2,15,1,6.0,1,3,7,15.0,11.0,0,0,0,1,1,1,18,0,0,8,14,4,7.61,0,1,9,9,3,8.61,0,15.56,2.26,2.33,5,Single,Not Dropout
1,3,2,14,1,11.0,1,5,11,4.0,10.0,0,0,0,1,1,0,19,0,0,7,11,4,14.96,0,1,6,7,6,16.18,0,14.45,3.27,-0.85,8,Single,Not Dropout
2,15,5,10,1,12.0,1,10,18,13.0,11.0,1,0,0,1,1,0,19,0,0,8,8,3,8.59,0,1,7,7,2,5.46,0,8.14,1.13,-0.44,14,Married,Dropout
1,3,5,1,1,,1,17,4,16.0,6.0,0,0,0,1,0,1,21,0,0,8,7,8,17.74,0,0,7,10,7,16.15,0,9.62,2.56,-0.99,10,Single,Not Dropout
1,11,3,5,1,5.0,1,1,22,16.0,5.0,0,0,0,1,0,1,27,0,0,5,6,3,11.04,2,0,4,5,3,,1,13.77,-0.31,2.38,11,Single,Not Dropout
1,3,0,14,1,8.0,1,4,25,11.0,9.0,1,0,0,1,0,0,23,0,0,7,8,4,11.39,0,0,6,6,3,11.94,1,11.4,1.6,2.6,14,Single,Not Dropout
1,7,0,2,1,1.0,1,10,25,18.0,17.0,0,0,0,1,0,0,23,0,1,8,10,3,9.3,1,1,6,6,2,10.48,0,8.87,3.48,0.19,17,Single,Not Dropout
1,12,2,13,1,13.0,4,21,6,3.0,19.0,1,0,0,0,1,0,27,0,0,7,5,2,8.09,0,0,9,9,3,9.03,0,9.38,1.33,0.59,13,Single,Dropout
1,17,3,12,1,6.0,1,3,26,5.0,1.0,1,0,0,1,0,0,17,0,0,5,5,3,8.98,0,0,3,5,2,9.78,0,17.0,1.74,3.44,14,Single,Not Dropout
1,17,3,13,1,9.0,1,9,4,3.0,7.0,0,0,0,0,1,1,27,0,0,9,12,5,8.45,1,0,12,13,6,12.05,0,11.32,2.76,1.38,6,Single,Not Dropout
1,16,0,4,1,8.0,1,6,4,14.0,10.0,1,0,0,1,1,0,24,0,0,6,8,2,10.02,0,0,7,7,5,13.19,1,11.41,0.47,-1.57,5,Single,Not Dropout
1,5,5,5,1,5.0,1,9,22,17.0,5.0,0,0,0,1,0,0,19,0,0,5,5,2,8.81,0,1,8,10,5,10.03,0,13.23,4.0,-1.36,15,Single,Not Dropout
1,2,2,4,1,3.0,1,8,23,18.0,7.0,0,0,0,0,0,0,24,0,0,10,13,6,12.19,0,3,9,14,5,12.79,0,8.1,0.87,0.64,15,Single,Not Dropout
1,16,3,7,1,16.0,1,19,4,10.0,3.0,1,0,0,1,1,0,24,0,1,3,6,2,16.07,0,0,3,3,2,15.5,1,15.47,1.72,3.05,11,Single,Not Dropout
1,16,0,9,1,2.0,1,2,13,3.0,9.0,0,0,0,1,1,1,17,0,0,5,10,3,15.37,1,0,7,8,5,16.5,0,7.0,-1.0,1.19,7,Single,Not Dropout
1,5,4,3,1,16.0,1,28,12,4.0,,1,0,0,0,0,0,31,0,0,5,6,3,13.76,2,0,4,3,2,12.02,1,15.01,2.76,-1.07,20,Single,Not Dropout
1,1,3,10,0,,1,8,21,12.0,18.0,1,0,0,1,0,0,30,1,0,8,8,5,,0,2,9,11,5,10.64,0,12.83,1.62,2.59,14,Single,Not Dropout
1,12,1,5,0,2.0,1,29,15,18.0,1.0,1,0,0,1,0,0,17,0,0,6,7,2,11.18,0,1,6,10,2,7.7,1,13.58,1.02,-0.98,22,Single,Dropout
1,2,1,10,1,15.0,1,22,18,19.0,13.0,0,0,0,1,0,0,18,0,1,5,8,3,9.77,0,1,6,4,4,10.26,0,9.99,-0.16,0.01,20,Single,Not Dropout
4,1,2,6,1,16.0,1,11,3,14.0,18.0,0,0,0,1,1,0,31,0,0,8,6,3,7.13,0,0,10,12,4,9.6,1,9.68,3.97,4.0,7,Other,Dropout
3,16,0,17,1,15.0,1,9,29,17.0,15.0,1,0,0,1,0,0,27,0,1,8,9,6,14.8,1,0,7,5,6,15.05,1,15.69,1.95,-0.95,19,Other,Not Dropout
1,9,5,6,1,13.0,1,28,17,10.0,2.0,1,0,0,1,1,1,25,0,0,6,7,4,10.19,1,0,5,5,4,11.79,0,17.0,3.62,0.34,22,Single,Not Dropout
1,2,4,15,1,8.0,1,29,20,4.0,8.0,0,0,0,1,0,0,26,0,2,7,11,6,14.13,0,2,5,6,4,14.79,0,11.99,1.62,0.79,24,Single,Not Dropout
4,12,5,3,0,2.0,1,18,14,9.0,15.0,0,0,0,1,0,0,25,0,1,4,4,3,12.45,0,0,2,4,2,,1,14.86,1.66,-2.46,16,Other,Not Dropout
1,7,2,2,1,10.0,1,2,8,2.0,19.0,1,0,0,1,0,1,17,0,1,6,7,4,11.87,0,0,5,4,2,13.5,0,12.22,1.61,2.19,5,Single,Not Dropout
1,10,3,4,1,9.0,1,27,20,13.0,6.0,1,0,0,1,1,1,20,0,0,6,8,4,11.2,0,1,6,5,1,12.7,0,9.85,0.37,0.16,23,Single,Not Dropout
1,16,2,8,1,12.0,1,14,9,7.0,6.0,1,0,0,1,0,0,29,0,0,4,4,1,4.09,0,0,3,2,0,1.7,1,,0.57,0.85,11,Single,Dropout
1,5,2,16,0,1.0,1,1,7,7.0,5.0,1,0,0,0,1,0,27,0,0,3,2,2,15.83,0,0,3,4,2,14.42,1,10.84,1.33,0.01,4,Single,Not Dropout
1,11,3,3,1,2.0,1,24,17,1.0,18.0,1,0,0,0,0,0,25,0,1,6,11,3,12.74,1,1,7,5,4,14.05,0,13.26,3.74,-2.32,20,Single,Dropout
3,15,2,14,1,10.0,20,1,11,19.0,4.0,0,0,0,1,1,0,19,0,1,8,10,5,11.2,0,1,7,13,5,14.35,0,11.92,-1.0,1.74,6,Other,Not Dropout
1,8,4,12,1,14.0,1,11,26,9.0,7.0,0,0,0,1,1,0,29,0,1,7,10,4,11.4,0,0,7,7,3,13.51,0,12.81,2.96,2.8,18,Single,Not Dropout
1,17,0,6,1,15.0,1,3,20,15.0,3.0,1,0,0,1,1,0,17,0,0,5,7,3,15.21,1,0,6,5,3,,0,10.39,-0.11,-2.23,11,Single,Not Dropout
1,8,1,6,1,10.0,1,13,11,10.0,18.0,0,0,0,0,0,0,32,0,0,11,12,5,11.64,1,0,11,9,7,11.73,0,12.15,1.08,0.28,12,Single,Not Dropout
1,8,5,17,0,6.0,1,24,2,13.0,2.0,1,0,0,1,1,1,19,0,0,4,4,0,3.33,0,1,4,6,1,5.32,0,9.06,0.49,2.31,13,Single,Dropout
1,16,5,13,1,8.0,1,4,10,9.0,10.0,0,0,0,1,0,1,18,0,0,7,7,6,16.57,0,1,6,6,5,17.21,0,16.12,2.15,-0.48,7,Single,Not Dropout
2,11,4,5,1,9.0,1,5,4,14.0,3.0,1,0,0,1,1,1,23,0,0,5,5,0,9.44,1,0,6,8,2,8.78,0,12.36,3.26,-0.11,4,Married,Dropout
1,15,2,16,1,10.0,1,28,7,4.0,8.0,1,0,1,1,0,0,24,0,1,8,8,5,11.32,1,0,8,10,3,8.01,1,11.36,2.23,0.82,17,Single,Dropout
1,14,2,7,1,4.0,1,6,9,19.0,12.0,1,0,0,0,0,1,24,0,0,6,5,3,10.74,0,0,4,9,2,11.98,0,13.07,0.07,-0.51,7,Single,Dropout
1,13,0,2,0,7.0,1,4,19,9.0,14.0,1,0,0,1,1,0,17,0,0,6,9,4,12.96,0,0,4,3,3,11.39,0,13.3,1.55,0.84,11,Single,Not Dropout
1,5,1,14,1,9.0,1,17,4,1.0,11.0,0,0,0,1,0,0,26,0,0,8,7,6,10.81,0,0,7,8,3,10.32,1,9.86,2.42,-1.19,10,Single,Not Dropout
1,7,4,15,1,14.0,1,9,5,19.0,9.0,0,0,0,1,0,0,29,0,1,6,10,4,7.68,0,0,5,5,3,10.65,0,8.39,1.71,0.63,7,Single,Not Dropout
1,15,2,8,1,13.0,1,28,2,1.0,6.0,1,0,0,1,0,0,23,0,1,8,11,5,15.35,1,0,8,5,6,13.42,0,10.26,2.28,-0.5,15,Single,Not Dropout
1,11,2,12,1,13.0,1,5,27,9.0,16.0,1,0,1,1,1,0,17,0,0,6,8,1,6.4,0,0,4,6,1,6.72,0,13.74,2.75,0.44,16,Single,Dropout
1,5,0,4,0,4.0,1,17,29,15.0,13.0,0,0,0,1,1,0,22,0,1,2,3,1,12.64,0,0,2,2,1,10.18,2,10.82,0.5,1.12,23,Single,Not Dropout
1,6,2,15,1,7.0,1,27,9,8.0,13.0,0,0,0,0,0,1,17,0,0,10,12,3,3.74,0,1,9,11,1,6.26,1,8.49,1.24,-1.41,18,Single,Dropout
1,14,4,7,1,9.0,1,22,14,4.0,15.0,0,0,0,0,1,0,17,0,0,7,7,4,7.33,0,0,8,9,1,4.52,2,11.92,1.78,-1.16,18,Single,Dropout
1,4,3,5,0,16.0,1,1,9,5.0,5.0,0,0,0,1,1,0,20,0,0,6,5,1,4.27,1,0,5,6,1,6.02,0,15.86,2.34,0.14,5,Single,Dropout
1,2,3,9,1,6.0,1,6,16,14.0,19.0,0,1,0,1,1,1,33,0,0,9,9,7,14.51,0,0,10,14,6,11.94,0,11.32,1.42,-2.48,11,Single,Not Dropout
1,14,5,5,1,,1,4,16,11.0,18.0,1,0,0,0,0,0,23,0,0,5,3,3,14.64,0,0,5,5,3,13.65,1,7.16,-0.92,-1.06,10,Single,Not Dropout
1,5,1,11,1,12.0,1,27,8,10.0,9.0,0,0,0,0,0,0,21,0,1,5,7,2,9.7,0,0,4,7,1,6.46,0,9.24,1.28,-2.11,17,Single,Dropout
1,14,1,13,1,11.0,1,6,19,10.0,4.0,1,0,0,1,0,1,27,0,2,4,3,0,0.9,1,0,2,4,0,1.95,0,10.09,0.95,-0.11,12,Single,Dropout
3,10,3,7,1,12.0,1,2,1,7.0,,0,0,0,1,0,1,27,0,0,6,8,0,5.4,0,0,5,9,1,4.98,0,11.49,0.37,1.41,1,Other,Dropout
1,17,2,14,1,13.0,1,12,19,18.0,8.0,0,0,0,1,0,0,17,0,0,5,7,2,6.44,0,0,7,8,3,10.53,1,12.84,-0.14,2.04,15,Single,Dropout
1,9,5,8,1,12.0,1,9,22,5.0,19.0,1,0,0,1,0,1,34,0,0,6,8,2,11.81,0,1,6,11,3,8.27,0,13.5,-0.31,2.91,15,Single,Not Dropout
1,15,0,17,1,11.0,1,5,2,16.0,6.0,1,0,0,1,0,0,24,0,2,4,4,3,12.42,0,0,3,3,2,13.9,0,11.17,0.58,0.41,3,Single,Not Dropout
1,15,0,5,1,7.0,1,14,21,15.0,18.0,1,0,0,1,0,0,28,1,1,5,4,2,3.07,0,0,5,7,0,6.9,2,9.08,0.32,-2.39,17,Single,Dropout
4,4,2,12,1,7.0,1,27,22,1.0,5.0,0,0,0,1,0,1,19,1,1,7,7,4,11.49,0,0,6,6,1,6.15,1,7.09,0.81,-2.47,24,Other,Dropout
1,17,2,10,1,10.0,1,7,29,4.0,18.0,1,0,0,1,1,1,17,0,0,9,8,4,6.11,0,0,8,11,2,3.17,1,12.05,0.78,0.91,18,Single,Dropout
2,13,5,17,1,14.0,1,29,24,11.0,18.0,0,0,0,0,0,1,22,0,0,6,7,3,10.41,0,0,5,5,4,11.62,0,7.02,-0.42,-0.72,26,Married,Not Dropout
1,2,2,4,1,11.0,1,20,1,4.0,12.0,1,0,0,1,0,1,17,0,0,5,6,1,3.0,1,0,6,12,0,0.81,0,15.93,-1.0,-1.77,10,Single,Dropout
1,1,2,4,1,16.0,1,12,3,17.0,3.0,1,0,1,1,1,0,30,0,0,7,12,3,6.24,0,0,7,8,2,5.53,0,14.36,3.03,1.98,7,Single,Dropout
1,5,1,15,1,11.0,1,20,4,9.0,12.0,1,0,0,0,0,0,17,0,0,8,13,6,10.67,0,0,9,10,7,12.91,0,15.21,1.63,3.34,12,Single,Not Dropout
3,1,2,16,1,7.0,1,11,17,16.0,18.0,0,0,0,1,0,0,23,0,1,8,12,7,14.89,0,0,7,6,6,15.33,0,10.86,0.22,1.0,14,Other,Not Dropout
1,7,3,13,1,10.0,1,7,21,3.0,18.0,1,0,0,1,0,0,27,1,0,7,8,5,11.9,0,0,6,3,3,7.26,1,,1.21,1.93,14,Single,Not Dropout
1,17,3,9,1,10.0,1,7,20,1.0,9.0,0,0,0,1,0,0,26,0,1,5,3,3,8.6,0,2,7,9,4,6.52,0,8.29,3.41,-0.97,13,Single,Not Dropout
1,9,3,7,1,14.0,1,1,10,13.0,10.0,0,0,0,1,1,0,20,1,2,6,7,6,16.1,2,2,5,4,5,16.96,0,13.64,3.17,-0.84,5,Single,Not Dropout
1,1,2,12,1,5.0,1,19,6,16.0,8.0,0,0,0,1,0,0,17,0,1,7,8,4,,1,0,7,9,2,8.83,0,7.32,-1.0,-5.0,12,Single,Not Dropout
1,9,0,13,1,4.0,1,3,2,19.0,5.0,1,0,0,0,1,1,17,0,0,2,3,1,8.9,0,0,3,0,2,9.98,0,10.84,0.96,2.31,2,Single,Dropout
1,4,0,5,1,4.0,1,6,11,15.0,13.0,1,0,0,0,1,1,18,0,0,6,8,4,8.9,0,1,5,4,2,9.41,0,8.97,1.6,1.55,8,Single,Dropout
1,15,0,1,1,1.0,1,1,9,15.0,19.0,1,0,1,1,0,0,17,0,0,9,11,8,15.37,0,3,11,12,11,,0,15.27,3.16,0.06,5,Single,Not Dropout
2,2,3,2,1,11.0,1,2,9,2.0,6.0,1,0,0,1,0,0,23,0,0,5,2,4,13.18,0,1,4,8,3,15.23,0,12.49,-0.25,2.77,5,Married,Not Dropout
2,14,5,6,1,16.0,1,27,3,12.0,16.0,0,0,1,1,0,0,18,0,0,3,7,2,11.58,1,0,4,5,3,14.68,0,12.15,1.14,0.98,15,Married,Not Dropout
1,8,5,12,1,10.0,1,1,9,14.0,2.0,1,0,0,0,0,0,17,0,1,5,8,3,12.52,0,0,7,8,6,11.89,0,10.62,-0.05,0.2,5,Single,Not Dropout
1,1,1,8,1,1.0,1,19,25,8.0,2.0,0,0,0,1,0,0,17,0,0,5,5,3,8.61,0,0,5,4,2,10.89,0,13.32,0.69,2.47,22,Single,Not Dropout
1,12,0,11,1,6.0,1,10,7,19.0,18.0,1,0,0,1,0,0,17,0,0,8,11,5,9.78,0,0,8,9,5,,0,15.42,1.29,-0.91,8,Single,Not Dropout
1,8,3,8,1,15.0,1,5,26,19.0,3.0,1,0,0,1,0,0,23,0,1,11,11,5,6.9,0,0,12,12,3,7.22,0,15.51,0.01,-0.92,15,Single,Dropout
1,14,0,5,0,1.0,1,9,3,17.0,,0,0,0,0,1,0,19,0,0,7,8,3,6.84,0,0,4,8,1,6.41,1,17.0,0.65,-0.86,6,Single,Dropout
1,11,3,13,1,10.0,1,3,19,17.0,17.0,1,0,0,1,0,1,23,0,0,5,6,3,12.39,1,0,7,4,4,10.77,0,8.82,1.33,-2.37,11,Single,Not Dropout
1,14,2,13,1,8.0,1,10,4,11.0,7.0,1,0,0,1,0,0,23,0,1,4,4,2,12.09,0,1,4,6,3,9.77,0,9.89,2.45,3.87,7,Single,Not Dropout
1,8,5,17,1,15.0,1,24,12,16.0,6.0,0,0,1,1,0,0,22,0,1,8,6,6,14.0,0,0,8,8,6,14.99,0,13.48,0.08,-1.95,18,Single,Not Dropout
1,1,3,15,1,9.0,1,18,28,2.0,1.0,1,0,0,1,0,1,27,0,0,8,14,5,9.87,1,1,8,9,5,13.22,0,11.52,1.73,-0.51,23,Single,Not Dropout
3,3,4,7,1,10.0,1,24,23,5.0,14.0,0,0,0,1,0,0,17,0,0,8,10,3,9.49,0,0,6,7,4,9.78,0,12.29,1.05,0.73,23,Other,Not Dropout
1,8,2,12,1,12.0,1,21,15,13.0,7.0,1,0,0,1,1,0,27,0,0,5,6,2,9.58,0,2,6,6,1,6.58,0,7.58,2.27,1.17,18,Single,Dropout
1,7,5,6,1,14.0,1,27,19,3.0,3.0,1,0,0,1,1,0,25,0,0,9,14,1,7.74,0,0,9,8,2,6.25,0,13.6,-1.0,1.33,23,Single,Dropout
1,14,3,15,1,9.0,1,4,20,16.0,10.0,1,0,0,1,0,0,22,0,0,7,5,2,7.65,0,0,6,4,2,9.3,0,10.22,-0.16,-3.14,12,Single,Dropout
1,7,3,11,1,12.0,1,5,23,4.0,4.0,0,0,0,1,0,0,18,0,1,5,6,4,15.85,0,0,5,11,4,16.2,0,,0.19,-2.69,14,Single,Not Dropout
2,15,2,15,1,13.0,1,12,18,7.0,17.0,1,0,0,1,0,0,23,0,1,3,3,1,6.55,0,1,4,5,1,5.65,2,11.0,-0.65,0.87,15,Married,Dropout
2,4,2,5,1,9.0,1,16,15,5.0,15.0,1,0,0,1,0,0,26,0,1,5,5,2,11.81,0,1,4,3,2,12.34,0,8.63,1.37,3.3,15,Married,Not Dropout
1,7,5,1,1,12.0,1,23,3,11.0,19.0,1,0,0,1,0,1,17,0,0,5,6,2,13.84,0,0,7,9,4,11.83,1,15.91,1.15,3.2,13,Single,Not Dropout
4,13,2,3,1,6.0,1,4,28,2.0,19.0,0,0,0,1,0,0,27,0,0,4,4,2,11.56,1,0,4,7,1,9.31,0,13.07,1.67,2.45,16,Other,Dropout
1,3,0,10,1,6.0,1,4,17,16.0,16.0,1,0,0,1,1,1,33,0,0,7,4,2,12.94,0,0,7,8,3,9.51,0,11.45,1.38,-0.36,10,Single,Not Dropout
1,6,2,17,0,1.0,1,24,9,17.0,10.0,0,0,0,1,0,0,23,0,1,5,4,2,12.78,1,2,6,5,3,10.64,0,8.89,3.93,-0.88,16,Single,Not Dropout
1,13,2,11,1,11.0,1,16,4,15.0,4.0,1,0,0,1,1,0,31,0,0,5,4,1,7.49,0,0,4,7,1,5.71,0,13.43,2.21,-2.43,10,Single,Dropout
3,11,2,14,1,5.0,1,12,18,4.0,1.0,1,0,0,1,0,0,26,0,2,5,5,3,8.55,0,0,4,3,1,10.18,0,12.71,1.99,1.17,15,Other,Not Dropout
1,14,0,8,1,14.0,1,7,23,6.0,2.0,1,0,0,1,1,0,25,1,0,4,3,2,11.77,0,0,3,2,1,13.3,2,9.12,0.96,1.86,15,Single,Not Dropout
1,9,0,17,1,16.0,1,21,24,5.0,5.0,1,0,0,1,1,0,19,0,0,5,6,1,9.77,0,0,5,4,2,10.63,0,12.69,3.5,0.57,22,Single,Not Dropout
1,15,1,16,1,15.0,1,24,26,12.0,17.0,1,0,0,0,0,0,21,1,0,5,6,2,6.35,0,0,5,4,2,8.72,0,11.21,0.8,2.34,25,Single,Dropout
6,15,2,4,1,5.0,1,1,26,17.0,5.0,1,0,0,1,0,0,17,0,0,6,3,4,10.05,0,0,6,8,4,12.2,0,12.59,2.02,1.5,13,Other,Not Dropout
2,17,0,15,1,11.0,1,2,19,17.0,2.0,0,0,0,1,0,0,29,0,0,7,6,4,,0,1,8,8,3,10.98,0,12.86,0.76,0.98,10,Married,Not Dropout
1,3,2,1,1,13.0,1,23,28,19.0,18.0,1,0,0,1,0,1,19,0,0,9,10,6,12.62,0,1,10,16,7,10.97,0,9.77,1.53,0.01,25,Single,Not Dropout
2,11,1,11,1,9.0,1,26,3,14.0,9.0,1,0,0,1,1,1,34,0,0,8,9,6,10.32,1,0,8,10,5,14.27,0,12.68,1.91,-3.44,14,Married,Not Dropout
2,2,0,8,1,9.0,1,7,12,5.0,8.0,1,0,0,1,0,0,26,0,2,3,0,2,8.81,0,0,5,6,3,10.89,0,15.28,2.48,0.05,9,Married,Not Dropout
1,4,1,6,1,8.0,1,21,15,8.0,6.0,1,0,0,1,1,0,25,0,0,8,11,5,14.9,0,0,7,8,4,13.21,1,13.29,-0.27,-2.76,18,Single,Not Dropout
1,6,1,16,1,5.0,1,25,21,6.0,19.0,1,0,0,0,0,0,17,0,0,8,10,6,16.16,1,0,9,9,7,14.62,0,11.53,1.42,0.01,23,Single,Not Dropout
1,11,0,12,1,10.0,1,4,9,2.0,7.0,1,0,0,1,0,0,27,0,0,8,14,3,7.22,0,1,9,12,1,8.38,1,11.65,-0.15,-5.0,6,Single,Dropout
1,8,4,3,1,16.0,1,6,9,16.0,17.0,1,0,0,1,1,0,22,0,0,5,10,2,6.69,0,0,7,6,4,8.41,0,15.5,0.71,-0.49,7,Single,Not Dropout
1,15,0,3,1,4.0,1,4,27,11.0,19.0,1,0,1,1,0,1,20,0,0,9,8,3,4.92,0,0,9,9,0,1.24,0,15.37,1.34,1.22,15,Single,Dropout
1,6,3,2,1,1.0,1,23,19,19.0,9.0,1,0,1,1,0,0,19,0,0,5,6,3,9.05,0,0,5,8,1,9.69,0,8.73,1.6,-3.28,21,Single,Dropout
1,11,3,6,1,1.0,1,23,19,16.0,14.0,1,0,0,1,1,0,17,0,0,8,9,8,14.95,0,0,8,12,5,14.82,1,12.81,1.15,1.14,21,Single,Not Dropout
1,13,4,2,1,10.0,1,4,6,13.0,1.0,1,0,0,1,0,0,23,0,0,8,12,3,8.51,1,0,8,13,3,6.33,0,10.82,-0.13,-1.78,5,Single,Dropout
3,17,3,5,1,5.0,1,6,15,1.0,15.0,1,0,0,1,0,0,22,0,0,7,7,5,13.7,0,1,6,6,4,9.56,0,8.26,2.3,0.67,10,Other,Not Dropout
1,5,3,14,1,8.0,1,20,13,9.0,19.0,1,0,0,0,1,0,17,0,1,3,7,1,9.44,2,0,3,5,2,14.39,0,13.66,-1.0,-0.38,16,Single,Not Dropout
1,13,4,15,1,16.0,1,27,18,10.0,4.0,1,0,0,1,0,1,26,0,0,7,9,2,10.38,1,0,9,6,3,10.17,0,12.95,1.64,-0.41,22,Single,Dropout
2,2,5,14,1,2.0,1,23,27,13.0,1.0,1,0,0,1,0,1,36,0,0,8,7,4,8.91,0,0,6,10,2,6.29,0,9.96,1.37,2.58,25,Married,Not Dropout
1,10,1,9,1,3.0,1,5,9,11.0,1.0,0,0,0,1,0,0,17,0,0,6,5,5,12.97,0,1,3,4,3,16.95,0,10.83,1.29,1.48,7,Single,Not Dropout
1,8,4,12,1,4.0,1,12,24,15.0,17.0,1,0,0,0,1,0,22,0,0,6,9,3,13.98,0,1,4,6,3,15.07,0,14.55,3.09,-3.92,18,Single,Not Dropout
1,17,2,17,1,8.0,1,2,19,1.0,5.0,1,0,0,1,0,0,33,0,0,6,9,5,17.25,1,1,5,7,5,20.0,0,10.45,1.5,-1.77,10,Single,Not Dropout
2,14,0,1,1,,1,8,15,3.0,8.0,0,0,0,1,0,1,18,0,1,5,8,0,3.9,0,1,4,6,0,1.08,0,9.94,3.69,-1.09,11,Married,Dropout
1,16,3,16,1,3.0,1,17,28,19.0,7.0,1,0,0,1,0,1,26,0,1,6,2,4,13.4,1,0,5,5,3,9.65,0,8.56,3.26,2.84,22,Single,Not Dropout
1,15,5,13,1,2.0,1,10,5,9.0,6.0,1,0,0,1,0,1,25,0,0,8,9,0,3.95,0,0,7,7,0,1.72,0,12.98,0.38,-0.89,7,Single,Dropout
1,7,0,7,1,2.0,1,18,20,16.0,4.0,0,0,0,1,0,0,27,0,0,5,9,2,9.33,0,0,6,9,2,8.16,0,7.73,1.24,-2.3,19,Single,Not Dropout
5,13,0,8,0,13.0,1,9,12,17.0,8.0,1,0,0,1,0,0,34,0,0,7,5,3,9.36,0,0,6,6,3,11.71,0,7.73,0.6,-0.72,10,Other,Not Dropout
1,1,5,8,1,1.0,1,17,20,3.0,18.0,0,0,0,1,0,1,17,0,0,1,3,0,6.54,0,1,0,0,0,2.83,0,10.88,3.02,-1.14,18,Single,Dropout
1,10,3,3,1,11.0,1,19,5,14.0,7.0,1,1,0,1,1,1,24,0,0,5,5,3,9.79,1,0,3,4,1,8.17,0,9.87,1.97,-1.21,12,Single,Not Dropout
1,1,1,4,1,10.0,1,6,22,4.0,16.0,1,0,0,1,0,0,20,0,0,8,7,4,11.93,0,0,9,10,5,8.08,0,7.95,-0.31,0.09,14,Single,Not Dropout
1,13,4,6,1,2.0,1,2,2,3.0,14.0,1,0,0,0,1,0,23,0,0,8,8,6,12.96,2,0,10,10,7,11.15,0,8.63,2.43,1.55,2,Single,Not Dropout
1,17,2,1,1,9.0,1,10,11,5.0,16.0,0,0,0,1,0,1,23,0,2,4,8,0,5.69,0,0,4,5,2,6.29,1,,1.36,1.19,10,Single,Dropout
1,12,1,9,1,5.0,1,2,27,15.0,11.0,1,0,1,1,1,0,21,0,1,7,10,3,7.64,1,1,7,9,3,8.82,0,11.9,2.46,3.26,14,Single,Dropout
1,15,1,9,1,9.0,1,5,19,2.0,8.0,0,0,0,1,0,1,17,0,1,8,9,7,13.01,0,0,9,8,5,12.47,0,8.09,-0.58,0.97,12,Single,Not Dropout
1,4,3,6,1,3.0,1,9,15,13.0,5.0,0,0,0,1,1,0,17,0,0,5,10,3,14.85,0,0,6,5,5,13.02,0,8.26,1.08,1.2,12,Single,Not Dropout
1,17,0,3,1,11.0,1,10,10,8.0,6.0,0,0,0,0,0,1,36,0,0,3,0,3,,0,0,2,4,2,19.15,0,11.09,1.79,0.46,10,Single,Not Dropout
1,10,2,17,1,13.0,1,9,3,,11.0,1,0,0,1,0,1,17,0,1,4,4,2,12.3,0,0,4,6,2,13.29,0,10.89,0.43,-1.28,6,Single,Not Dropout
1,12,1,12,0,1.0,1,2,4,5.0,8.0,0,0,0,1,0,0,30,0,1,3,7,1,10.22,0,2,4,4,3,13.98,0,11.75,1.88,-1.11,3,Single,Not Dropout
2,14,0,9,1,9.0,1,6,21,7.0,8.0,0,0,0,1,1,0,17,0,1,8,9,5,9.09,0,0,7,7,2,8.82,0,16.53,0.49,-2.21,13,Married,Not Dropout
1,11,4,13,1,11.0,1,26,8,7.0,8.0,0,0,0,1,0,1,24,0,0,6,7,4,16.33,0,1,6,9,5,13.19,0,,1.48,-3.69,17,Single,Not Dropout
1,6,0,7,1,1.0,1,21,3,6.0,18.0,0,0,0,1,0,0,35,0,0,6,7,3,3.87,0,0,7,6,1,7.76,0,7.0,2.34,1.16,12,Single,Dropout
1,11,5,4,1,12.0,1,13,13,10.0,13.0,0,0,0,1,0,0,28,0,0,5,5,3,12.21,0,0,8,7,4,10.62,0,13.75,1.71,0.56,13,Single,Not Dropout
1,12,0,12,1,9.0,16,1,12,19.0,17.0,0,0,0,1,0,0,17,0,0,8,11,5,12.1,0,0,9,8,4,10.24,0,8.13,-0.77,-2.5,6,Single,Not Dropout
3,15,2,14,1,5.0,1,11,28,9.0,18.0,1,0,0,1,0,0,21,0,0,6,5,3,12.38,1,0,4,0,3,11.15,0,13.34,3.22,0.65,19,Other,Not Dropout
1,9,0,12,1,8.0,1,27,7,4.0,12.0,1,0,1,1,1,1,23,0,2,7,13,5,10.42,0,1,6,11,5,14.49,0,9.06,2.4,0.59,17,Single,Not Dropout
1,9,2,10,1,11.0,1,24,8,12.0,2.0,0,0,0,1,1,0,29,0,0,5,3,2,11.54,0,0,6,4,2,13.5,0,11.56,1.66,1.44,16,Single,Not Dropout
1,9,3,1,1,11.0,1,22,5,,19.0,0,0,0,0,0,1,23,0,0,4,8,3,,0,1,3,6,2,15.86,0,10.52,3.82,-0.81,13,Single,Not Dropout
1,2,0,11,1,13.0,1,8,6,12.0,10.0,0,0,0,1,0,0,22,0,0,8,11,0,5.76,1,0,9,11,1,4.57,0,10.23,1.14,-1.48,7,Single,Dropout
4,2,3,11,1,1.0,1,12,16,11.0,8.0,1,0,0,1,0,0,33,0,0,6,6,4,10.71,1,0,8,10,4,11.63,1,7.0,2.31,-1.36,14,Other,Not Dropout
1,1,4,8,0,13.0,1,1,7,13.0,8.0,1,0,1,1,0,0,32,0,0,7,9,3,,0,0,8,12,2,4.87,0,9.99,-1.0,1.67,4,Single,Dropout
3,12,2,5,1,1.0,1,25,21,17.0,2.0,0,0,0,1,0,1,27,0,0,7,10,2,11.16,0,0,9,11,3,10.82,0,8.45,3.33,1.84,23,Other,Not Dropout
1,8,0,17,0,11.0,1,4,24,2.0,13.0,1,0,0,1,0,1,19,0,0,8,10,8,20.0,0,0,7,8,7,20.0,1,12.32,2.26,-1.79,14,Single,Not Dropout
1,15,4,7,0,6.0,1,18,15,,1.0,0,0,1,1,0,0,17,0,0,8,5,4,12.45,0,0,6,10,3,11.14,0,16.78,3.39,0.04,16,Single,Not Dropout
1,12,1,5,1,2.0,1,9,7,17.0,14.0,0,0,0,1,0,1,17,0,2,4,6,1,8.74,1,0,3,0,1,7.61,1,,0.38,-0.79,8,Single,Not Dropout
1,3,0,13,1,12.0,1,17,24,19.0,16.0,1,0,1,1,1,0,17,0,1,6,4,3,14.08,0,0,6,10,3,12.68,0,15.89,4.0,-1.18,20,Single,Not Dropout
1,2,2,9,1,9.0,1,24,29,10.0,9.0,1,0,0,1,1,0,23,0,1,4,7,3,8.7,0,0,3,4,1,9.09,1,7.0,2.32,0.85,26,Single,Not Dropout
1,7,1,10,1,11.0,1,10,27,,8.0,1,0,0,1,1,1,29,0,0,7,10,3,8.97,0,2,6,7,1,6.94,1,11.95,2.42,0.3,18,Single,Dropout
4,16,0,12,1,7.0,1,1,27,2.0,13.0,0,0,0,1,1,0,35,0,1,6,4,1,,1,2,6,7,1,3.34,0,,0.01,-5.0,14,Other,Dropout
1,1,4,7,1,5.0,1,20,24,8.0,17.0,1,0,0,1,0,0,31,0,0,6,3,2,10.01,1,0,5,7,3,11.75,1,9.55,1.96,0.45,22,Single,Not Dropout
3,4,3,3,1,10.0,1,16,22,17.0,2.0,0,0,0,1,0,0,19,0,0,6,6,3,12.87,1,0,7,7,5,12.14,1,7.0,1.68,3.06,19,Other,Not Dropout
2,1,5,3,1,4.0,1,5,28,6.0,9.0,0,0,0,0,0,1,25,0,1,6,7,4,11.47,0,1,6,5,3,8.02,0,12.61,1.41,0.05,16,Married,Not Dropout
1,8,2,16,1,13.0,1,2,10,15.0,7.0,1,0,0,1,0,0,25,1,1,11,12,8,13.39,1,0,10,11,7,11.91,0,13.65,1.87,2.96,6,Single,Not Dropout
2,17,2,9,0,11.0,1,16,27,,,1,0,0,1,1,0,17,0,1,3,5,2,14.59,0,0,4,6,3,13.78,0,11.69,-0.97,0.62,21,Married,Not Dropout
1,12,5,8,1,16.0,1,18,1,12.0,1.0,1,0,0,1,1,0,18,0,0,6,7,4,14.31,0,0,9,10,8,12.68,0,7.35,2.59,4.0,9,Single,Not Dropout
1,9,0,6,1,1.0,1,4,25,13.0,11.0,1,0,0,1,1,0,20,0,1,4,5,3,8.65,0,0,5,7,2,11.05,0,8.96,0.07,4.0,14,Single,Not Dropout
2,3,2,13,1,10.0,1,18,10,17.0,15.0,1,0,0,0,0,0,36,0,1,7,6,4,13.49,1,0,6,8,3,8.8,0,10.24,1.2,4.0,14,Married,Not Dropout
2,7,4,16,0,9.0,1,13,9,7.0,12.0,1,0,0,1,0,0,25,0,0,4,3,3,13.41,1,0,2,4,2,14.98,1,14.42,0.89,1.43,11,Married,Not Dropout
1,9,1,14,0,14.0,1,4,20,15.0,5.0,0,0,0,1,1,1,17,0,0,6,8,4,17.54,0,0,6,8,3,16.43,1,8.14,1.22,0.51,12,Single,Not Dropout
1,5,5,10,1,7.0,1,18,6,9.0,9.0,0,0,1,1,1,0,20,0,0,5,7,3,13.11,0,0,4,6,3,11.3,0,13.18,-0.69,-2.61,12,Single,Not Dropout
1,12,1,9,1,15.0,1,19,29,8.0,19.0,0,0,0,1,0,0,26,0,1,8,8,4,7.12,1,0,9,11,4,8.1,1,,-0.87,-2.86,24,Single,Not Dropout
2,17,2,15,1,4.0,1,5,22,2.0,16.0,0,0,0,1,1,0,21,0,1,4,3,3,16.41,1,0,6,3,5,13.53,0,11.21,0.71,2.93,13,Married,Not Dropout
1,4,5,15,1,14.0,1,20,1,2.0,3.0,0,0,0,1,1,1,21,0,1,4,8,3,14.69,0,0,3,3,2,17.91,1,12.11,-1.0,-1.79,10,Single,Not Dropout
1,5,1,7,0,9.0,1,7,25,15.0,13.0,0,1,0,1,0,1,27,0,0,4,8,3,10.64,0,0,3,3,2,13.99,0,10.9,-0.2,3.22,16,Single,Not Dropout
1,3,5,17,1,16.0,1,18,4,2.0,12.0,1,0,0,1,0,1,31,0,0,7,10,7,20.0,0,0,8,11,8,20.0,0,7.99,1.98,-1.56,11,Single,Not Dropout
1,13,0,15,1,4.0,1,24,24,3.0,7.0,0,0,0,1,0,0,30,0,0,7,9,5,17.78,1,1,6,6,3,12.58,1,11.6,0.72,-4.34,24,Single,Not Dropout
1,8,1,15,1,5.0,1,28,24,4.0,7.0,0,0,0,1,0,0,21,0,2,6,5,5,15.52,0,0,4,7,3,16.33,0,9.11,0.84,-1.8,26,Single,Not Dropout
2,5,3,1,1,10.0,1,8,19,7.0,14.0,0,0,0,1,0,0,22,1,0,7,11,5,14.09,0,0,8,12,6,12.98,1,13.87,3.25,-2.96,13,Married,Not Dropout
1,4,3,3,1,9.0,1,10,18,4.0,18.0,1,0,0,1,0,0,21,0,0,2,4,1,11.33,0,1,0,5,0,13.28,0,13.83,-1.0,3.05,14,Single,Not Dropout
1,2,5,6,1,3.0,1,3,25,12.0,7.0,0,0,1,1,0,0,29,0,0,6,5,1,8.23,1,0,6,8,2,8.38,1,11.54,0.53,-0.57,14,Single,Dropout
1,9,5,13,1,11.0,1,29,25,16.0,18.0,1,0,0,0,0,0,21,0,0,6,8,3,8.05,1,1,6,6,3,11.05,1,10.25,1.41,-0.64,27,Single,Dropout
1,12,4,2,1,,1,10,21,11.0,16.0,1,0,0,1,0,0,17,0,1,7,7,4,8.57,1,1,6,8,3,10.18,0,12.93,1.78,-1.1,15,Single,Not Dropout
2,4,3,2,1,3.0,1,24,5,13.0,1.0,1,0,0,1,0,0,26,0,0,6,9,2,6.83,0,0,7,10,1,5.51,0,9.61,-0.71,-0.05,14,Married,Dropout
1,1,1,1,1,9.0,1,28,20,17.0,6.0,1,0,0,0,0,0,26,0,1,7,10,5,10.09,0,1,5,3,3,12.69,0,7.0,1.69,0.6,24,Single,Dropout
1,9,4,4,1,12.0,14,14,6,17.0,9.0,1,0,0,1,1,0,21,0,1,7,9,5,9.09,0,0,7,10,3,13.66,1,8.86,0.62,-1.18,10,Single,Not Dropout
1,12,3,16,1,1.0,1,21,2,13.0,13.0,1,0,0,1,0,0,34,0,2,10,9,9,16.37,1,1,9,9,7,12.9,0,10.29,3.13,-3.42,11,Single,Not Dropout
1,6,0,13,1,15.0,1,14,5,2.0,5.0,1,0,1,1,0,1,20,0,2,8,10,1,7.32,1,0,8,9,2,6.8,0,8.45,2.4,-3.3,9,Single,Dropout
2,5,4,13,1,10.0,1,17,14,15.0,8.0,0,0,0,1,0,0,32,0,0,4,6,3,15.01,0,0,3,2,3,12.8,0,14.78,0.83,-1.99,15,Married,Not Dropout
1,3,2,5,1,5.0,1,8,28,15.0,2.0,0,0,0,1,1,1,17,0,0,8,8,4,12.66,0,0,8,11,3,12.52,0,7.45,1.16,-3.13,18,Single,Not Dropout
1,13,2,11,1,13.0,1,25,1,6.0,2.0,0,0,0,1,0,0,25,0,0,6,6,4,8.58,1,1,7,4,4,12.58,0,12.34,1.6,2.71,13,Single,Not Dropout
3,15,2,14,1,14.0,1,4,3,4.0,9.0,0,0,0,0,0,1,18,0,1,5,10,3,11.43,0,0,5,6,4,,1,11.51,1.45,-0.97,3,Other,Not Dropout
1,14,4,10,1,16.0,1,20,3,3.0,12.0,0,0,0,1,0,0,23,0,1,4,8,4,19.03,0,0,4,4,4,17.12,0,8.46,1.13,-3.64,11,Single,Not Dropout
1,9,1,15,1,13.0,1,27,6,6.0,9.0,1,0,0,1,0,0,28,0,1,6,6,2,7.13,0,0,5,8,2,5.97,0,11.39,0.88,0.88,16,Single,Dropout
1,13,2,10,1,4.0,1,24,16,15.0,8.0,1,0,0,1,0,0,20,0,0,7,4,5,9.23,0,0,7,7,3,7.25,2,8.53,3.94,-1.59,20,Single,Not Dropout
1,7,0,6,1,3.0,1,23,24,,10.0,1,0,0,1,0,1,19,0,1,8,12,5,10.84,0,0,9,12,6,12.56,0,11.6,2.41,2.09,23,Single,Not Dropout
1,1,2,11,0,4.0,1,20,2,3.0,,1,0,0,1,1,0,22,0,1,4,9,3,12.91,1,0,4,4,4,11.01,0,11.52,1.63,-1.45,11,Single,Not Dropout
1,7,0,17,1,15.0,1,28,24,,14.0,0,0,0,1,1,1,46,0,0,6,10,3,11.49,0,0,8,10,5,9.35,0,7.0,2.05,-0.87,26,Single,Not Dropout
1,12,3,15,0,5.0,1,26,27,16.0,,1,0,0,1,0,1,24,0,0,5,5,4,8.07,2,0,5,7,3,9.45,0,7.0,0.19,4.0,26,Single,Not Dropout
1,12,5,9,1,6.0,1,8,3,2.0,2.0,0,0,0,1,0,0,24,0,0,5,7,3,11.13,0,3,7,9,4,14.18,0,15.23,0.9,0.2,5,Single,Not Dropout
1,17,2,11,1,15.0,1,19,14,18.0,1.0,1,0,0,1,0,0,26,1,0,4,3,3,13.93,0,0,2,4,1,,1,12.42,-0.37,0.04,16,Single,Not Dropout
1,17,5,17,1,4.0,1,13,24,1.0,7.0,1,0,0,0,0,0,17,0,1,4,7,2,11.6,0,0,3,1,1,11.61,0,9.8,1.15,0.26,18,Single,Dropout
1,5,5,13,1,7.0,1,8,21,6.0,4.0,1,0,0,1,1,0,29,0,0,6,6,5,20.0,0,0,5,5,5,17.27,0,10.52,-0.22,-1.34,14,Single,Not Dropout
1,1,0,9,1,5.0,1,24,6,1.0,11.0,1,0,0,1,0,0,27,0,1,7,7,4,12.46,2,0,7,7,5,12.7,0,,0.75,4.0,15,Single,Not Dropout
1,5,3,5,1,5.0,1,2,5,15.0,14.0,0,0,0,1,1,0,17,0,0,6,7,3,7.39,1,1,7,9,4,10.68,1,13.88,0.87,-1.87,3,Single,Not Dropout
2,15,3,16,1,10.0,1,4,13,9.0,5.0,0,0,0,1,1,0,37,0,1,4,4,4,17.32,0,0,7,10,7,12.88,0,10.27,0.35,2.65,8,Married,Not Dropout
2,14,2,17,1,12.0,1,4,25,,9.0,1,0,0,1,0,0,23,0,1,6,8,1,6.19,0,0,6,8,2,4.54,0,7.61,2.38,-0.76,14,Married,Dropout
1,2,4,2,1,5.0,1,6,28,11.0,5.0,0,0,0,0,0,0,17,0,1,4,3,2,6.18,1,0,5,5,2,6.54,0,10.13,4.0,-0.96,17,Single,Dropout
1,3,2,1,1,1.0,6,15,14,6.0,9.0,1,0,0,1,1,1,25,0,2,8,14,4,11.71,0,1,7,8,3,9.73,1,,-0.91,-1.28,14,Single,Not Dropout
1,10,0,2,1,11.0,1,28,16,15.0,8.0,1,0,0,1,0,1,18,0,0,9,11,1,7.75,0,0,9,11,4,6.21,0,10.88,2.3,-4.27,22,Single,Not Dropout
1,12,3,7,1,9.0,1,29,17,,1.0,1,0,0,1,0,0,17,0,1,6,6,4,12.22,0,1,7,8,6,13.27,1,14.95,1.08,-0.86,23,Single,Not Dropout
1,17,1,3,1,11.0,9,27,15,16.0,13.0,1,0,0,1,0,1,21,0,0,7,6,3,13.98,0,0,5,5,4,14.15,0,7.73,-0.4,1.73,21,Single,Not Dropout
1,13,2,15,1,8.0,1,23,19,13.0,,0,0,0,1,1,0,22,0,1,5,5,5,15.33,0,0,4,3,4,17.74,0,8.48,0.13,-0.09,21,Single,Not Dropout
1,4,3,16,1,13.0,1,14,8,13.0,15.0,0,0,1,1,0,0,17,0,0,7,8,2,6.87,0,0,7,6,3,10.42,0,13.04,1.39,-2.42,11,Single,Not Dropout
1,1,4,4,1,10.0,1,23,16,19.0,13.0,1,0,0,0,1,0,18,0,2,6,6,4,12.58,0,0,6,5,4,18.37,0,9.08,1.28,1.29,19,Single,Not Dropout
1,11,1,15,1,13.0,1,8,18,10.0,4.0,0,0,1,1,1,0,17,0,0,8,8,6,16.19,0,0,8,9,8,15.46,0,14.22,1.68,-0.24,13,Single,Not Dropout
1,10,2,3,0,12.0,1,20,17,6.0,17.0,0,0,0,1,1,1,21,0,0,5,4,3,11.49,0,0,3,3,2,13.5,0,13.95,0.05,-0.58,18,Single,Not Dropout
2,16,0,14,1,8.0,1,1,29,,1.0,1,0,0,1,1,0,27,0,1,6,9,5,13.17,0,1,6,8,6,13.42,1,13.21,-1.0,-3.36,15,Married,Not Dropout
1,10,2,7,1,6.0,1,27,22,14.0,11.0,1,0,0,1,1,0,24,0,0,4,8,2,11.59,0,0,4,1,2,9.2,0,14.54,1.34,-1.33,24,Single,Not Dropout
3,9,3,1,1,10.0,1,29,22,10.0,,1,0,0,1,1,0,23,0,0,7,6,5,14.91,0,1,7,6,6,14.68,0,13.77,2.67,-0.26,25,Other,Not Dropout
1,6,3,8,1,11.0,1,22,24,7.0,,1,0,0,0,0,0,17,0,0,5,6,2,7.17,0,1,6,7,2,7.04,1,9.78,-0.46,-0.3,23,Single,Dropout
2,2,1,14,1,10.0,1,6,16,,11.0,1,0,0,1,1,0,23,0,0,6,3,1,6.44,0,0,6,7,0,7.52,0,17.0,2.19,1.77,11,Married,Dropout
3,15,0,16,1,9.0,1,8,9,5.0,9.0,1,0,0,1,1,0,17,0,0,5,5,2,9.47,0,0,4,5,2,12.54,0,7.95,1.45,-4.08,8,Other,Not Dropout
5,15,3,3,1,6.0,1,22,16,2.0,2.0,1,0,0,1,0,1,17,0,1,6,11,2,13.7,0,1,6,9,4,11.71,0,11.39,3.11,-1.87,19,Other,Not Dropout
2,3,3,15,0,3.0,1,15,27,13.0,13.0,0,0,0,1,0,1,28,0,0,7,10,5,,0,1,5,9,3,12.44,0,10.69,1.87,-0.72,21,Married,Not Dropout
1,12,0,5,1,7.0,1,16,26,2.0,19.0,1,0,0,1,0,1,17,0,1,7,9,5,13.78,0,0,7,9,5,12.64,0,15.56,3.76,0.92,21,Single,Not Dropout
1,7,3,8,1,15.0,1,12,11,15.0,16.0,0,0,0,1,1,1,24,0,2,8,7,4,5.94,0,1,9,10,3,9.16,0,13.09,2.85,0.11,11,Single,Not Dropout
1,8,0,2,1,12.0,1,25,15,17.0,2.0,1,0,0,0,0,1,20,0,0,5,5,2,9.03,0,0,5,7,2,10.44,1,13.32,-1.0,-0.44,20,Single,Dropout
1,15,2,17,1,13.0,1,5,8,14.0,5.0,1,0,0,1,0,0,17,0,0,6,6,5,17.68,0,2,7,8,5,18.12,1,13.08,0.41,2.1,6,Single,Not Dropout
1,15,3,14,0,12.0,1,13,1,5.0,16.0,0,0,0,1,1,0,30,0,1,8,11,4,7.98,0,0,6,9,2,13.52,0,9.48,-1.0,4.0,7,Single,Not Dropout
1,4,4,11,1,15.0,1,7,10,18.0,14.0,1,0,0,1,0,1,19,0,0,5,9,3,8.15,0,0,8,9,4,8.99,0,9.46,3.01,-0.42,8,Single,Not Dropout
2,6,4,13,1,4.0,1,21,3,2.0,7.0,0,0,0,1,0,0,20,0,1,8,9,6,10.83,0,0,7,8,5,11.87,0,16.43,0.87,3.04,12,Married,Not Dropout
1,14,4,15,0,12.0,1,9,11,3.0,5.0,1,0,1,1,0,0,19,0,1,9,12,3,,0,1,6,8,2,8.24,1,15.34,1.71,3.77,10,Single,Dropout
1,16,1,3,1,2.0,13,9,2,6.0,,1,0,0,1,1,1,24,0,1,4,4,2,10.67,0,0,2,2,1,7.25,0,11.12,-1.0,-1.29,5,Single,Not Dropout
1,2,5,5,1,4.0,1,6,10,11.0,1.0,0,0,0,1,1,1,22,0,1,11,13,8,12.36,0,0,12,16,10,15.15,0,9.56,-1.0,0.37,8,Single,Not Dropout
1,15,2,1,1,1.0,1,26,21,14.0,2.0,0,0,0,1,0,0,19,0,0,6,9,2,5.91,0,0,7,5,2,6.62,0,12.15,0.55,-4.1,23,Single,Dropout
1,9,2,9,1,7.0,1,7,25,6.0,2.0,0,0,0,1,0,1,17,0,0,3,7,1,3.33,1,0,1,0,0,4.45,0,14.91,1.02,-0.71,16,Single,Dropout
1,11,4,9,1,3.0,1,26,26,18.0,16.0,0,0,0,1,0,1,23,0,0,4,3,2,7.25,1,0,5,8,4,13.4,0,12.61,0.0,1.31,26,Single,Not Dropout
1,2,1,1,1,7.0,1,27,17,16.0,1.0,1,1,0,1,1,0,19,0,0,6,10,4,10.69,0,0,8,12,5,14.02,1,10.22,0.94,-0.72,22,Single,Not Dropout
1,12,0,12,1,3.0,1,28,16,5.0,11.0,0,0,0,1,1,0,33,0,2,5,11,5,14.38,0,1,3,8,2,16.57,0,11.52,1.39,0.33,22,Single,Not Dropout
1,12,4,1,0,1.0,1,10,29,2.0,6.0,0,0,0,1,0,0,20,0,0,5,3,4,12.08,0,0,6,6,4,13.59,0,11.72,1.76,1.05,19,Single,Not Dropout
1,12,3,14,1,,1,19,17,14.0,15.0,0,0,0,1,0,1,25,0,0,4,2,2,13.61,1,0,4,5,2,14.03,0,15.7,0.76,0.6,18,Single,Not Dropout
1,14,3,12,1,7.0,1,24,3,4.0,3.0,1,0,0,1,0,0,22,0,1,4,8,1,8.1,0,0,5,7,2,7.33,1,8.99,2.37,0.53,13,Single,Dropout
1,17,0,14,0,7.0,1,3,28,6.0,,0,0,0,1,1,1,21,0,1,9,9,5,10.54,0,0,10,12,5,14.4,2,11.85,2.25,0.58,15,Single,Not Dropout
1,15,3,3,1,6.0,1,2,18,15.0,2.0,0,0,0,1,0,0,28,0,0,7,8,2,7.25,0,0,8,11,2,9.43,1,13.53,3.36,0.78,10,Single,Dropout
1,13,1,15,1,7.0,1,7,20,4.0,17.0,1,0,0,0,0,1,26,0,0,8,12,6,12.61,1,0,8,10,6,15.44,1,8.81,3.44,0.38,13,Single,Not Dropout
4,17,3,10,1,1.0,1,29,3,7.0,3.0,1,0,0,1,0,1,26,0,0,5,4,2,10.65,2,0,4,10,1,9.12,2,10.12,0.67,-1.44,16,Other,Not Dropout
3,12,3,15,1,8.0,1,3,14,18.0,1.0,0,0,0,0,0,0,26,0,2,5,7,3,10.43,0,2,6,9,3,8.64,0,13.76,-0.49,-2.44,8,Other,Not Dropout
1,12,4,12,1,14.0,1,23,14,13.0,1.0,0,0,0,1,0,1,17,0,2,4,2,2,13.83,0,0,5,8,3,13.59,1,12.38,0.78,0.04,18,Single,Not Dropout
1,10,5,12,1,3.0,1,25,24,12.0,15.0,1,0,1,1,0,1,26,0,0,5,8,2,10.89,1,0,6,5,2,11.45,0,13.21,1.82,-1.37,24,Single,Not Dropout
1,14,1,1,1,3.0,1,27,12,19.0,7.0,0,0,0,1,0,0,22,0,0,8,11,4,8.12,0,1,8,11,3,7.62,0,14.8,0.84,2.99,19,Single,Not Dropout
2,2,0,12,1,13.0,1,16,10,15.0,8.0,1,0,0,1,1,1,20,0,0,5,7,1,7.99,0,0,6,9,2,9.57,0,11.23,0.89,-3.52,13,Married,Dropout
1,9,3,8,1,9.0,1,16,20,9.0,16.0,1,0,0,0,0,0,44,0,1,6,7,6,17.84,0,0,4,7,4,,0,16.25,1.34,-1.05,18,Single,Not Dropout
2,8,5,15,1,5.0,1,22,1,13.0,5.0,0,0,0,1,1,0,17,0,2,5,6,2,10.05,0,1,6,4,3,10.95,2,15.57,0.62,1.51,11,Married,Not Dropout
1,16,0,12,1,13.0,1,19,22,11.0,11.0,1,0,0,0,1,1,22,0,0,8,9,3,9.42,0,0,8,8,2,9.7,0,11.24,0.22,-2.89,20,Single,Not Dropout
1,2,2,2,1,,1,23,1,7.0,6.0,1,0,1,1,1,1,22,0,0,5,6,4,14.83,2,0,6,6,4,12.73,0,,-0.19,-1.58,12,Single,Not Dropout
1,11,2,16,1,10.0,1,11,7,19.0,2.0,0,0,0,0,0,0,23,0,0,9,12,6,12.07,0,0,9,10,4,10.78,1,12.24,2.51,-0.76,9,Single,Not Dropout
1,4,1,2,1,9.0,1,28,15,12.0,19.0,1,0,0,1,0,0,17,1,0,6,4,1,3.51,0,1,7,7,0,4.01,0,7.44,0.98,3.73,21,Single,Dropout
1,16,3,6,1,3.0,1,13,6,15.0,8.0,1,0,0,1,0,0,24,0,0,11,16,10,16.0,0,0,12,19,10,20.0,0,15.6,1.95,-0.93,9,Single,Not Dropout
1,15,1,4,1,13.0,1,8,2,8.0,17.0,1,0,0,0,1,0,17,0,0,8,10,5,6.93,0,0,8,8,4,8.5,2,8.99,1.18,0.93,5,Single,Dropout
2,5,2,17,1,10.0,1,22,13,4.0,9.0,1,0,0,1,1,0,25,0,1,6,12,2,8.61,1,2,5,6,1,7.63,0,13.79,0.22,-0.4,17,Married,Dropout
1,15,5,3,0,4.0,1,19,21,3.0,17.0,1,0,1,1,1,0,24,0,0,6,8,3,11.46,1,0,7,9,4,11.37,0,11.36,0.62,-0.91,20,Single,Not Dropout
1,9,2,15,1,13.0,3,2,8,16.0,4.0,1,0,0,1,1,0,22,0,1,9,10,5,7.66,1,0,9,10,5,10.12,0,8.41,-0.97,2.77,5,Single,Not Dropout
1,17,0,4,1,10.0,1,5,8,10.0,,0,0,0,1,1,0,23,0,0,7,9,3,10.99,0,0,7,12,1,7.81,1,14.31,1.57,-2.3,6,Single,Not Dropout
1,13,5,12,1,14.0,1,2,20,10.0,8.0,0,0,0,1,1,1,33,0,0,7,6,3,,0,1,8,10,6,7.62,0,13.22,3.65,0.13,11,Single,Not Dropout
1,1,1,2,1,14.0,1,17,28,3.0,19.0,0,0,0,1,0,0,26,0,0,10,9,2,,2,1,11,12,2,2.73,1,9.64,1.53,0.35,22,Single,Dropout
3,4,4,7,0,6.0,1,26,16,15.0,7.0,1,0,0,1,0,0,24,0,0,7,8,4,14.14,1,1,9,10,7,12.63,0,8.29,2.4,2.67,21,Other,Not Dropout
1,7,4,11,1,15.0,1,10,17,6.0,15.0,1,0,0,1,0,0,26,0,1,3,4,2,13.9,1,0,3,6,2,14.17,0,11.8,-0.5,-0.44,13,Single,Not Dropout
4,4,3,13,1,1.0,1,4,24,12.0,10.0,0,0,1,1,0,0,23,0,0,7,10,3,5.36,0,0,8,12,1,6.67,0,12.13,-1.0,-3.03,14,Other,Dropout
2,3,0,15,1,6.0,1,25,2,7.0,8.0,0,0,0,0,0,0,26,0,0,8,9,4,13.8,1,0,10,12,5,10.32,0,13.36,0.66,-2.67,13,Married,Not Dropout
1,17,5,14,1,10.0,1,21,29,5.0,14.0,0,0,0,1,0,0,19,0,1,7,11,3,10.68,0,0,6,6,2,7.75,1,7.0,4.0,-2.04,25,Single,Dropout
2,15,4,9,1,9.0,1,16,14,4.0,13.0,1,0,0,1,0,1,36,0,0,4,0,2,10.53,0,0,3,3,0,11.97,0,14.98,-1.0,1.79,15,Married,Not Dropout
2,8,2,6,1,4.0,1,6,11,16.0,10.0,0,0,0,1,0,0,24,0,0,6,11,4,11.47,0,1,6,8,5,11.3,1,10.96,2.76,-0.83,8,Married,Not Dropout
4,4,5,5,1,4.0,1,20,18,2.0,2.0,1,0,0,0,1,0,40,0,2,9,9,8,11.0,0,1,9,13,6,15.81,0,13.04,1.61,1.2,19,Other,Not Dropout
1,4,4,17,1,13.0,1,11,27,1.0,2.0,1,0,0,1,1,0,36,0,2,4,7,2,13.06,0,1,4,7,3,13.54,1,11.18,1.98,3.6,19,Single,Not Dropout
1,16,4,11,1,15.0,1,8,28,6.0,12.0,0,0,0,0,1,0,20,0,2,3,7,1,6.64,0,1,4,4,0,8.4,0,13.59,1.49,1.56,18,Single,Dropout
1,6,1,16,1,11.0,1,9,23,17.0,2.0,1,0,0,1,0,1,24,0,0,5,4,4,9.96,1,0,6,7,4,10.2,0,8.06,0.39,1.8,16,Single,Not Dropout
1,1,3,8,1,9.0,1,2,15,14.0,12.0,1,0,0,1,0,1,25,0,0,8,12,6,11.74,0,0,11,8,7,12.67,0,8.11,0.67,0.61,8,Single,Not Dropout
1,7,1,9,1,13.0,1,15,5,16.0,17.0,1,0,0,1,1,1,29,0,1,3,6,1,10.92,0,0,5,8,3,7.67,0,12.96,2.26,-2.01,10,Single,Not Dropout
1,8,0,15,1,4.0,1,22,6,4.0,15.0,0,0,0,1,0,1,24,0,1,7,12,2,9.82,0,0,6,5,3,10.14,0,14.87,2.44,4.0,14,Single,Not Dropout
1,11,2,13,1,16.0,1,24,25,19.0,14.0,0,0,0,1,0,0,30,0,0,7,8,4,12.58,0,1,8,11,3,10.76,1,12.59,-0.94,-1.37,24,Single,Not Dropout
1,6,0,4,0,2.0,1,21,4,3.0,6.0,1,0,0,1,0,0,17,0,0,6,7,4,14.53,0,1,6,7,4,12.95,0,8.97,1.29,1.94,12,Single,Not Dropout
1,16,0,9,1,10.0,1,26,14,1.0,13.0,0,0,1,1,0,1,19,0,0,4,4,1,9.61,0,0,5,10,2,5.16,0,14.78,0.76,2.02,20,Single,Dropout
1,11,4,4,1,6.0,14,28,12,10.0,4.0,1,0,0,1,0,0,22,0,0,7,7,5,10.11,0,0,7,10,3,9.25,0,11.69,-0.57,-2.79,20,Single,Not Dropout
2,17,3,13,1,15.0,1,7,21,9.0,18.0,0,0,0,1,0,0,19,0,0,4,5,2,7.14,0,0,2,4,1,8.37,1,10.63,2.93,-3.14,14,Married,Dropout
1,7,2,1,1,,1,13,10,6.0,2.0,0,0,0,1,0,1,17,0,2,7,9,4,12.92,0,0,6,7,4,13.41,1,12.68,0.69,1.15,11,Single,Not Dropout
1,12,1,15,0,11.0,1,10,21,4.0,11.0,0,0,0,1,0,0,28,0,0,5,8,0,4.99,0,0,5,5,1,5.15,0,11.46,1.38,-2.09,15,Single,Dropout
3,7,4,16,1,3.0,1,20,15,7.0,10.0,0,0,0,1,1,0,17,0,0,7,6,5,12.42,1,0,8,9,5,16.51,0,9.01,2.88,2.95,17,Other,Not Dropout
1,12,3,1,1,3.0,1,25,26,8.0,2.0,1,0,0,1,0,1,19,0,0,6,7,4,14.72,0,0,5,6,4,13.59,0,12.52,2.42,-1.2,25,Single,Not Dropout
1,13,3,11,1,7.0,1,26,6,12.0,4.0,1,0,0,1,0,0,28,0,0,4,6,2,12.02,0,0,6,4,3,11.63,1,9.12,3.04,2.41,16,Single,Not Dropout
1,6,1,2,1,13.0,1,3,23,,14.0,0,0,0,0,0,0,30,0,0,7,4,5,14.3,3,0,8,12,6,13.86,1,13.54,-0.32,2.29,13,Single,Not Dropout
1,16,0,7,1,5.0,1,15,21,5.0,12.0,0,0,0,1,1,0,20,0,1,6,9,4,11.2,0,0,5,6,3,13.51,0,11.37,3.39,0.63,18,Single,Not Dropout
1,15,0,6,1,12.0,1,4,24,12.0,4.0,0,0,0,1,1,0,17,0,2,7,8,2,4.48,0,0,7,8,0,,0,11.44,0.4,-0.15,14,Single,Dropout
1,16,0,9,1,10.0,1,10,15,12.0,3.0,0,0,0,1,0,0,18,0,0,7,8,3,9.68,0,1,8,6,3,5.19,0,13.7,-0.05,1.09,12,Single,Dropout
1,4,5,16,1,16.0,1,14,10,9.0,13.0,1,0,0,0,0,1,30,0,0,8,12,4,10.36,1,1,9,9,4,8.11,0,8.66,1.95,-0.35,12,Single,Not Dropout
1,13,2,8,1,5.0,1,18,15,3.0,13.0,1,0,1,1,0,0,30,0,2,7,6,4,10.06,0,0,5,8,3,10.37,0,10.93,0.61,-0.59,16,Single,Not Dropout
2,2,3,7,0,4.0,1,23,29,19.0,8.0,1,0,0,1,1,1,25,0,1,7,6,4,5.52,0,2,6,6,2,9.48,0,13.77,2.26,-2.64,26,Married,Not Dropout
1,2,5,2,1,15.0,1,29,6,10.0,1.0,0,0,0,1,0,0,24,0,0,3,0,1,8.24,0,0,4,3,1,9.89,0,10.73,0.13,1.79,17,Single,Dropout
1,17,5,16,1,6.0,1,10,20,6.0,1.0,0,0,0,0,0,0,17,0,0,6,7,0,2.65,0,0,5,6,0,2.48,0,7.0,1.36,-0.87,15,Single,Dropout
1,3,1,6,1,4.0,1,17,7,14.0,3.0,0,0,0,1,0,0,26,0,0,2,5,2,15.91,0,0,3,4,3,16.12,0,11.94,3.52,1.26,12,Single,Not Dropout
1,15,2,8,1,14.0,1,3,23,8.0,2.0,0,0,0,1,0,0,28,0,1,4,1,4,17.07,1,0,4,7,4,16.54,0,,1.9,1.06,13,Single,Not Dropout
1,8,2,2,1,14.0,1,4,13,4.0,,1,0,0,1,0,1,24,0,1,8,7,3,10.55,1,0,8,12,3,9.55,1,12.81,1.07,-2.87,8,Single,Not Dropout
1,6,0,5,1,2.0,1,29,25,14.0,8.0,1,0,0,1,1,0,24,0,0,5,6,2,4.37,1,1,2,3,1,5.64,0,12.8,1.65,0.84,27,Single,Dropout
3,2,4,10,1,14.0,1,28,5,2.0,5.0,1,0,0,1,1,0,17,0,0,8,8,7,17.46,1,0,9,7,8,17.12,0,10.44,-1.0,1.47,16,Other,Not Dropout
1,12,3,16,1,11.0,1,28,4,6.0,12.0,1,0,0,1,0,0,30,0,0,5,5,1,2.73,0,0,4,4,0,0.66,0,9.43,0.89,0.06,16,Single,Dropout
1,13,2,6,1,5.0,1,8,28,13.0,14.0,0,0,1,1,1,1,17,0,0,6,7,3,12.4,0,0,5,8,3,12.68,0,12.93,-0.54,0.9,18,Single,Not Dropout
1,8,3,10,1,9.0,1,19,10,14.0,4.0,0,0,0,1,1,0,23,0,0,6,11,4,12.61,0,0,7,6,5,14.01,0,,0.79,0.75,14,Single,Not Dropout
1,14,4,15,1,4.0,1,7,3,19.0,12.0,0,0,0,1,0,0,26,0,0,9,10,4,12.07,1,0,9,11,5,13.28,0,10.61,-0.41,3.6,5,Single,Not Dropout
3,6,0,7,1,3.0,1,20,25,,3.0,1,0,0,1,0,1,30,0,0,8,10,7,14.22,0,0,8,14,8,14.81,0,10.37,1.57,0.19,22,Other,Not Dropout
2,10,3,6,1,3.0,1,15,13,5.0,12.0,0,0,0,1,0,1,29,0,0,5,7,2,8.67,1,0,5,8,1,9.7,0,11.8,-1.0,2.12,14,Married,Not Dropout
1,5,5,1,1,3.0,13,28,27,14.0,,0,0,0,1,0,0,30,0,0,5,2,5,11.33,1,1,4,6,3,16.15,0,12.17,1.08,-3.06,27,Single,Not Dropout
1,10,4,16,1,10.0,1,11,13,15.0,3.0,1,0,0,1,1,0,21,0,0,6,8,3,11.03,0,0,5,9,3,10.91,0,9.91,3.03,-0.57,12,Single,Not Dropout
5,3,3,2,1,13.0,1,19,22,13.0,16.0,0,0,0,1,1,0,37,0,2,10,8,1,5.74,0,1,11,13,3,6.88,1,11.53,2.53,1.23,20,Other,Dropout
1,9,0,4,1,,1,20,17,15.0,4.0,0,0,1,1,0,1,30,0,0,6,7,5,16.81,0,0,5,5,5,20.0,1,7.57,1.07,-0.5,18,Single,Not Dropout
4,10,4,3,1,1.0,1,23,14,16.0,15.0,1,0,0,1,1,1,21,0,0,5,8,2,10.17,0,0,4,5,1,6.68,1,13.03,2.59,1.12,18,Other,Not Dropout
1,10,4,13,1,7.0,1,2,15,11.0,7.0,0,0,0,1,0,1,21,0,0,5,5,2,8.54,0,0,5,4,3,6.22,0,12.22,1.06,1.17,8,Single,Not Dropout
2,8,2,7,1,12.0,1,14,8,19.0,13.0,1,0,0,1,1,0,28,0,0,6,9,4,14.28,1,1,7,5,6,11.57,1,11.96,1.24,1.07,11,Married,Not Dropout
1,11,3,12,1,14.0,1,14,22,13.0,14.0,1,0,0,0,0,0,20,0,0,7,5,6,15.47,0,0,6,7,5,12.46,2,10.71,-0.1,-1.82,18,Single,Not Dropout
1,9,3,11,0,12.0,1,7,16,2.0,9.0,1,0,0,0,0,0,17,0,0,4,6,1,7.16,0,1,3,3,1,5.13,0,15.41,0.9,0.98,11,Single,Dropout
1,5,0,1,1,6.0,1,24,1,4.0,13.0,1,0,0,1,0,1,23,0,0,8,10,7,13.97,0,1,8,8,7,15.67,1,10.18,2.64,-1.44,12,Single,Not Dropout
1,4,1,6,1,11.0,1,25,12,10.0,9.0,0,0,0,1,0,1,17,0,0,5,1,4,11.27,0,0,4,3,2,10.09,0,7.6,2.11,-0.76,18,Single,Not Dropout
1,12,4,1,1,2.0,1,3,12,9.0,12.0,1,0,0,1,1,1,25,0,1,8,10,4,10.43,2,0,8,8,7,6.81,0,10.34,3.66,3.66,7,Single,Not Dropout
1,16,5,2,1,7.0,1,20,26,16.0,5.0,0,0,0,1,1,0,27,0,1,7,2,3,10.03,0,0,4,4,2,10.01,0,8.29,2.41,1.9,23,Single,Not Dropout
2,13,1,9,1,9.0,1,25,13,13.0,9.0,0,0,0,1,0,0,21,0,2,6,7,3,12.1,0,0,8,9,5,10.83,0,7.0,-0.21,0.15,19,Married,Not Dropout
1,11,2,5,1,1.0,1,9,17,1.0,3.0,0,0,0,1,0,1,30,0,0,1,3,0,3.99,0,0,1,1,0,6.79,1,16.24,-1.0,-0.1,13,Single,Dropout
1,16,5,2,0,1.0,1,19,3,9.0,8.0,1,0,0,1,0,0,28,0,0,5,5,3,11.25,0,0,3,3,2,14.17,1,9.88,1.95,1.79,11,Single,Not Dropout
1,16,0,7,1,13.0,1,19,12,11.0,1.0,1,0,0,1,0,0,17,0,1,6,7,1,11.63,0,0,5,6,2,12.77,0,14.38,2.11,2.52,15,Single,Not Dropout
1,9,1,8,1,4.0,1,1,9,19.0,8.0,1,0,0,0,0,0,23,0,1,6,12,4,12.26,0,2,6,4,3,5.46,2,12.43,1.25,0.93,5,Single,Dropout
3,2,0,17,1,3.0,1,24,15,13.0,17.0,1,0,0,1,0,0,20,0,0,7,7,3,8.76,0,0,7,6,3,10.55,0,14.54,3.42,2.43,19,Other,Not Dropout
2,11,1,12,1,10.0,1,22,27,4.0,7.0,1,0,0,1,0,1,21,0,0,5,4,3,10.66,0,0,3,6,2,9.48,0,9.17,1.5,-0.05,24,Married,Not Dropout
1,11,3,7,1,5.0,1,8,28,4.0,10.0,0,0,0,1,1,0,30,0,1,7,12,3,10.47,0,0,8,10,5,8.94,0,16.94,2.56,1.19,18,Single,Not Dropout
6,5,2,9,0,16.0,1,10,9,,17.0,0,0,0,1,0,1,27,0,0,5,7,3,13.55,0,0,6,7,4,14.95,0,8.76,1.62,-1.2,9,Other,Not Dropout
2,15,5,2,1,16.0,1,23,18,8.0,1.0,1,0,1,1,1,0,19,0,2,8,11,6,9.13,0,0,6,4,3,9.54,1,11.96,1.49,0.11,20,Married,Dropout
1,15,5,7,1,14.0,1,24,28,3.0,13.0,1,0,0,1,1,0,24,0,0,8,6,3,8.18,1,0,8,7,5,6.74,3,10.36,2.86,-3.52,26,Single,Not Dropout
2,6,5,10,1,5.0,1,3,7,15.0,11.0,0,0,0,1,1,0,18,0,0,7,3,4,11.99,0,0,6,6,4,14.38,0,14.47,4.0,-1.34,5,Married,Not Dropout
1,9,4,1,1,15.0,1,11,13,2.0,7.0,0,0,0,1,1,0,20,0,0,8,7,2,6.89,0,0,6,8,3,4.84,0,12.87,1.12,-1.11,12,Single,Dropout
6,4,4,16,1,5.0,1,19,15,2.0,5.0,0,0,0,1,0,0,32,0,1,6,7,4,15.37,1,0,5,5,3,13.02,0,7.0,2.1,-0.17,17,Other,Not Dropout
1,4,3,9,1,4.0,1,4,1,3.0,,0,0,1,1,1,0,38,0,1,6,6,4,10.55,0,2,7,9,4,10.46,1,10.82,1.86,-0.82,2,Single,Dropout
1,5,5,14,1,16.0,1,29,14,3.0,9.0,0,0,0,0,0,0,34,0,1,6,6,5,13.37,0,0,5,6,3,12.42,0,14.99,0.88,-4.04,21,Single,Not Dropout
1,7,0,5,1,11.0,1,7,4,11.0,8.0,1,0,0,1,0,0,25,0,0,9,6,7,17.03,0,0,9,12,8,18.6,0,9.52,0.12,2.4,5,Single,Not Dropout
2,5,4,15,1,2.0,1,26,10,16.0,13.0,0,0,0,1,1,0,24,0,1,7,8,4,14.7,0,0,5,7,3,11.76,2,10.61,2.74,0.16,18,Married,Not Dropout
1,3,0,7,1,15.0,1,2,4,18.0,8.0,1,0,0,1,1,1,29,0,0,5,6,4,12.52,0,0,6,9,4,14.1,0,11.41,3.32,1.27,3,Single,Not Dropout
1,8,2,16,1,3.0,1,26,22,16.0,16.0,0,0,0,1,1,0,24,0,0,6,3,4,13.86,0,0,6,7,5,13.58,0,10.39,1.28,1.25,24,Single,Not Dropout
1,11,1,9,1,11.0,1,2,25,14.0,6.0,1,0,0,1,0,1,17,0,0,5,5,3,11.67,0,1,5,5,3,9.36,1,14.7,0.65,-1.79,13,Single,Not Dropout
1,6,3,11,1,8.0,1,20,8,12.0,14.0,0,1,0,0,0,0,34,0,1,7,8,4,14.67,1,0,5,8,3,12.97,0,9.82,2.72,-0.57,14,Single,Not Dropout
1,10,4,4,1,1.0,1,11,2,6.0,11.0,0,0,0,1,1,0,17,0,1,6,9,3,9.22,0,1,9,10,6,8.06,1,11.64,-0.03,0.53,6,Single,Not Dropout
3,5,0,17,1,13.0,1,14,15,8.0,18.0,0,0,0,0,1,0,30,0,0,4,4,2,17.86,0,1,6,7,5,18.54,0,13.56,1.8,0.93,14,Other,Not Dropout
1,12,3,4,1,11.0,1,4,4,17.0,8.0,1,0,0,1,1,0,28,0,0,4,7,2,11.1,1,0,1,3,0,14.63,1,12.27,1.79,2.33,4,Single,Not Dropout
1,12,1,1,1,15.0,1,20,13,3.0,5.0,0,0,0,1,0,1,34,0,0,6,9,2,8.29,0,0,7,10,1,6.51,0,13.72,1.38,2.67,16,Single,Not Dropout
1,17,0,8,1,10.0,1,19,16,16.0,8.0,0,0,0,1,0,0,28,0,1,9,8,3,9.87,2,2,9,11,5,8.71,0,10.52,2.75,3.14,17,Single,Not Dropout
1,1,2,15,1,13.0,1,10,14,16.0,13.0,0,0,0,1,0,0,19,0,0,3,5,2,14.09,1,0,4,7,3,14.31,0,10.26,1.74,-0.26,12,Single,Not Dropout
1,15,3,16,1,15.0,1,14,16,2.0,9.0,1,0,0,1,0,0,30,0,2,7,10,2,6.61,0,0,7,3,2,,0,11.91,1.25,-3.57,15,Single,Dropout
2,6,1,15,1,16.0,1,17,17,5.0,17.0,1,0,0,1,1,0,21,0,0,9,12,8,17.11,0,0,10,12,9,20.0,0,11.21,0.5,1.91,17,Married,Not Dropout
1,2,2,10,0,9.0,1,20,5,6.0,3.0,0,0,1,1,0,1,17,0,0,8,10,7,17.32,0,1,7,11,7,15.42,0,11.69,1.02,0.73,12,Single,Not Dropout
2,12,5,16,0,1.0,1,16,20,18.0,6.0,1,0,0,1,0,1,17,0,1,6,7,2,5.2,0,0,4,7,1,9.16,0,11.62,0.68,-2.22,18,Married,Dropout
1,3,2,9,1,6.0,1,2,20,9.0,19.0,0,0,0,0,0,0,22,1,0,6,4,4,,0,0,5,4,4,13.83,0,12.36,0.89,-1.85,11,Single,Not Dropout
2,3,5,9,1,10.0,1,16,5,15.0,16.0,1,0,0,1,0,0,17,0,0,7,10,2,9.54,0,0,6,6,2,7.08,0,11.95,2.24,-0.81,10,Married,Dropout
3,17,5,4,1,2.0,1,11,13,12.0,2.0,0,0,0,1,0,0,32,0,0,9,7,2,8.29,0,0,9,13,3,5.73,0,12.99,0.33,-0.33,12,Other,Not Dropout
1,4,2,14,1,2.0,1,12,9,2.0,18.0,1,0,0,1,0,1,17,0,0,8,9,5,9.13,0,1,8,14,3,8.31,0,10.61,2.34,-1.65,10,Single,Not Dropout
1,10,3,6,1,7.0,8,11,12,13.0,,0,0,1,1,1,0,21,0,0,7,10,3,8.64,0,0,6,8,1,8.47,0,,2.55,1.52,11,Single,Dropout
2,4,4,4,1,15.0,1,11,23,13.0,13.0,1,0,1,1,1,1,21,0,0,8,7,4,11.83,0,1,7,15,5,12.77,0,10.59,3.4,1.32,17,Married,Not Dropout
1,3,2,7,1,6.0,1,7,18,17.0,1.0,1,0,0,0,0,0,24,0,0,7,8,5,11.48,0,0,8,9,4,16.22,0,17.0,2.1,0.3,12,Single,Not Dropout
1,1,2,11,1,15.0,1,10,27,18.0,4.0,1,0,0,1,1,0,18,0,0,6,4,3,15.08,0,0,5,9,4,12.89,2,14.66,1.73,-2.24,18,Single,Not Dropout
1,1,1,5,1,13.0,1,21,17,12.0,14.0,0,0,0,1,1,0,30,0,1,7,7,4,10.81,0,0,8,7,4,10.61,0,16.17,2.37,0.73,19,Single,Not Dropout
1,9,0,7,0,5.0,1,7,2,17.0,5.0,1,0,0,1,1,0,24,0,0,5,4,3,9.33,1,0,5,7,2,6.76,0,11.45,2.12,-0.62,4,Single,Not Dropout
1,8,0,6,1,4.0,1,23,21,3.0,3.0,1,0,0,1,0,0,23,0,1,12,11,5,7.84,0,0,11,10,7,8.6,0,9.21,2.42,-3.96,22,Single,Not Dropout
1,1,2,11,1,14.0,1,13,3,12.0,13.0,1,0,0,1,0,0,19,0,1,7,9,4,15.19,0,0,6,8,6,13.85,1,7.0,-0.54,1.15,8,Single,Not Dropout
2,6,4,13,1,13.0,1,18,10,11.0,5.0,0,0,0,1,0,0,26,0,0,6,8,3,8.2,1,1,8,8,4,9.67,1,8.8,-0.1,-1.86,14,Married,Not Dropout
1,5,1,12,1,11.0,14,4,28,4.0,17.0,1,0,0,1,0,0,31,0,2,8,8,6,15.15,0,0,6,5,6,,0,11.76,0.17,-1.02,16,Single,Not Dropout
1,10,1,3,1,16.0,1,7,29,11.0,,0,0,0,1,1,0,39,0,2,8,10,2,4.62,0,0,9,13,2,9.92,0,15.24,3.33,-0.51,18,Single,Not Dropout
1,17,1,6,1,2.0,1,27,5,13.0,1.0,1,0,0,1,0,0,17,1,0,5,5,2,11.19,1,0,5,7,2,11.7,0,9.99,-1.0,-3.51,16,Single,Not Dropout
1,12,3,12,0,7.0,1,25,29,8.0,8.0,1,0,0,1,1,0,22,0,0,3,3,2,12.25,0,1,3,2,2,11.64,0,10.4,2.83,0.89,27,Single,Not Dropout
1,16,1,4,1,10.0,1,3,29,13.0,7.0,1,0,0,1,1,0,17,0,0,6,5,5,13.58,0,0,4,4,4,14.44,1,13.3,1.09,0.05,16,Single,Not Dropout
5,4,1,2,1,,1,27,26,15.0,13.0,0,0,0,1,0,0,27,0,1,7,7,7,13.24,0,0,6,4,4,14.8,0,7.0,1.34,0.28,26,Other,Not Dropout
1,4,0,6,1,16.0,1,25,25,12.0,,1,1,0,1,1,0,17,0,0,5,2,3,10.89,0,0,8,8,4,13.0,1,13.51,1.58,-1.4,25,Single,Not Dropout
1,13,1,12,1,10.0,1,4,3,8.0,19.0,0,0,0,1,1,0,25,0,1,6,11,3,12.31,0,0,7,7,3,12.29,0,14.55,-1.0,0.6,3,Single,Not Dropout
1,6,1,12,1,5.0,1,7,4,6.0,9.0,1,0,0,1,0,0,30,0,0,6,9,2,7.22,0,0,7,9,3,9.31,0,15.88,0.4,0.69,5,Single,Dropout
1,15,4,3,1,4.0,1,6,18,13.0,14.0,0,0,0,1,0,0,21,0,0,3,9,1,12.59,0,2,4,5,2,11.8,0,12.05,1.88,-0.04,12,Single,Not Dropout
2,8,5,12,0,1.0,1,25,3,18.0,15.0,1,0,0,1,0,1,17,0,0,7,10,7,20.0,0,0,7,6,7,16.55,0,11.59,2.39,1.14,14,Married,Not Dropout
1,4,2,4,1,10.0,1,25,8,9.0,17.0,1,0,0,1,0,0,31,0,1,8,10,3,8.02,0,0,10,9,4,8.19,0,12.72,2.41,-0.17,16,Single,Dropout
1,15,0,13,1,16.0,1,21,29,10.0,10.0,0,0,0,1,1,1,27,0,0,7,4,3,11.67,1,0,7,12,3,10.97,0,13.84,1.34,-3.43,25,Single,Not Dropout
1,10,0,10,1,1.0,1,8,27,18.0,5.0,0,0,1,1,0,0,17,0,0,7,10,2,8.9,0,0,10,13,2,5.48,0,14.18,3.12,-1.06,17,Single,Dropout
1,14,1,3,1,7.0,1,27,8,6.0,10.0,0,0,0,1,0,0,24,0,1,5,9,2,9.25,1,0,7,10,3,7.14,0,,1.13,-0.88,17,Single,Not Dropout
5,8,2,6,0,11.0,1,25,16,16.0,9.0,0,0,0,0,0,1,18,0,0,6,5,3,5.79,0,0,6,7,2,4.13,1,10.18,1.7,0.69,20,Other,Dropout
1,3,3,14,1,7.0,1,26,16,5.0,12.0,1,0,0,1,0,0,29,0,1,8,10,3,7.66,0,1,9,8,1,5.36,1,,2.06,-1.09,21,Single,Dropout
2,12,1,8,1,11.0,1,11,8,5.0,5.0,0,0,1,1,1,0,24,0,0,4,5,2,12.39,0,0,4,6,3,11.75,0,12.57,0.46,-0.61,9,Married,Not Dropout
1,3,2,12,1,12.0,1,21,7,6.0,10.0,1,0,0,1,0,1,32,0,0,4,5,3,12.47,1,1,6,6,4,15.28,0,12.6,1.85,1.0,14,Single,Not Dropout
1,12,1,13,1,16.0,1,20,13,2.0,19.0,0,0,0,1,1,1,17,0,0,4,6,1,15.35,0,1,3,9,2,9.86,1,9.77,0.91,1.47,16,Single,Not Dropout
1,8,3,1,1,10.0,1,5,18,9.0,14.0,0,0,0,1,1,0,24,0,0,9,11,4,8.76,1,0,10,9,2,9.39,0,11.32,0.94,0.83,11,Single,Dropout
4,14,4,16,0,12.0,3,17,24,7.0,19.0,1,0,0,1,1,0,23,0,0,6,5,2,3.7,0,0,6,10,1,5.41,1,17.0,1.83,0.52,20,Other,Dropout
1,15,0,6,1,5.0,1,16,25,5.0,,0,0,0,1,1,0,25,0,0,9,12,0,5.11,0,0,8,8,1,1.66,0,15.2,2.08,0.69,20,Single,Dropout
1,7,2,14,0,3.0,1,17,1,15.0,13.0,0,0,1,0,0,1,20,0,0,6,4,1,7.19,1,1,7,8,0,7.89,0,16.78,1.36,4.0,9,Single,Dropout
1,15,3,8,1,2.0,1,10,20,10.0,1.0,1,0,0,0,0,0,17,0,0,10,12,3,8.43,2,0,7,11,2,8.57,0,13.62,1.18,0.82,15,Single,Dropout
1,2,4,10,1,2.0,13,20,18,4.0,4.0,1,0,1,1,0,0,27,0,0,9,11,4,9.27,0,0,10,9,4,9.8,0,15.54,1.88,-0.46,19,Single,Dropout
4,2,3,7,1,14.0,1,26,2,4.0,16.0,0,0,0,0,0,0,23,0,0,5,5,3,9.83,0,0,7,11,5,12.56,0,9.78,1.5,-0.36,14,Other,Not Dropout
1,17,3,15,1,1.0,1,18,25,16.0,2.0,1,0,0,1,0,1,18,0,1,7,11,3,11.47,2,0,6,6,3,10.87,0,,0.11,2.95,21,Single,Not Dropout
1,10,4,2,1,8.0,1,26,18,6.0,10.0,1,0,0,1,1,0,20,0,0,4,1,4,,1,0,4,6,3,,0,12.73,2.61,-1.51,22,Single,Not Dropout
1,8,2,16,1,10.0,1,23,21,8.0,2.0,0,0,0,0,0,0,17,0,0,7,9,6,17.72,0,0,7,10,7,20.0,0,14.35,0.25,-0.06,22,Single,Not Dropout
1,3,3,4,1,11.0,1,10,20,3.0,6.0,0,0,0,0,0,0,17,0,0,8,9,5,10.44,0,0,9,12,3,8.67,0,11.78,2.73,1.28,15,Single,Not Dropout
1,5,1,16,1,2.0,1,22,10,16.0,3.0,1,0,1,1,1,0,29,0,0,10,14,1,6.68,2,1,12,11,1,5.08,0,8.65,2.05,1.81,16,Single,Dropout
1,12,2,1,1,14.0,1,20,6,7.0,,0,0,0,1,0,1,26,0,0,9,11,4,8.53,0,2,11,11,5,,1,10.14,1.99,-3.64,13,Single,Not Dropout
1,14,0,1,1,7.0,1,28,11,14.0,13.0,1,0,0,1,0,0,17,0,0,7,4,3,11.52,0,1,8,9,3,11.84,0,15.63,2.87,0.66,19,Single,Not Dropout
1,16,2,2,1,1.0,1,10,23,8.0,13.0,1,0,0,1,0,0,38,0,0,7,7,4,13.09,1,0,7,6,5,14.45,0,9.14,1.76,-2.58,16,Single,Not Dropout
1,7,0,10,1,3.0,1,5,19,16.0,18.0,1,0,1,1,0,1,17,0,3,6,10,1,5.43,0,0,4,6,1,5.82,1,12.4,4.0,4.0,12,Single,Dropout
1,8,1,5,1,14.0,1,20,19,8.0,3.0,1,0,0,1,0,0,27,0,0,10,11,3,4.88,0,0,10,13,1,6.44,0,10.92,1.21,-0.59,19,Single,Dropout
1,3,2,11,1,16.0,1,19,4,18.0,8.0,0,0,0,0,0,0,23,0,0,5,4,2,11.77,0,0,6,6,4,10.56,1,14.4,-1.0,-0.77,11,Single,Not Dropout
1,2,3,14,1,13.0,1,18,1,14.0,10.0,1,0,0,1,0,0,17,0,0,4,5,2,9.31,0,1,5,8,1,7.66,0,7.7,0.77,4.0,9,Single,Not Dropout
1,8,5,1,1,6.0,1,22,20,10.0,2.0,1,0,0,1,0,1,25,0,0,4,8,2,7.37,1,0,4,5,1,8.96,0,,3.31,-0.8,21,Single,Not Dropout
1,10,0,9,1,,1,15,28,10.0,3.0,0,0,1,1,1,0,22,0,1,8,7,3,8.5,0,1,6,8,1,6.41,0,7.61,4.0,-1.76,21,Single,Dropout
1,2,5,13,1,5.0,1,1,11,12.0,6.0,0,0,1,1,0,0,19,0,0,8,7,5,6.18,1,0,9,11,4,9.23,0,10.01,4.0,2.92,6,Single,Not Dropout
1,7,1,8,1,4.0,1,26,13,14.0,17.0,0,0,0,1,0,1,31,0,0,7,8,6,12.71,0,0,6,9,2,12.73,0,13.61,3.37,4.0,19,Single,Not Dropout
1,11,4,16,1,13.0,1,9,28,14.0,12.0,0,1,0,1,0,0,27,0,0,7,7,0,4.55,0,0,6,5,0,4.3,0,7.0,1.38,0.04,18,Single,Dropout
1,14,4,12,1,6.0,1,8,7,1.0,11.0,0,0,0,0,0,1,27,0,1,4,6,2,9.83,0,0,5,8,3,9.35,0,9.03,1.03,0.06,7,Single,Not Dropout
1,16,5,1,1,9.0,1,24,16,6.0,11.0,0,0,0,1,0,0,22,0,1,7,7,5,,0,1,7,10,5,10.02,0,,4.0,-2.45,20,Single,Not Dropout
1,6,0,10,1,11.0,1,24,3,9.0,16.0,0,0,1,0,0,0,25,0,1,9,11,5,11.73,0,1,10,11,7,10.98,1,10.7,2.12,3.16,13,Single,Not Dropout
1,7,5,7,1,3.0,1,15,8,11.0,11.0,0,0,0,1,0,0,23,0,0,4,8,4,17.11,1,0,2,1,2,17.6,0,10.23,0.88,-0.72,11,Single,Not Dropout
1,15,0,3,1,15.0,1,20,11,2.0,14.0,0,0,1,1,0,0,26,0,0,4,3,2,9.19,1,2,4,6,1,13.19,0,11.83,2.62,-1.56,15,Single,Dropout
1,12,5,17,1,3.0,1,3,20,4.0,6.0,1,0,0,1,1,0,17,0,1,7,10,6,10.48,1,0,5,7,3,9.54,0,13.46,-0.4,2.41,11,Single,Not Dropout
1,5,3,4,0,16.0,1,9,9,9.0,16.0,1,0,0,1,0,1,17,0,1,8,11,6,14.24,0,0,9,10,6,18.12,0,7.0,0.09,-3.09,9,Single,Not Dropout
1,12,2,2,1,5.0,1,8,14,9.0,1.0,1,0,0,0,0,0,31,0,0,8,7,3,11.58,0,0,9,12,4,12.38,0,12.55,-0.62,1.24,11,Single,Not Dropout
1,3,2,4,1,7.0,1,13,9,12.0,,1,0,0,1,0,0,23,0,1,8,12,6,18.23,0,0,7,7,4,16.03,0,10.88,1.51,-4.42,11,Single,Not Dropout
2,8,0,14,1,5.0,1,11,5,2.0,5.0,0,0,0,1,1,0,26,0,0,7,6,4,14.36,0,0,7,9,4,13.53,0,12.25,2.55,1.53,8,Married,Not Dropout
1,6,4,11,1,9.0,1,3,24,16.0,3.0,1,0,0,0,0,0,19,0,0,3,1,2,11.16,0,1,4,5,2,13.38,0,10.51,1.83,-0.06,13,Single,Not Dropout
1,17,4,14,1,1.0,1,20,20,6.0,11.0,0,0,0,1,1,0,22,0,0,7,6,4,12.92,1,0,6,9,2,10.06,0,14.41,-0.58,1.86,20,Single,Not Dropout
1,1,5,8,0,3.0,1,18,19,,17.0,0,0,0,0,0,0,32,0,1,8,7,5,12.09,2,1,6,4,3,,0,,1.67,-2.71,18,Single,Dropout
1,15,4,2,1,9.0,1,12,17,18.0,4.0,1,0,0,1,0,0,25,0,1,5,5,4,12.3,0,1,5,0,3,11.84,0,15.18,0.45,-0.25,14,Single,Not Dropout
1,5,5,7,1,12.0,1,26,4,8.0,17.0,0,0,0,1,0,0,36,0,0,6,5,2,8.96,0,1,7,5,2,7.65,0,15.5,-0.3,-2.08,15,Single,Dropout
1,1,5,4,1,16.0,1,11,15,6.0,17.0,0,0,1,0,0,0,28,0,0,2,4,1,13.85,0,1,1,2,1,13.57,0,10.87,-0.33,-2.72,13,Single,Not Dropout
2,12,2,10,1,14.0,1,4,21,6.0,17.0,0,0,0,1,1,0,19,0,1,6,7,5,18.19,1,0,8,13,7,19.33,0,12.69,2.76,1.04,12,Married,Not Dropout
3,12,4,5,1,15.0,1,25,15,13.0,1.0,1,0,0,1,0,0,26,0,2,9,10,1,7.08,0,0,9,11,3,7.71,0,12.08,1.72,1.94,20,Other,Dropout
1,3,1,17,1,13.0,1,4,21,19.0,19.0,0,0,1,1,1,0,33,0,0,6,8,4,13.68,1,1,8,12,5,15.66,0,12.15,2.64,-5.0,12,Single,Not Dropout
1,1,4,7,1,13.0,1,3,10,11.0,9.0,1,0,0,1,1,0,24,0,0,4,8,2,11.55,0,1,3,6,2,11.09,1,7.0,4.0,2.39,6,Single,Not Dropout
2,2,3,6,1,6.0,1,14,15,4.0,12.0,0,0,0,1,1,1,27,0,0,10,10,8,15.79,0,0,9,6,7,14.98,1,7.0,1.49,3.1,14,Married,Not Dropout
1,7,2,17,1,15.0,1,17,12,18.0,6.0,1,0,0,1,0,0,31,0,2,7,7,2,9.3,1,0,6,7,2,7.23,0,11.85,3.01,4.0,14,Single,Dropout
2,3,3,9,1,16.0,1,9,29,1.0,10.0,1,0,0,1,0,0,17,0,0,7,10,3,10.57,0,0,9,9,4,11.61,1,14.18,0.78,-4.22,19,Married,Not Dropout
1,12,1,3,1,9.0,1,25,6,8.0,11.0,1,0,0,1,0,0,27,0,0,7,11,6,16.45,2,1,7,6,6,14.3,0,12.58,1.1,2.92,15,Single,Not Dropout
1,2,3,9,1,2.0,1,9,9,3.0,16.0,0,0,0,1,0,1,31,0,0,5,6,2,9.34,0,0,5,6,3,10.12,1,13.01,1.74,0.42,9,Single,Not Dropout
1,14,2,5,1,1.0,1,28,20,1.0,7.0,0,0,0,1,0,0,18,0,0,6,7,4,15.16,0,0,8,10,6,15.3,0,12.26,1.42,-0.58,24,Single,Not Dropout
2,15,1,13,0,8.0,1,19,2,19.0,3.0,0,0,0,1,0,0,29,0,0,9,10,5,7.66,0,0,8,6,2,10.43,0,11.69,1.83,3.87,10,Married,Not Dropout
1,13,5,10,1,11.0,1,6,15,2.0,12.0,0,0,0,1,0,0,23,0,0,5,5,3,9.78,0,0,5,4,3,8.98,0,14.13,-0.56,-0.19,10,Single,Not Dropout
1,17,0,13,0,9.0,1,12,1,18.0,15.0,1,0,0,1,0,0,17,0,0,9,9,6,10.12,0,1,9,9,7,13.15,0,10.37,2.76,0.03,6,Single,Not Dropout
1,16,4,16,1,15.0,1,3,16,11.0,1.0,0,0,0,1,0,0,28,0,0,7,8,5,11.56,0,1,9,10,8,12.55,0,13.81,0.45,-3.59,9,Single,Not Dropout
1,1,1,13,1,9.0,1,25,10,7.0,16.0,1,0,0,0,0,1,23,0,0,7,9,5,14.56,0,2,8,10,5,12.84,1,10.9,1.32,-3.92,17,Single,Not Dropout
1,6,1,6,1,11.0,1,19,6,17.0,16.0,0,0,0,1,0,0,23,0,0,3,6,1,10.22,1,0,2,2,1,10.23,1,11.41,1.63,0.23,12,Single,Not Dropout
1,13,0,4,1,13.0,1,13,15,1.0,11.0,0,0,0,1,0,0,27,0,0,7,6,6,10.61,0,0,9,11,5,11.01,0,14.99,3.16,4.0,14,Single,Not Dropout
1,6,0,9,1,15.0,1,20,10,14.0,19.0,1,0,0,1,0,1,17,0,0,6,7,5,14.8,0,1,6,11,3,13.93,0,11.95,2.4,2.29,15,Single,Not Dropout
2,13,0,8,1,10.0,1,18,3,15.0,8.0,1,0,0,1,0,0,28,0,1,3,3,3,16.34,1,1,4,5,4,17.39,0,12.75,0.75,2.04,10,Married,Not Dropout
2,14,4,6,1,9.0,1,18,16,7.0,3.0,0,0,0,1,1,0,18,0,1,6,6,3,6.6,1,0,6,8,2,6.09,0,,-1.0,-3.04,17,Married,Dropout
1,17,5,14,1,2.0,1,12,17,6.0,13.0,0,0,0,1,0,0,32,0,0,6,7,3,16.55,0,0,8,9,7,14.42,0,7.0,2.22,1.24,14,Single,Not Dropout
1,6,3,16,1,11.0,1,11,20,1.0,12.0,0,0,0,1,0,0,30,0,0,7,10,2,9.47,0,0,4,4,1,7.45,1,12.55,3.15,2.37,15,Single,Dropout
1,6,0,7,1,3.0,1,8,27,1.0,18.0,0,0,1,1,0,0,32,0,0,5,6,4,9.35,0,0,6,6,4,9.64,0,11.81,0.07,0.83,17,Single,Not Dropout
1,1,5,12,0,6.0,1,23,21,1.0,5.0,0,0,0,1,0,0,26,0,0,4,6,1,14.5,1,0,7,10,4,12.26,0,7.7,1.92,-3.74,22,Single,Not Dropout
1,5,3,17,0,9.0,1,14,24,9.0,4.0,1,0,0,1,1,0,20,0,0,6,5,3,9.0,0,0,4,3,1,7.96,0,10.49,1.93,3.88,19,Single,Not Dropout
4,5,3,1,1,2.0,1,14,19,11.0,13.0,1,1,1,1,1,0,19,0,0,6,5,3,8.74,0,0,5,5,2,9.46,0,12.37,2.91,0.83,16,Other,Not Dropout
6,8,5,7,1,12.0,1,21,20,9.0,6.0,0,0,0,1,1,0,18,0,0,6,6,1,3.3,0,0,6,6,0,6.06,0,8.95,0.55,-2.9,20,Other,Dropout
1,8,2,13,1,,1,16,24,14.0,4.0,1,0,0,1,0,0,22,0,0,4,12,4,10.81,1,1,6,8,4,10.96,1,12.16,2.48,3.56,20,Single,Not Dropout
1,15,2,9,1,9.0,1,28,20,7.0,13.0,0,0,1,1,0,0,19,0,0,6,5,2,9.34,0,1,6,6,2,10.96,0,,0.85,-0.41,24,Single,Not Dropout
1,14,4,14,1,6.0,1,7,15,16.0,,1,0,0,1,0,1,25,0,1,7,8,3,9.67,0,0,7,7,3,,0,9.57,-0.07,1.49,11,Single,Not Dropout
1,13,3,9,1,6.0,1,2,22,13.0,16.0,0,0,1,1,0,0,18,0,0,7,9,3,7.38,1,0,7,7,5,9.56,0,9.96,0.28,-1.21,12,Single,Dropout
1,1,4,2,0,7.0,1,13,28,18.0,6.0,1,0,0,1,1,1,19,0,1,6,7,4,12.82,0,0,6,7,4,14.76,0,13.53,1.26,-1.82,20,Single,Not Dropout
1,9,4,8,1,1.0,1,16,15,14.0,13.0,0,0,0,1,0,1,21,0,0,3,3,2,14.03,0,0,2,6,1,15.85,0,15.1,2.06,1.8,15,Single,Not Dropout
1,13,5,7,1,4.0,1,24,7,3.0,11.0,1,0,0,1,0,0,18,0,1,5,7,2,6.2,0,0,3,7,1,7.5,0,13.02,1.58,-2.76,15,Single,Dropout
1,5,1,15,1,13.0,1,19,12,11.0,12.0,0,0,0,1,0,1,21,0,1,5,4,2,10.12,0,0,8,7,5,11.29,0,10.13,0.79,3.75,15,Single,Not Dropout
1,8,0,3,1,2.0,1,28,1,13.0,6.0,1,0,0,1,1,1,27,0,1,8,10,3,,0,1,8,9,3,9.18,0,12.82,0.84,-0.16,14,Single,Not Dropout
1,13,2,3,1,8.0,1,3,9,1.0,2.0,0,0,1,0,1,1,18,0,0,8,8,3,13.95,0,0,7,10,3,10.3,0,13.51,-0.51,0.04,6,Single,Not Dropout
1,14,3,3,1,3.0,1,16,26,1.0,13.0,1,0,0,1,0,0,17,0,0,7,10,5,13.48,1,2,8,13,5,12.18,0,11.24,-1.0,-0.03,21,Single,Not Dropout
2,15,4,10,1,9.0,1,25,3,1.0,9.0,0,0,0,1,0,0,22,0,0,6,3,2,12.35,0,1,3,2,1,11.64,0,,-0.37,1.06,14,Married,Not Dropout
5,8,1,17,1,11.0,1,15,26,4.0,19.0,0,0,0,1,0,0,17,0,0,9,10,4,13.74,0,0,7,8,4,12.02,0,16.09,-0.7,-1.85,20,Other,Not Dropout
1,7,4,11,1,8.0,1,9,17,17.0,17.0,1,0,0,1,0,0,31,0,0,7,6,6,15.16,1,1,7,10,6,12.66,1,10.72,3.48,-0.12,13,Single,Not Dropout
2,7,4,14,1,13.0,1,23,10,5.0,2.0,1,0,0,1,0,0,19,0,0,3,6,1,5.72,0,0,3,3,1,6.17,1,11.34,1.84,4.0,16,Married,Dropout
6,12,4,15,0,5.0,1,26,14,4.0,7.0,1,0,0,1,0,0,23,0,2,9,12,7,8.37,1,0,10,10,3,7.32,0,9.96,2.37,1.65,20,Other,Not Dropout
1,8,4,11,1,9.0,1,8,26,9.0,8.0,0,0,0,0,1,0,26,0,0,6,2,1,6.37,1,1,5,5,0,4.07,0,15.97,1.68,-0.97,17,Single,Dropout
1,7,5,11,1,5.0,1,17,4,,8.0,1,0,0,0,0,0,17,0,0,8,7,3,8.93,0,2,7,9,4,7.99,2,14.92,0.45,-1.96,10,Single,Not Dropout
1,3,3,5,1,9.0,1,24,17,19.0,14.0,1,0,0,1,1,0,18,0,0,7,10,4,6.95,0,0,7,7,2,9.83,0,12.46,0.75,-3.29,20,Single,Not Dropout
1,9,2,17,1,2.0,1,5,8,,7.0,1,0,0,1,1,0,19,0,0,4,5,3,12.66,0,0,3,5,2,15.52,0,14.15,-1.0,1.55,6,Single,Not Dropout
1,5,2,14,1,5.0,1,1,16,16.0,3.0,1,0,0,1,1,0,28,0,1,5,7,3,13.36,0,1,4,4,3,13.36,0,11.15,0.34,-1.99,8,Single,Not Dropout
1,9,4,15,1,12.0,1,22,23,5.0,7.0,1,0,0,1,1,0,34,0,2,3,4,2,16.62,0,0,5,8,4,14.96,1,14.19,0.16,1.9,22,Single,Not Dropout
1,16,1,17,1,13.0,1,22,27,6.0,15.0,1,0,1,1,1,0,34,0,0,5,6,3,9.47,0,0,4,6,1,12.73,1,11.5,-1.0,0.17,24,Single,Dropout
1,14,3,6,1,5.0,1,5,8,10.0,8.0,0,0,0,1,0,1,31,0,0,7,10,5,9.32,0,0,7,4,6,11.41,1,12.15,2.06,0.4,6,Single,Not Dropout
1,9,3,3,1,5.0,1,18,20,19.0,6.0,0,0,0,1,0,0,17,0,0,6,5,4,13.7,0,1,5,7,4,12.85,0,9.85,0.86,-0.55,19,Single,Not Dropout
3,17,3,15,1,5.0,1,21,13,5.0,15.0,1,0,0,1,0,0,18,1,0,5,5,5,,1,1,4,2,4,18.37,1,7.0,2.86,-1.33,17,Other,Not Dropout
1,17,2,9,1,5.0,1,28,15,7.0,2.0,0,1,0,1,1,0,31,0,0,6,5,5,13.28,2,0,4,4,2,14.02,0,9.68,2.8,-1.51,21,Single,Not Dropout
1,8,4,17,1,16.0,1,24,5,13.0,9.0,1,0,1,1,0,1,32,0,0,6,8,3,11.44,0,1,4,5,2,9.54,0,11.55,3.84,1.02,14,Single,Not Dropout
1,13,0,12,1,11.0,1,7,25,13.0,2.0,0,0,0,1,0,0,28,0,1,8,6,4,10.53,0,1,8,8,6,14.15,0,9.65,2.82,-1.97,16,Single,Not Dropout
1,6,4,5,1,7.0,1,17,5,7.0,12.0,0,0,0,1,1,0,28,0,0,5,8,3,10.33,0,2,5,7,4,9.56,0,,1.65,-1.12,11,Single,Not Dropout
1,15,4,7,1,8.0,1,22,2,3.0,18.0,1,0,0,1,0,0,20,0,0,6,6,5,17.21,0,0,6,11,6,14.57,0,13.86,1.06,-1.75,12,Single,Not Dropout
1,7,5,11,1,9.0,1,8,22,15.0,9.0,0,0,0,1,0,0,33,0,0,4,6,2,10.11,0,0,7,4,3,11.01,0,12.42,0.46,3.28,15,Single,Not Dropout
1,5,5,7,1,9.0,1,5,12,18.0,19.0,1,0,0,1,0,1,19,0,0,4,4,2,7.23,0,1,4,4,2,12.5,0,11.76,2.92,-4.19,8,Single,Not Dropout
1,3,2,5,1,7.0,1,13,2,12.0,17.0,0,0,0,1,0,0,17,0,1,8,11,8,20.0,0,1,7,8,6,20.0,0,,-0.17,1.3,7,Single,Not Dropout
2,15,0,4,1,16.0,1,21,20,17.0,14.0,0,0,0,1,1,1,28,0,0,9,12,4,7.46,1,0,6,7,2,8.16,0,14.47,1.16,4.0,20,Married,Not Dropout
1,6,3,12,1,5.0,1,16,9,5.0,4.0,1,0,1,1,1,0,20,0,0,7,10,6,12.7,0,0,5,2,4,12.64,0,11.55,1.33,-4.33,12,Single,Not Dropout
1,14,0,1,1,7.0,1,18,29,,1.0,1,0,0,0,0,0,17,0,0,6,5,4,14.03,0,2,8,11,7,11.44,0,9.99,1.24,1.1,23,Single,Not Dropout
1,2,1,2,1,1.0,1,20,29,16.0,3.0,0,0,0,1,0,0,28,0,2,5,9,3,13.31,0,0,6,7,2,13.37,1,10.34,-1.0,-1.87,24,Single,Not Dropout
1,9,4,1,1,8.0,1,28,16,18.0,7.0,1,0,0,1,0,0,17,0,0,8,10,1,8.01,2,1,8,11,1,8.13,0,8.46,1.16,1.76,22,Single,Dropout
1,8,3,13,0,14.0,1,19,14,18.0,8.0,1,0,0,0,1,0,26,0,0,0,0,0,20.0,0,1,1,3,1,19.59,1,9.24,0.86,-2.63,16,Single,Not Dropout
1,8,3,1,1,16.0,1,4,13,7.0,4.0,0,0,0,1,1,0,20,0,1,10,12,6,9.78,0,0,9,9,6,10.97,2,13.65,2.81,2.09,8,Single,Not Dropout
1,3,4,8,1,8.0,1,12,18,3.0,19.0,1,0,0,1,0,0,33,0,0,6,10,2,7.64,1,0,6,4,2,11.03,0,13.48,2.76,-1.2,15,Single,Not Dropout
1,2,0,3,1,3.0,1,5,27,15.0,15.0,1,1,0,0,0,0,26,0,0,2,1,1,6.1,1,0,2,3,1,7.79,0,13.66,0.04,-2.62,16,Single,Dropout
2,6,4,10,1,12.0,1,22,19,13.0,14.0,1,0,0,1,1,0,29,0,0,11,10,1,1.39,0,0,12,10,1,4.81,0,8.55,2.69,-0.15,20,Married,Dropout
1,8,3,1,1,11.0,1,29,3,13.0,13.0,0,0,1,1,1,0,17,0,2,2,3,1,13.71,0,0,2,5,1,12.29,0,14.19,0.22,-1.55,16,Single,Not Dropout
1,14,2,1,1,16.0,1,23,6,12.0,12.0,0,0,0,1,0,0,17,0,0,2,0,1,8.19,0,1,1,4,0,8.88,0,10.49,0.5,-5.0,14,Single,Dropout
2,8,2,7,1,9.0,1,8,19,1.0,17.0,0,0,0,1,1,1,21,0,0,5,6,3,10.22,1,1,5,7,2,9.42,1,10.52,1.31,-2.76,13,Married,Not Dropout
1,5,3,12,1,1.0,14,21,11,13.0,8.0,0,0,0,1,1,1,27,0,1,6,8,3,11.58,0,0,5,6,2,8.95,0,9.06,2.03,2.92,16,Single,Not Dropout
3,5,3,2,1,15.0,1,1,14,10.0,3.0,1,0,0,1,1,1,23,0,0,8,9,5,10.89,0,0,9,12,4,13.2,0,7.91,-0.42,-0.5,7,Other,Not Dropout
1,11,2,9,1,11.0,1,8,12,1.0,6.0,1,0,0,1,0,0,30,0,1,6,6,3,12.46,0,1,6,10,5,13.29,0,8.92,1.92,1.32,10,Single,Not Dropout
2,8,1,14,0,13.0,1,9,18,17.0,5.0,1,0,0,1,1,0,26,0,0,5,8,3,11.59,0,0,6,8,5,10.43,0,9.19,0.82,-2.01,13,Married,Not Dropout
1,16,1,11,0,2.0,1,14,7,1.0,19.0,1,0,0,0,1,0,17,1,0,6,7,5,15.57,0,0,5,9,4,15.37,0,10.27,0.34,1.17,10,Single,Not Dropout
1,8,2,13,1,8.0,1,10,3,5.0,11.0,1,0,0,1,0,0,26,0,0,6,5,2,7.06,1,1,8,12,3,10.14,0,13.83,-0.35,0.29,6,Single,Dropout
1,10,1,6,1,8.0,1,13,7,6.0,9.0,1,0,0,1,0,1,24,0,1,9,11,6,9.72,0,0,9,13,1,7.62,1,13.72,1.69,2.82,10,Single,Dropout
1,2,3,17,1,5.0,1,1,20,15.0,1.0,0,0,0,1,0,0,31,0,0,8,11,4,8.98,0,1,8,12,2,11.14,0,13.67,2.4,0.19,10,Single,Not Dropout
1,4,5,3,1,14.0,1,24,18,2.0,14.0,1,0,0,1,0,0,17,0,0,5,5,2,13.15,0,0,6,2,4,10.72,0,10.22,-0.84,-0.47,21,Single,Not Dropout
3,15,0,11,1,4.0,1,12,24,8.0,13.0,0,0,1,1,0,1,19,0,0,6,10,3,12.16,0,0,7,9,4,12.93,0,10.14,-0.35,-0.57,18,Other,Not Dropout
1,6,1,8,1,2.0,1,24,4,7.0,16.0,0,0,0,1,0,0,25,0,1,3,4,1,6.4,0,0,4,5,1,3.79,0,14.18,-0.15,-0.39,14,Single,Dropout
1,8,0,1,1,4.0,1,2,5,8.0,3.0,1,0,1,1,1,0,31,0,0,7,8,4,9.47,0,0,8,11,5,10.14,0,7.57,1.81,1.0,3,Single,Not Dropout
1,11,5,17,1,16.0,1,26,4,17.0,13.0,0,0,0,1,1,0,22,0,1,6,7,2,5.9,0,0,7,5,2,10.77,1,7.0,1.87,0.99,15,Single,Dropout
1,1,4,12,1,2.0,1,19,17,7.0,7.0,0,0,0,1,0,1,27,0,1,7,7,3,10.33,0,0,7,6,3,11.54,1,8.21,1.4,-2.5,18,Single,Not Dropout
1,9,1,4,1,10.0,1,7,17,7.0,5.0,1,0,0,1,1,0,23,0,0,7,5,5,15.2,0,0,8,13,8,13.91,0,12.24,-0.84,2.95,12,Single,Not Dropout
3,6,2,1,1,3.0,1,22,5,8.0,5.0,0,0,0,1,1,0,23,0,0,9,14,2,3.03,1,0,8,10,0,1.79,0,11.36,1.04,-2.33,13,Other,Dropout
1,3,4,12,1,7.0,1,22,14,8.0,6.0,1,0,0,1,1,0,30,0,0,6,5,4,17.55,0,2,5,7,4,16.43,0,8.2,-1.0,-0.46,18,Single,Not Dropout
1,8,5,10,1,9.0,1,22,2,,14.0,1,0,0,1,0,1,24,0,0,6,9,2,6.32,2,0,5,5,1,6.29,0,11.89,1.49,-0.25,12,Single,Dropout
1,8,3,1,1,1.0,1,26,18,6.0,1.0,0,0,0,1,0,1,20,0,0,9,13,7,13.78,0,0,7,6,6,10.49,0,13.14,2.33,-0.36,22,Single,Not Dropout
1,4,1,17,1,4.0,1,28,17,3.0,19.0,0,0,0,1,1,0,20,0,2,6,6,4,13.57,1,1,5,5,4,12.05,0,17.0,-1.0,0.2,22,Single,Not Dropout
1,10,4,13,1,10.0,1,5,1,,19.0,1,0,0,1,1,0,21,0,1,6,8,3,9.83,0,0,6,6,2,9.97,0,14.96,-1.0,-1.94,3,Single,Not Dropout
1,13,4,8,1,1.0,1,9,3,2.0,19.0,0,0,0,1,1,0,19,0,0,11,13,5,13.4,0,0,9,11,6,13.78,0,12.23,0.14,0.23,6,Single,Not Dropout
1,5,3,5,1,8.0,1,2,21,16.0,16.0,0,0,0,1,1,0,22,0,1,6,8,3,10.74,0,0,6,8,3,9.65,0,13.87,0.3,-0.71,11,Single,Not Dropout
5,17,0,5,1,10.0,6,2,27,17.0,7.0,1,0,0,0,1,0,23,0,1,9,9,2,4.54,0,0,10,9,2,6.18,1,17.0,1.18,3.07,14,Other,Dropout
1,11,4,8,0,4.0,1,4,25,16.0,8.0,1,0,0,1,1,0,25,0,0,5,5,5,13.9,0,0,5,8,4,13.45,1,9.26,3.43,-0.53,14,Single,Not Dropout
1,14,0,1,1,3.0,1,21,17,16.0,3.0,1,0,0,1,0,0,17,1,0,5,8,2,9.29,0,0,5,0,3,9.04,0,7.87,1.33,3.26,19,Single,Dropout
1,2,5,7,1,8.0,1,18,16,9.0,17.0,0,0,0,1,0,0,20,0,0,3,1,3,17.3,0,0,3,0,3,18.21,0,14.51,-0.28,0.67,17,Single,Not Dropout
3,14,5,4,1,12.0,1,2,24,14.0,15.0,1,0,0,1,1,0,21,0,0,7,4,5,15.55,0,0,4,7,4,15.14,0,11.03,-1.0,-0.73,13,Other,Not Dropout
1,6,3,2,1,1.0,1,13,25,8.0,3.0,1,0,0,1,1,0,18,0,1,8,9,4,8.45,1,0,8,12,3,7.27,0,8.77,2.82,3.15,19,Single,Not Dropout
4,13,3,3,1,6.0,1,4,27,17.0,19.0,0,0,0,1,0,0,20,0,0,6,7,3,12.56,1,0,7,2,5,14.0,2,11.23,0.67,3.71,15,Other,Not Dropout
2,14,0,6,1,16.0,1,6,12,4.0,1.0,1,0,0,0,1,1,28,0,1,7,8,5,15.49,0,0,8,8,7,13.0,0,9.27,2.49,-0.89,9,Married,Not Dropout
2,5,5,7,1,6.0,1,2,14,3.0,15.0,1,0,0,1,1,0,31,0,0,8,8,5,17.04,0,0,7,12,6,16.31,1,8.66,1.38,0.45,8,Married,Not Dropout
1,5,1,6,0,6.0,1,16,3,19.0,3.0,0,0,1,1,1,0,21,0,0,4,7,2,10.58,1,1,6,4,3,7.64,1,13.25,0.84,1.57,9,Single,Dropout
1,2,1,12,1,12.0,1,3,6,7.0,15.0,0,0,0,1,0,0,19,0,0,6,9,4,7.73,0,0,6,9,2,9.84,1,,0.34,0.27,4,Single,Not Dropout
1,11,4,9,1,8.0,1,23,11,6.0,17.0,1,0,0,1,1,0,23,0,0,9,10,8,12.17,0,0,10,10,5,11.45,0,,1.81,-0.72,17,Single,Not Dropout
1,14,5,4,1,7.0,1,28,24,13.0,19.0,0,0,0,0,1,0,24,0,1,6,4,3,12.87,0,0,6,9,4,9.46,0,11.62,2.46,-0.88,26,Single,Not Dropout
1,7,2,17,1,13.0,1,25,13,7.0,4.0,1,0,0,0,0,1,27,1,0,4,7,1,6.74,1,0,6,9,1,5.74,0,10.5,2.55,3.18,19,Single,Dropout
4,3,3,13,1,1.0,1,24,18,15.0,4.0,1,0,0,1,1,1,21,0,0,8,5,4,14.14,0,0,7,9,6,13.75,0,12.58,1.82,2.96,21,Other,Not Dropout
5,6,3,8,1,12.0,1,22,26,9.0,2.0,1,0,0,1,0,0,20,0,1,7,5,5,13.1,0,0,7,6,7,20.0,0,10.92,1.11,-0.91,24,Other,Not Dropout
1,7,1,1,1,7.0,1,27,14,15.0,16.0,1,0,0,1,0,0,38,0,1,6,9,5,11.28,0,1,6,5,3,12.95,0,,2.3,-0.48,20,Single,Not Dropout
1,16,3,16,1,15.0,1,26,10,2.0,4.0,0,0,0,1,1,0,17,0,2,6,5,1,8.93,0,1,4,4,2,5.65,1,14.78,0.14,-1.21,18,Single,Dropout
1,3,5,13,1,12.0,1,7,22,14.0,8.0,1,0,0,1,1,0,28,0,0,8,8,1,10.66,0,0,10,8,4,12.39,0,8.57,2.51,3.25,14,Single,Not Dropout
1,6,2,8,0,16.0,1,18,10,7.0,8.0,1,0,0,1,0,1,32,0,0,5,6,2,8.86,0,0,5,7,2,8.6,0,14.4,-0.3,-0.66,14,Single,Dropout
1,11,4,3,1,3.0,1,9,12,9.0,7.0,0,0,0,1,1,0,21,0,1,9,12,5,9.66,0,1,8,5,5,7.96,0,11.63,2.23,0.76,10,Single,Not Dropout
1,5,4,2,1,4.0,1,25,26,18.0,10.0,1,0,0,1,1,0,26,0,1,6,8,4,,1,0,5,9,3,11.76,0,14.1,2.47,2.41,25,Single,Not Dropout
1,16,5,5,1,15.0,1,1,13,10.0,7.0,1,0,0,1,1,0,17,0,2,8,12,5,13.2,1,0,9,8,7,13.62,1,11.57,1.44,-4.08,7,Single,Not Dropout
1,16,4,4,1,7.0,2,13,8,2.0,5.0,1,0,0,0,0,0,23,0,0,8,8,7,16.3,1,0,10,10,8,15.34,0,12.35,1.53,0.09,10,Single,Not Dropout
5,7,5,4,0,14.0,1,11,25,9.0,8.0,0,0,0,1,0,0,30,0,0,4,3,3,14.26,0,0,3,3,2,10.25,0,12.47,1.51,-3.48,18,Other,Not Dropout
1,13,4,7,0,11.0,1,25,19,5.0,16.0,1,0,1,1,0,1,24,0,0,7,5,2,8.76,0,2,8,12,3,4.0,0,,0.75,3.36,22,Single,Dropout
5,13,5,1,1,8.0,1,9,23,10.0,3.0,1,0,0,1,1,1,23,0,2,6,7,3,12.66,1,0,5,7,4,14.5,0,12.42,0.3,-3.62,16,Other,Not Dropout
1,12,4,6,1,1.0,1,26,10,5.0,,0,0,0,1,1,1,33,0,0,7,9,3,10.43,1,0,4,7,1,10.15,0,8.24,1.71,-4.32,18,Single,Not Dropout
2,4,5,15,1,2.0,1,15,23,13.0,,1,0,0,1,1,0,28,1,2,6,12,3,8.43,0,0,7,7,4,9.3,0,12.11,1.17,3.68,19,Married,Not Dropout
1,1,5,15,1,12.0,1,20,28,5.0,6.0,0,0,1,1,1,0,27,0,1,3,5,2,11.37,1,0,2,4,1,12.65,0,14.35,1.53,-1.3,24,Single,Not Dropout
1,6,5,1,1,2.0,1,16,5,9.0,9.0,0,0,0,1,0,0,18,0,0,8,6,6,8.24,0,0,9,12,4,11.56,0,14.57,2.02,-2.7,10,Single,Not Dropout
2,3,3,12,1,1.0,1,13,6,19.0,18.0,0,0,1,1,0,0,17,0,1,2,5,1,11.83,0,0,3,4,3,12.54,0,10.54,2.53,-3.1,9,Married,Not Dropout
3,5,4,17,1,4.0,1,9,17,13.0,16.0,1,0,0,0,1,0,25,0,1,7,6,5,12.92,0,0,6,7,4,12.95,2,10.0,0.74,0.82,13,Other,Not Dropout
2,11,5,10,1,15.0,1,9,21,14.0,16.0,0,0,0,0,0,0,23,0,0,10,8,3,8.07,0,0,10,12,3,8.35,0,8.53,0.19,0.69,15,Married,Dropout
1,11,2,7,1,11.0,1,19,1,15.0,5.0,1,0,0,1,1,1,28,0,0,9,12,2,4.26,1,0,10,12,3,2.38,1,13.78,1.13,1.23,10,Single,Dropout
1,4,0,9,1,12.0,1,10,16,18.0,17.0,1,0,0,1,0,0,24,0,0,7,10,4,13.97,0,0,5,8,4,14.91,1,13.55,0.93,-0.38,13,Single,Not Dropout
1,1,5,4,1,11.0,1,26,4,17.0,14.0,0,0,0,1,1,1,23,0,0,5,8,3,12.46,0,0,5,4,3,14.67,0,15.4,-0.92,4.0,15,Single,Not Dropout
1,4,3,7,1,,1,4,29,17.0,2.0,1,0,0,1,0,0,23,0,0,6,6,5,16.85,1,1,7,2,6,16.18,1,9.91,0.71,0.27,16,Single,Not Dropout
1,8,2,16,1,,1,7,22,7.0,9.0,1,0,0,1,1,0,17,0,0,8,13,5,13.02,0,0,8,8,3,10.57,0,12.07,0.18,-0.48,14,Single,Not Dropout
1,14,4,11,1,7.0,5,2,29,12.0,16.0,0,0,0,1,1,0,17,0,0,5,8,3,8.32,0,1,7,7,4,12.38,0,11.1,0.74,-2.44,15,Single,Not Dropout
1,7,0,8,1,9.0,1,26,7,16.0,11.0,1,0,0,1,0,1,18,0,0,7,6,6,15.61,0,0,7,8,5,11.13,0,10.14,1.6,-3.05,16,Single,Not Dropout
2,5,2,3,1,16.0,1,13,24,11.0,12.0,1,0,1,0,0,1,17,0,0,5,10,2,7.49,0,1,8,9,3,4.32,0,11.4,-1.0,4.0,18,Married,Dropout
1,10,1,16,1,15.0,1,2,12,3.0,8.0,1,0,0,1,0,1,23,0,1,6,8,0,6.81,0,0,8,8,3,7.84,0,8.54,1.45,-3.09,7,Single,Dropout
2,2,1,3,1,12.0,1,2,4,10.0,1.0,1,0,0,1,0,0,17,0,0,5,6,3,12.83,0,0,7,4,4,12.63,0,13.43,2.29,-2.42,3,Married,Not Dropout
1,4,5,13,1,14.0,1,27,14,5.0,,0,0,0,1,1,1,20,0,0,7,7,3,13.02,1,0,8,8,6,11.61,1,14.07,1.78,-0.01,20,Single,Not Dropout
1,1,3,6,1,13.0,1,26,14,14.0,15.0,0,0,0,1,0,0,35,0,0,7,2,6,15.9,1,0,8,10,6,16.73,0,13.31,0.1,3.34,20,Single,Not Dropout
1,9,0,5,1,11.0,1,9,15,17.0,6.0,1,0,0,1,1,0,23,0,0,10,13,8,18.28,1,0,10,13,10,14.12,0,11.52,3.76,-2.19,12,Single,Not Dropout
2,8,2,3,1,14.0,1,19,25,14.0,5.0,1,0,0,1,1,0,23,0,0,6,6,3,10.63,2,0,9,9,6,9.03,0,13.79,-0.29,-0.37,22,Married,Not Dropout
1,10,1,7,1,2.0,1,8,9,11.0,10.0,1,0,0,1,0,0,23,0,0,7,8,4,10.78,2,1,6,7,4,9.02,1,10.52,1.46,0.85,8,Single,Not Dropout
1,11,5,12,1,1.0,1,25,19,12.0,16.0,1,0,0,1,0,0,24,0,1,8,9,2,7.87,0,0,10,10,3,6.44,0,7.92,3.68,0.51,22,Single,Dropout
1,7,1,8,1,8.0,1,21,6,11.0,2.0,1,0,0,1,0,0,20,0,0,6,5,3,9.58,1,0,6,5,5,13.7,0,10.74,0.54,2.82,13,Single,Not Dropout
1,15,2,1,1,1.0,1,13,26,9.0,12.0,0,0,0,1,0,0,22,0,0,6,8,0,3.98,2,0,4,7,1,3.87,0,9.99,0.88,1.12,19,Single,Dropout
1,16,2,5,1,6.0,1,27,14,5.0,17.0,1,0,0,1,0,0,20,0,0,7,6,2,7.92,0,0,8,10,2,7.74,2,17.0,1.38,4.0,20,Single,Dropout
2,2,1,3,1,4.0,1,7,24,13.0,10.0,0,0,0,1,0,0,17,1,2,5,3,4,11.4,1,0,5,11,4,9.71,1,13.57,2.0,1.25,15,Married,Not Dropout
1,16,4,7,1,16.0,1,29,8,7.0,2.0,1,0,1,1,0,0,30,0,2,7,8,2,10.72,1,2,8,7,1,4.51,1,11.58,4.0,0.86,18,Single,Dropout
1,4,3,16,1,11.0,1,9,10,3.0,1.0,1,0,0,1,1,0,18,0,1,5,5,2,13.46,0,0,7,8,4,10.43,0,14.56,1.61,-2.66,9,Single,Not Dropout
2,5,2,17,1,1.0,1,26,29,16.0,4.0,1,0,0,1,0,0,33,0,0,6,3,2,10.59,1,1,5,6,2,8.88,0,13.27,1.21,0.81,27,Married,Not Dropout
1,10,2,17,0,10.0,1,25,6,11.0,17.0,1,0,0,0,0,0,18,0,1,10,9,5,7.69,0,1,12,11,4,6.77,1,11.79,1.81,-1.77,15,Single,Dropout
2,1,4,2,1,12.0,1,17,17,10.0,9.0,0,0,0,0,0,0,17,0,1,6,7,0,4.6,0,2,7,10,3,4.66,0,11.17,-1.0,-0.38,17,Married,Dropout
1,7,0,9,1,6.0,1,4,10,10.0,3.0,0,0,1,1,0,0,35,0,0,7,8,3,10.76,0,0,8,8,6,11.26,1,9.4,2.86,0.68,7,Single,Not Dropout
1,4,5,1,1,15.0,1,22,12,2.0,18.0,0,0,1,0,0,0,17,0,1,2,6,1,,1,1,0,0,0,12.6,0,12.53,4.0,1.22,17,Single,Dropout
1,9,3,9,0,16.0,1,21,21,11.0,,1,0,0,0,0,0,17,0,0,7,10,4,10.72,1,0,8,11,3,13.07,0,13.95,4.0,0.37,21,Single,Not Dropout
1,14,1,10,1,16.0,1,26,23,11.0,3.0,1,0,0,1,0,0,17,0,0,10,12,3,12.12,1,0,11,10,5,10.53,0,8.12,1.73,-2.19,24,Single,Not Dropout
2,16,3,14,1,2.0,1,7,14,10.0,14.0,0,0,0,1,0,1,22,0,1,5,5,3,10.14,0,2,7,9,5,11.29,1,12.78,-0.05,-2.22,10,Married,Not Dropout
1,4,5,6,1,8.0,1,7,19,1.0,7.0,0,0,0,0,1,0,17,0,0,8,8,5,11.42,0,0,6,5,3,10.59,0,12.63,0.45,-2.48,13,Single,Not Dropout
1,10,1,1,1,13.0,1,11,2,15.0,2.0,1,0,0,1,0,1,20,0,0,5,7,4,10.13,0,0,5,5,2,9.36,0,9.48,1.12,1.19,6,Single,Not Dropout
1,9,3,8,1,8.0,1,11,7,12.0,2.0,1,0,0,1,1,1,17,0,0,3,6,1,9.51,0,1,6,7,3,6.72,0,11.55,0.78,-0.38,9,Single,Not Dropout
1,8,3,8,1,8.0,1,1,22,15.0,11.0,1,0,0,0,1,1,30,0,0,6,8,2,11.14,0,0,4,6,1,3.75,0,7.74,0.43,0.63,11,Single,Dropout
2,11,4,11,1,6.0,1,5,20,10.0,17.0,1,0,0,1,0,0,26,0,1,5,5,5,19.13,0,0,6,7,6,19.3,0,12.08,0.27,-2.39,12,Married,Not Dropout
6,17,3,2,1,7.0,1,14,2,7.0,,0,0,0,1,0,0,17,0,0,7,8,6,16.48,0,0,7,7,6,11.69,0,12.76,0.11,-1.35,8,Other,Not Dropout
1,7,4,11,1,12.0,1,29,26,16.0,14.0,1,0,0,1,0,0,17,0,0,6,6,3,,0,0,5,7,5,17.18,1,13.37,-0.67,2.68,27,Single,Not Dropout
1,2,4,7,1,1.0,1,4,12,7.0,18.0,0,0,0,0,1,0,18,0,0,5,2,4,13.29,1,0,5,4,5,14.9,0,12.61,1.73,-0.7,8,Single,Not Dropout
1,16,5,13,1,13.0,14,7,9,9.0,5.0,1,0,0,1,1,0,27,0,0,7,8,4,11.55,0,0,10,13,5,9.12,1,14.32,2.92,3.4,8,Single,Not Dropout
1,16,2,17,1,12.0,1,25,14,1.0,3.0,0,0,0,1,0,1,29,0,0,8,8,5,10.68,0,0,9,16,4,9.22,1,9.78,1.86,1.39,19,Single,Not Dropout
6,6,4,4,0,3.0,1,2,12,4.0,3.0,1,0,0,1,0,0,22,0,0,7,10,3,12.03,1,0,7,8,4,7.63,1,13.39,3.5,-0.98,7,Other,Not Dropout
1,9,1,13,1,13.0,1,3,15,3.0,4.0,0,0,1,1,1,0,20,0,0,7,6,4,12.73,0,0,6,8,2,10.51,0,10.61,2.65,2.46,9,Single,Not Dropout
1,15,5,3,1,9.0,1,26,5,9.0,15.0,0,0,1,1,1,1,20,0,2,6,5,4,14.12,0,2,7,6,5,14.82,0,9.42,2.46,0.59,15,Single,Not Dropout
1,9,5,17,0,6.0,1,8,5,5.0,3.0,1,0,0,1,1,0,25,0,1,7,10,2,9.03,0,2,7,8,3,6.24,0,10.14,-0.5,-2.3,6,Single,Dropout
3,9,1,9,1,8.0,1,9,29,7.0,9.0,1,0,0,1,0,0,28,0,0,5,4,2,7.06,0,2,4,6,1,8.16,0,8.58,-0.06,0.1,19,Other,Dropout
1,16,3,13,1,9.0,1,1,22,15.0,15.0,1,0,0,1,1,0,22,0,0,8,8,2,7.07,0,0,8,10,3,4.44,0,12.39,0.58,0.14,11,Single,Dropout
1,15,4,14,1,4.0,1,12,11,13.0,18.0,1,0,0,1,0,0,21,0,1,4,6,2,10.39,1,0,5,5,3,7.37,0,8.61,0.82,-1.55,11,Single,Not Dropout
1,9,0,11,1,10.0,1,29,25,16.0,4.0,0,0,1,0,0,0,28,0,0,3,5,2,10.28,0,1,3,3,1,11.47,4,13.77,-0.37,-1.08,27,Single,Dropout
1,3,4,7,1,11.0,1,29,24,16.0,4.0,0,0,0,1,1,1,32,0,0,7,11,3,9.49,0,0,9,9,4,6.01,0,12.52,3.2,-3.92,26,Single,Not Dropout
1,8,4,13,1,6.0,1,19,21,,2.0,0,0,0,1,0,0,21,0,2,4,4,2,8.79,0,0,5,5,3,8.32,0,12.74,3.24,0.26,20,Single,Not Dropout
1,12,5,9,0,8.0,1,20,21,12.0,3.0,1,0,0,1,0,0,24,0,1,5,5,2,9.71,0,0,5,4,1,5.68,2,10.92,0.02,-0.97,20,Single,Dropout
1,5,1,12,1,10.0,1,19,28,17.0,8.0,0,0,0,1,0,0,18,0,0,4,5,2,13.52,1,0,5,8,3,14.33,1,7.0,0.82,-1.1,23,Single,Not Dropout
1,10,4,11,1,9.0,1,21,25,6.0,6.0,0,0,0,1,0,1,23,0,1,7,7,3,10.03,0,2,7,10,1,6.57,0,10.64,-0.07,1.57,23,Single,Dropout
1,12,4,8,0,7.0,1,16,8,8.0,19.0,1,0,0,0,1,0,17,1,0,5,7,1,5.93,1,0,5,3,1,8.65,1,11.73,0.07,4.0,12,Single,Dropout
1,2,0,2,1,16.0,1,6,22,11.0,9.0,0,0,0,1,0,0,32,0,0,9,9,4,8.14,0,0,9,14,4,10.74,0,10.36,2.77,-0.88,14,Single,Not Dropout
4,10,4,5,1,15.0,1,26,5,16.0,6.0,1,0,0,1,1,1,28,0,1,8,7,4,10.23,0,0,7,10,4,10.39,1,,-0.08,0.79,15,Other,Not Dropout
1,13,3,16,1,7.0,1,26,15,3.0,9.0,1,0,0,1,0,0,33,0,0,7,4,5,13.1,0,0,8,8,7,13.1,0,10.67,1.5,2.22,20,Single,Not Dropout
1,4,5,9,1,12.0,1,5,2,9.0,14.0,0,0,0,1,1,0,20,0,1,9,10,6,11.34,0,0,10,11,5,12.14,0,13.02,-1.0,0.89,3,Single,Not Dropout
1,10,0,11,1,13.0,1,3,5,5.0,,1,0,0,1,0,0,35,0,1,5,7,1,7.61,0,0,4,5,2,7.28,0,9.61,3.63,0.11,4,Single,Dropout
2,13,5,5,1,2.0,1,23,21,14.0,3.0,1,0,0,1,1,0,24,0,1,7,7,5,14.76,0,0,9,8,7,10.66,1,13.93,1.31,0.89,22,Married,Not Dropout
1,1,3,12,1,10.0,1,2,11,5.0,,1,0,0,1,1,0,22,0,0,2,0,1,11.75,0,2,3,1,2,14.13,0,14.7,2.42,0.68,6,Single,Not Dropout
1,11,1,9,1,13.0,1,24,5,7.0,12.0,0,0,0,1,1,0,31,0,1,5,9,3,8.19,0,0,2,2,1,8.23,0,9.81,1.62,-1.1,14,Single,Dropout
3,5,2,4,1,1.0,1,29,29,7.0,7.0,1,0,0,1,1,0,17,0,1,4,4,2,12.78,0,0,4,7,2,11.39,0,14.01,1.65,1.57,29,Other,Not Dropout
1,7,4,3,1,6.0,1,2,28,2.0,12.0,1,0,0,1,1,0,23,0,1,8,11,6,13.9,0,0,9,7,9,17.4,1,12.19,0.08,0.26,15,Single,Not Dropout
1,12,5,7,0,13.0,1,24,7,13.0,7.0,1,0,0,1,0,1,22,0,1,9,12,3,9.31,0,0,8,9,3,6.77,1,9.01,-0.32,-0.06,15,Single,Not Dropout
1,1,1,10,1,15.0,1,4,18,5.0,18.0,1,0,1,1,0,1,26,0,0,6,10,5,13.69,0,0,9,9,8,16.01,0,11.93,-1.0,-0.53,11,Single,Not Dropout
1,1,5,5,1,16.0,1,9,9,10.0,17.0,1,0,0,1,0,1,20,0,0,10,11,9,14.34,0,1,9,9,5,13.32,0,12.71,3.76,1.28,9,Single,Not Dropout
1,8,3,5,1,10.0,1,16,24,14.0,14.0,0,1,0,0,0,1,20,0,0,5,3,2,7.06,0,0,6,6,3,11.66,0,7.06,3.08,-0.28,20,Single,Not Dropout
1,17,1,5,1,1.0,1,20,20,15.0,16.0,0,0,0,1,1,0,21,0,0,4,1,1,7.49,0,0,3,5,0,4.43,2,9.7,2.98,2.97,20,Single,Dropout
1,1,3,5,1,1.0,1,3,13,18.0,3.0,0,0,0,1,1,1,21,0,0,5,5,4,17.05,0,1,4,3,3,14.76,0,12.21,0.74,-1.68,8,Single,Not Dropout
1,14,4,13,1,13.0,1,4,27,3.0,13.0,0,0,0,1,0,0,23,0,1,7,11,6,12.04,1,0,7,7,4,15.75,0,8.22,2.22,0.48,15,Single,Not Dropout
2,2,0,9,1,12.0,1,9,22,12.0,8.0,1,0,0,1,0,1,31,0,1,8,9,5,13.21,0,0,7,9,4,9.9,0,7.36,0.25,4.0,15,Married,Not Dropout
1,9,0,8,0,4.0,1,20,5,7.0,15.0,1,0,0,1,0,0,17,0,0,8,12,4,11.63,1,0,8,7,3,8.21,0,14.2,2.89,-0.23,12,Single,Not Dropout
1,8,0,3,1,3.0,1,12,13,15.0,1.0,1,0,0,1,1,1,28,0,0,6,5,5,13.86,0,0,5,7,4,,0,16.72,1.04,-2.69,12,Single,Not Dropout
2,8,3,10,1,3.0,1,8,25,8.0,4.0,1,0,0,1,0,0,20,0,0,8,12,3,8.97,0,1,6,10,3,7.26,0,13.23,0.61,1.52,16,Married,Not Dropout
2,2,0,17,1,15.0,1,5,16,1.0,,0,0,0,1,0,0,22,0,1,5,7,3,15.18,0,0,5,5,4,13.45,1,,-0.06,-2.3,10,Married,Not Dropout
1,13,5,13,1,13.0,1,29,3,17.0,11.0,1,0,0,1,0,0,17,0,0,12,13,3,10.26,1,1,12,15,7,11.09,0,10.18,0.96,3.43,16,Single,Not Dropout
1,5,0,8,1,16.0,1,21,23,15.0,19.0,0,0,0,1,0,1,23,0,1,8,11,4,6.52,0,0,7,6,3,6.38,0,13.88,-0.29,-0.46,22,Single,Dropout
6,14,0,6,1,2.0,1,29,14,7.0,18.0,1,0,0,1,0,0,21,0,0,3,3,1,7.37,2,1,3,1,1,5.52,0,10.26,-0.96,-0.38,21,Other,Dropout
1,12,1,6,1,12.0,1,15,7,16.0,9.0,1,0,0,1,0,0,22,0,0,5,7,2,13.59,1,0,5,9,3,12.23,0,15.16,0.56,-0.39,11,Single,Not Dropout
2,10,4,1,1,15.0,1,24,24,8.0,1.0,0,0,0,1,0,0,26,1,0,5,4,3,8.97,1,1,7,8,3,11.87,0,12.55,1.69,-0.91,24,Married,Not Dropout
3,6,5,1,1,9.0,1,19,26,8.0,17.0,1,0,1,1,0,0,27,0,0,10,10,4,13.65,1,0,11,12,8,12.23,0,13.46,0.72,-0.38,22,Other,Not Dropout
2,12,1,14,1,13.0,1,16,18,6.0,,1,0,0,1,0,0,32,0,1,5,4,3,11.8,0,0,4,4,2,8.6,0,13.14,-0.04,-0.63,17,Married,Not Dropout
1,17,3,15,1,10.0,1,14,21,10.0,1.0,1,0,0,1,1,0,19,0,1,2,1,1,10.47,0,0,0,0,0,12.28,0,9.77,4.0,-0.18,17,Single,Not Dropout
1,16,4,17,1,1.0,11,15,7,19.0,13.0,1,0,0,1,1,1,27,0,1,8,6,5,11.76,0,0,7,8,5,12.18,0,14.67,0.6,0.87,11,Single,Not Dropout
1,16,4,11,1,7.0,1,12,22,1.0,17.0,1,0,0,1,0,1,27,0,1,1,7,1,20.0,0,0,1,6,1,19.22,0,12.97,2.99,-0.52,17,Single,Not Dropout
1,4,0,16,1,5.0,1,19,27,12.0,17.0,0,0,0,1,0,0,24,0,0,6,5,3,10.36,1,0,5,5,2,9.58,0,8.27,-1.0,4.0,23,Single,Not Dropout
4,10,5,8,0,2.0,1,15,7,4.0,17.0,0,0,0,1,0,1,33,0,0,8,11,7,11.84,0,2,10,13,6,15.14,0,8.7,-1.0,0.34,11,Other,Not Dropout
1,7,5,5,1,,1,29,28,3.0,19.0,0,0,0,1,0,1,19,0,1,6,4,4,12.72,0,1,6,11,3,10.44,0,7.0,3.25,1.9,28,Single,Not Dropout
1,17,4,5,1,15.0,1,27,3,2.0,13.0,0,0,0,1,1,1,24,0,0,9,9,5,8.64,0,0,11,12,6,11.68,1,11.29,1.58,-1.58,15,Single,Not Dropout
1,17,3,5,1,1.0,1,14,13,6.0,12.0,1,0,0,1,0,0,25,0,1,7,7,2,6.48,0,1,7,8,0,8.94,0,11.09,2.47,-0.31,13,Single,Dropout
4,15,2,13,1,6.0,1,12,3,14.0,3.0,0,0,0,0,0,0,17,0,0,5,9,4,15.4,1,1,4,4,4,17.52,0,14.0,2.02,-0.86,7,Other,Not Dropout
1,3,5,1,1,11.0,1,23,13,14.0,13.0,1,0,0,1,0,0,31,0,0,7,9,4,12.78,0,0,6,6,4,10.83,0,16.02,-1.0,4.0,18,Single,Not Dropout
1,6,5,17,1,6.0,1,19,19,16.0,17.0,1,1,0,0,0,0,22,0,0,9,8,3,9.16,1,0,10,10,5,9.55,0,13.0,1.57,0.83,19,Single,Dropout
1,13,3,14,1,2.0,1,7,26,3.0,16.0,0,0,0,1,1,0,26,0,0,7,8,2,10.72,0,0,9,5,2,7.21,1,7.0,2.73,-1.09,16,Single,Dropout
1,13,4,7,1,4.0,1,25,5,3.0,,1,0,1,1,0,1,32,0,0,7,10,6,12.02,0,1,8,8,4,10.76,0,13.15,-1.0,-3.34,15,Single,Not Dropout
1,6,2,12,1,1.0,1,20,26,19.0,4.0,1,0,0,1,0,0,24,0,0,7,10,2,4.95,0,0,6,5,2,8.1,0,10.24,0.61,1.37,23,Single,Dropout
1,3,4,3,1,16.0,1,19,29,18.0,4.0,0,0,0,1,0,0,23,0,0,5,5,2,10.16,0,0,5,6,1,8.68,1,12.01,2.05,1.05,24,Single,Not Dropout
1,3,0,8,1,8.0,1,23,2,14.0,17.0,1,0,0,1,1,1,23,0,0,3,1,1,9.28,0,0,3,9,1,5.84,1,15.22,-0.31,2.52,12,Single,Not Dropout
1,12,5,2,1,16.0,1,7,28,16.0,18.0,1,0,0,1,0,1,17,0,1,7,7,4,10.87,0,0,4,6,3,12.65,2,9.53,2.62,-0.57,17,Single,Not Dropout
1,8,3,2,1,11.0,1,24,27,16.0,10.0,1,0,0,1,0,0,21,0,0,9,11,6,14.61,0,0,9,11,6,13.69,0,7.92,0.01,0.75,25,Single,Not Dropout
1,9,3,1,1,6.0,1,4,1,11.0,17.0,0,0,0,1,0,0,22,0,0,7,4,2,11.32,1,1,8,8,4,11.28,0,11.45,-1.0,1.67,2,Single,Not Dropout
1,14,1,14,1,16.0,1,24,2,10.0,13.0,1,0,0,1,0,0,24,0,0,4,5,2,8.94,1,0,6,8,3,11.2,0,7.61,1.73,-1.96,13,Single,Not Dropout
1,1,3,13,1,5.0,1,18,22,19.0,4.0,1,0,0,1,0,0,31,0,1,7,6,4,11.78,1,0,8,9,4,13.17,0,11.31,2.68,2.54,20,Single,Not Dropout
1,13,0,16,1,3.0,1,17,13,13.0,10.0,1,0,0,1,1,0,29,0,1,8,8,4,11.04,2,0,6,5,2,9.23,1,,3.18,-3.4,15,Single,Dropout
1,5,5,17,1,13.0,1,22,8,17.0,8.0,1,0,0,1,0,0,19,0,0,8,10,4,9.24,2,0,7,9,3,7.22,0,7.03,3.68,1.15,15,Single,Dropout
1,16,4,17,1,9.0,1,10,12,4.0,16.0,1,0,0,1,0,0,23,0,0,7,8,3,7.44,0,0,8,7,4,7.59,0,9.82,-1.0,-0.93,11,Single,Not Dropout
1,17,2,17,1,7.0,1,23,10,5.0,7.0,1,0,1,1,0,0,31,0,0,7,9,3,12.56,1,0,6,6,3,11.27,0,14.13,1.18,-0.53,16,Single,Not Dropout
1,9,5,1,1,10.0,1,1,29,,4.0,1,0,0,1,0,0,17,0,0,5,8,5,15.65,0,2,6,7,5,15.06,0,15.25,2.84,1.67,15,Single,Not Dropout
1,6,4,14,1,16.0,1,21,7,19.0,10.0,1,0,0,1,0,1,22,0,0,6,14,2,7.07,0,0,5,5,1,3.06,1,14.83,2.13,2.84,14,Single,Dropout
2,4,0,13,1,5.0,1,24,3,12.0,,1,0,0,1,0,0,17,0,0,8,11,5,10.23,0,0,8,12,4,10.15,0,14.49,0.74,0.67,13,Married,Not Dropout
1,4,0,3,1,15.0,1,1,25,9.0,17.0,1,0,0,1,0,0,38,0,0,5,7,3,10.8,0,0,4,7,2,12.01,0,12.2,3.49,-0.46,13,Single,Not Dropout
1,17,1,3,1,15.0,19,21,25,1.0,1.0,0,0,0,1,1,0,28,0,1,5,5,3,9.53,0,0,5,4,1,8.69,0,7.36,2.13,-1.38,23,Single,Not Dropout
1,4,0,17,1,13.0,1,23,26,3.0,17.0,1,0,0,1,0,0,20,0,1,8,11,3,10.73,0,1,7,6,4,9.71,0,13.57,2.92,-2.92,24,Single,Not Dropout
1,8,3,16,1,3.0,1,16,29,5.0,5.0,1,0,1,1,1,0,23,0,0,7,11,5,16.81,0,1,9,10,8,13.52,0,11.0,-0.6,-1.23,22,Single,Not Dropout
1,9,3,6,1,2.0,1,18,2,4.0,4.0,1,0,0,1,0,0,18,0,1,9,9,0,3.54,1,1,8,12,1,2.78,2,7.0,0.66,1.27,10,Single,Dropout
2,12,3,2,1,2.0,1,2,23,14.0,8.0,0,0,0,1,1,1,35,0,0,8,8,1,5.84,1,0,11,11,0,6.54,0,12.42,0.22,0.97,12,Married,Dropout
2,15,0,6,1,12.0,1,29,8,13.0,11.0,1,0,0,0,1,0,17,0,1,5,5,5,13.28,0,0,6,4,5,13.46,1,11.19,1.12,-0.33,18,Married,Not Dropout
1,10,5,1,0,7.0,1,29,13,8.0,18.0,0,0,0,1,0,0,25,0,0,9,7,8,15.01,1,0,9,10,6,15.58,0,11.73,0.72,-0.49,21,Single,Not Dropout
1,13,5,12,1,16.0,1,23,14,19.0,11.0,0,0,0,1,0,0,23,0,0,7,8,6,17.14,0,0,6,6,6,16.15,0,9.42,3.05,2.4,18,Single,Not Dropout
1,10,3,7,0,1.0,1,1,29,8.0,3.0,1,0,0,1,0,1,17,0,1,8,6,5,11.14,0,2,8,13,6,10.14,2,9.36,0.23,1.48,15,Single,Not Dropout
1,8,0,1,0,6.0,1,13,16,9.0,9.0,1,0,0,1,0,0,21,0,0,6,7,4,12.22,0,1,5,4,4,12.46,1,11.98,0.87,0.84,14,Single,Not Dropout
1,3,2,17,1,5.0,1,24,7,10.0,18.0,0,0,0,1,0,0,17,0,0,7,9,1,5.97,0,0,7,6,1,7.02,0,10.82,2.3,-2.59,15,Single,Dropout
1,4,4,15,1,15.0,1,20,3,11.0,14.0,1,0,0,1,1,0,32,0,0,5,7,2,12.72,1,0,5,5,2,9.82,0,10.82,-0.58,-0.51,11,Single,Not Dropout
1,8,4,16,1,2.0,1,27,18,4.0,5.0,1,0,0,1,0,0,23,0,0,3,3,2,12.78,1,1,5,4,3,12.73,0,8.97,0.99,3.1,22,Single,Not Dropout
3,1,1,17,1,7.0,1,18,25,6.0,13.0,1,0,0,1,1,0,28,0,1,10,8,4,10.42,1,0,11,13,5,,0,8.35,1.47,0.94,21,Other,Not Dropout
1,6,4,1,1,14.0,1,21,21,14.0,14.0,1,0,0,1,0,1,20,0,0,5,8,3,10.7,0,0,6,6,3,10.7,0,9.64,0.59,-3.98,21,Single,Not Dropout
1,8,5,14,1,16.0,1,10,28,17.0,6.0,0,0,0,1,1,0,31,0,0,5,2,4,15.44,0,0,6,9,4,12.82,0,13.52,0.52,0.31,19,Single,Not Dropout
1,9,3,14,1,15.0,1,24,2,9.0,11.0,1,0,0,1,0,0,23,0,0,5,6,4,14.62,0,0,4,10,4,13.97,0,13.26,1.62,1.75,13,Single,Not Dropout
1,14,2,14,1,11.0,1,16,12,3.0,,1,0,1,1,1,0,29,0,0,10,14,6,12.43,0,1,9,9,8,8.8,0,7.0,-0.02,-0.74,14,Single,Not Dropout
1,17,3,5,1,3.0,1,24,18,17.0,,0,0,0,1,1,0,26,0,0,7,8,3,13.02,0,0,7,5,4,10.45,0,11.5,1.55,0.79,21,Single,Not Dropout
1,13,0,7,1,2.0,1,6,25,12.0,17.0,0,0,0,1,0,0,23,0,0,8,12,5,13.92,1,1,8,8,7,11.28,0,9.93,0.54,4.0,15,Single,Not Dropout
3,2,3,16,1,7.0,1,8,10,9.0,7.0,1,0,0,1,0,0,29,0,1,8,10,4,10.49,0,0,8,7,4,8.5,0,16.73,1.55,-3.18,9,Other,Not Dropout
1,7,0,2,1,8.0,1,3,20,12.0,,0,0,0,1,1,0,48,0,0,8,6,5,12.92,1,0,11,13,7,14.94,1,9.54,2.18,-2.66,11,Single,Not Dropout
1,13,0,11,1,,1,20,7,16.0,2.0,1,0,0,1,0,0,17,0,1,7,11,2,9.87,0,1,8,10,2,8.87,0,9.08,1.83,-1.45,13,Single,Not Dropout
1,11,3,14,1,1.0,1,22,18,1.0,9.0,0,0,0,1,1,1,22,0,0,7,7,5,10.11,0,0,6,8,4,10.78,1,9.29,0.82,-2.87,20,Single,Not Dropout
1,8,3,14,1,11.0,1,9,23,7.0,13.0,1,0,0,1,1,1,17,0,0,9,9,5,11.98,3,1,9,10,5,10.64,1,14.84,4.0,0.89,16,Single,Not Dropout
1,8,5,11,1,7.0,1,12,24,18.0,19.0,1,0,0,1,1,0,25,0,0,4,6,1,11.32,2,2,5,5,2,8.71,0,7.0,1.98,0.7,18,Single,Dropout
1,7,3,14,1,2.0,1,17,14,6.0,15.0,0,0,0,1,1,0,24,0,0,5,4,4,11.3,0,0,4,7,3,14.5,0,,-0.11,-0.1,15,Single,Not Dropout
1,10,5,16,1,15.0,1,22,14,19.0,17.0,0,0,0,0,1,0,35,0,2,8,11,5,9.36,0,0,9,12,3,9.85,1,11.68,2.26,-0.28,18,Single,Not Dropout
1,4,4,14,1,6.0,1,9,26,,19.0,1,0,0,1,0,0,21,0,0,7,9,5,15.71,1,0,6,11,5,15.78,0,12.74,0.7,0.19,17,Single,Not Dropout
2,9,2,2,1,4.0,1,15,16,9.0,14.0,0,0,0,0,0,1,29,0,0,6,10,1,6.5,0,0,5,8,2,10.59,0,12.94,2.03,0.1,15,Married,Dropout
1,4,5,5,1,8.0,1,6,11,2.0,17.0,1,0,0,1,0,0,17,0,0,11,14,5,12.47,0,0,11,12,6,13.69,0,7.0,1.7,-1.67,8,Single,Not Dropout
2,12,2,6,0,16.0,1,24,8,14.0,6.0,0,0,0,0,0,0,24,0,0,4,5,1,7.46,1,1,4,3,1,6.71,0,9.54,1.48,0.28,16,Married,Dropout
1,15,3,6,1,14.0,1,26,21,5.0,14.0,0,0,0,1,1,1,18,0,0,6,6,5,15.76,0,0,6,9,4,14.72,0,12.73,1.85,2.55,23,Single,Not Dropout
1,9,0,7,0,2.0,1,22,21,17.0,12.0,0,0,0,1,0,1,27,0,0,7,7,5,12.9,0,1,6,7,6,17.98,1,9.33,-0.52,0.96,21,Single,Not Dropout
1,7,1,4,1,11.0,1,24,16,,9.0,1,0,0,1,1,0,30,0,0,6,6,2,6.45,1,0,6,8,2,9.46,1,8.37,0.2,-1.83,20,Single,Not Dropout
2,16,3,12,1,11.0,1,23,5,,13.0,0,0,0,1,1,0,19,0,0,5,4,4,9.27,1,2,5,6,3,10.82,2,13.31,0.34,0.07,14,Married,Not Dropout
1,12,1,2,0,15.0,1,25,5,9.0,14.0,0,0,0,0,0,0,26,0,0,6,6,5,16.24,0,0,2,0,2,18.21,0,14.54,0.54,-4.07,15,Single,Not Dropout
3,8,3,14,1,16.0,1,13,8,2.0,8.0,1,0,0,0,0,0,21,0,0,9,7,7,16.42,0,0,11,14,9,14.2,0,10.08,3.29,-4.7,10,Other,Not Dropout
1,1,0,12,1,12.0,1,6,1,7.0,17.0,0,0,1,1,1,0,23,0,1,6,5,2,8.19,0,1,7,7,4,7.65,1,10.71,1.91,-0.35,3,Single,Dropout
1,1,1,17,1,11.0,1,28,14,14.0,1.0,1,0,0,1,0,1,25,0,0,7,11,3,12.84,0,0,7,9,4,15.71,0,9.08,1.65,1.42,21,Single,Not Dropout
5,4,3,1,1,6.0,1,1,13,10.0,7.0,1,0,0,0,1,0,17,0,0,5,3,1,9.7,0,0,4,6,2,6.86,0,13.46,1.12,1.58,7,Other,Dropout
1,5,3,6,1,15.0,1,12,12,11.0,7.0,0,0,1,1,1,0,17,0,0,8,6,4,6.56,0,1,9,9,4,10.86,0,16.22,4.0,-5.0,12,Single,Not Dropout
2,13,5,16,1,16.0,1,22,28,2.0,16.0,1,0,0,1,0,1,28,0,0,8,8,2,6.33,0,0,7,10,1,4.59,0,11.73,0.31,4.0,25,Married,Dropout
1,9,5,9,1,16.0,1,24,7,13.0,10.0,0,0,1,1,0,0,19,0,0,6,10,4,14.59,0,0,5,10,3,12.07,0,,2.4,-0.64,15,Single,Not Dropout
2,17,4,10,1,16.0,1,20,24,,18.0,1,0,0,1,0,0,31,0,0,8,7,5,,2,0,8,9,3,10.8,0,11.24,2.45,0.18,22,Married,Dropout
1,10,0,1,1,11.0,1,15,6,11.0,19.0,1,0,0,1,0,1,17,0,0,6,6,3,11.49,1,0,6,6,2,,0,11.81,2.33,-0.49,10,Single,Not Dropout
1,16,3,13,1,16.0,1,27,18,16.0,9.0,0,0,0,1,1,0,29,1,0,6,8,2,7.02,0,0,6,7,1,8.3,0,7.0,0.68,1.44,22,Single,Dropout
1,10,1,5,1,13.0,1,7,25,14.0,14.0,0,0,0,1,0,1,23,0,1,7,9,3,11.36,0,0,5,7,2,14.75,0,7.12,-0.24,-2.03,16,Single,Not Dropout
1,7,1,17,1,4.0,1,5,25,7.0,5.0,0,0,0,1,0,1,22,0,0,7,8,5,12.1,1,0,8,8,3,11.67,0,15.07,1.81,-3.28,15,Single,Not Dropout
1,13,1,7,0,1.0,1,19,18,3.0,3.0,1,0,0,1,0,1,24,0,1,7,9,3,6.78,0,0,6,6,2,4.45,0,16.21,1.34,4.0,18,Single,Dropout
1,8,2,4,1,,1,10,7,16.0,10.0,1,0,0,1,1,0,17,0,0,4,7,2,11.38,0,0,4,5,2,,1,10.44,0.89,0.41,8,Single,Not Dropout
1,5,0,11,1,7.0,1,14,11,5.0,6.0,0,0,0,1,0,0,30,0,0,4,2,2,11.04,0,1,3,3,2,10.58,0,9.41,0.63,-1.6,12,Single,Not Dropout
1,9,3,9,1,14.0,1,14,13,10.0,14.0,0,0,0,1,0,0,20,0,0,3,3,2,14.31,0,1,3,3,2,16.94,1,14.51,2.38,0.32,13,Single,Not Dropout
1,12,0,9,1,5.0,1,8,25,5.0,10.0,0,0,0,1,1,0,18,0,0,4,3,1,8.53,2,1,4,6,2,7.34,0,13.92,0.97,3.99,16,Single,Not Dropout
1,7,3,17,1,6.0,1,29,11,1.0,3.0,0,0,0,1,0,0,36,0,0,7,7,3,10.66,0,0,6,6,4,10.56,1,13.9,-0.07,2.67,20,Single,Not Dropout
1,12,3,7,1,14.0,1,12,24,8.0,9.0,1,0,0,1,0,0,21,0,0,6,9,2,4.24,0,0,6,8,2,5.48,0,8.28,4.0,1.97,18,Single,Dropout
1,17,1,7,0,9.0,1,20,28,11.0,8.0,1,0,0,1,1,1,18,0,0,5,8,3,8.54,0,0,6,5,5,13.55,0,7.38,3.22,-2.19,24,Single,Not Dropout
1,7,0,11,0,,1,5,4,,1.0,1,0,1,1,0,0,28,0,1,10,11,5,12.73,0,0,10,11,7,12.63,1,7.64,0.64,-1.49,4,Single,Not Dropout
2,6,4,3,1,6.0,1,29,28,14.0,11.0,1,0,0,1,1,0,25,0,0,8,11,5,11.8,0,0,9,8,7,12.04,0,10.19,3.72,0.46,28,Married,Not Dropout
1,7,4,15,1,10.0,1,29,17,16.0,18.0,1,0,0,1,0,0,29,0,0,3,8,2,8.74,0,1,4,5,2,10.45,0,10.11,-0.74,1.25,23,Single,Not Dropout
1,15,1,4,1,8.0,1,3,18,16.0,18.0,0,0,0,1,0,0,24,0,0,5,4,5,15.93,0,0,4,8,4,16.92,0,12.44,-0.47,3.91,10,Single,Not Dropout
1,4,5,5,1,15.0,1,19,9,8.0,18.0,1,0,0,1,0,0,29,0,0,5,5,3,8.15,0,0,7,6,3,11.6,0,14.45,0.52,-1.17,14,Single,Not Dropout
1,17,1,1,1,8.0,1,18,10,7.0,17.0,1,0,0,0,1,0,35,0,2,6,6,3,12.83,1,0,6,5,4,12.99,0,8.32,3.12,0.75,14,Single,Not Dropout
1,8,5,6,1,2.0,1,6,16,12.0,18.0,0,0,0,1,0,0,18,0,0,4,6,2,11.57,0,0,2,4,1,12.9,1,13.64,0.29,1.66,11,Single,Not Dropout
1,15,0,10,1,12.0,1,23,6,10.0,2.0,1,0,0,1,0,0,20,0,1,5,7,1,10.44,0,0,5,5,2,8.17,0,14.42,2.43,0.43,14,Single,Dropout
6,14,3,12,1,16.0,1,23,21,6.0,9.0,0,0,0,1,0,0,17,0,1,7,6,2,6.95,0,0,8,15,3,6.9,1,17.0,-0.1,2.32,22,Other,Dropout
1,14,0,16,1,15.0,1,25,20,1.0,11.0,0,0,0,1,0,0,25,0,0,6,7,2,7.79,0,2,8,6,3,9.34,1,11.95,1.47,4.0,22,Single,Dropout
1,16,1,14,1,2.0,1,18,1,10.0,16.0,0,0,1,1,0,1,24,0,0,4,7,3,10.05,0,0,5,6,4,13.12,1,11.49,1.5,1.75,9,Single,Not Dropout
6,4,2,6,1,16.0,1,21,7,9.0,8.0,0,0,0,1,0,0,31,0,0,6,5,3,12.91,0,0,8,14,8,19.58,0,10.89,0.3,-3.93,14,Other,Not Dropout
1,11,0,15,1,6.0,1,21,15,18.0,14.0,0,0,0,1,0,0,23,0,0,7,8,7,15.06,1,0,9,11,6,12.07,0,11.9,1.91,1.78,18,Single,Not Dropout
1,2,2,4,1,14.0,1,23,22,16.0,15.0,1,0,0,1,0,0,22,0,0,7,7,3,10.21,3,3,6,8,3,9.4,1,17.0,-0.05,2.28,22,Single,Not Dropout
2,6,1,4,1,11.0,1,17,9,,10.0,0,0,0,1,0,0,24,0,0,4,2,3,10.79,0,0,5,3,2,6.12,0,13.61,-0.47,-1.53,13,Married,Not Dropout
2,1,0,7,1,16.0,12,22,26,3.0,5.0,0,0,0,1,1,1,22,0,0,8,11,5,8.51,0,2,7,7,5,13.64,0,12.01,0.45,0.45,24,Married,Not Dropout
1,12,5,10,1,6.0,1,2,16,15.0,2.0,1,0,0,1,1,0,25,0,0,5,7,2,7.55,0,0,5,6,2,10.48,2,7.13,-0.41,-1.96,9,Single,Dropout
1,11,5,4,1,10.0,1,18,16,10.0,9.0,0,0,0,1,0,0,24,0,1,4,3,3,11.05,0,1,4,1,3,14.59,0,12.53,-0.55,3.23,17,Single,Not Dropout
1,13,5,16,1,11.0,1,6,4,1.0,4.0,1,0,0,1,0,0,26,0,1,6,9,4,8.71,0,1,6,9,4,14.64,0,8.77,3.58,2.66,5,Single,Not Dropout
1,3,0,5,1,3.0,1,12,19,15.0,13.0,0,0,0,1,0,0,22,0,0,7,12,2,6.47,1,1,9,8,4,5.41,0,15.02,0.92,-0.57,15,Single,Dropout
1,6,2,7,1,13.0,1,23,24,7.0,5.0,1,0,0,1,1,1,26,0,0,7,8,6,18.69,1,1,9,12,7,17.4,0,10.77,0.98,1.25,23,Single,Not Dropout
1,12,1,11,1,3.0,1,4,7,4.0,17.0,0,0,0,1,0,0,27,0,0,9,7,3,5.85,1,1,9,6,1,7.85,0,7.0,0.83,-1.78,5,Single,Dropout
1,15,1,8,0,14.0,1,22,16,13.0,18.0,1,0,0,1,0,0,21,0,0,5,5,3,13.17,0,0,5,7,4,14.39,0,7.94,0.51,-3.59,19,Single,Not Dropout
2,16,2,7,1,,1,8,1,15.0,16.0,1,0,0,1,0,0,23,0,0,3,0,2,13.26,0,0,4,7,3,14.92,0,9.7,-1.0,1.59,4,Married,Not Dropout
1,2,3,17,1,3.0,1,22,7,15.0,13.0,1,0,0,0,1,0,22,0,0,6,7,4,15.32,0,1,6,5,4,14.54,2,11.28,2.56,-2.82,14,Single,Not Dropout
1,7,2,8,0,8.0,1,23,3,,3.0,0,0,0,1,1,1,17,0,0,1,1,0,10.09,0,0,3,6,2,8.42,2,10.74,4.0,-2.37,13,Single,Not Dropout
1,1,1,2,1,3.0,1,1,23,12.0,19.0,0,0,0,1,1,0,20,0,0,5,8,3,11.79,0,0,2,3,1,11.21,0,10.35,0.51,-0.36,12,Single,Not Dropout
2,14,5,13,1,2.0,1,7,29,9.0,2.0,1,0,0,1,1,0,28,0,1,6,6,3,7.18,0,1,6,5,2,5.67,1,15.93,1.38,-1.0,18,Married,Dropout
1,3,5,12,1,,1,24,2,17.0,11.0,1,0,0,1,0,1,28,0,0,5,8,3,12.13,0,0,7,6,3,11.18,0,10.1,1.61,-4.58,13,Single,Not Dropout
1,14,1,4,1,5.0,1,10,21,4.0,16.0,0,0,1,1,0,1,25,0,1,7,6,4,13.82,0,0,6,7,5,13.44,0,9.72,0.59,-0.7,15,Single,Not Dropout
1,3,1,15,1,8.0,1,13,18,16.0,2.0,0,0,0,0,0,0,17,0,0,6,7,1,8.95,0,1,4,5,1,1.47,1,11.55,0.4,-0.95,15,Single,Dropout
1,1,3,7,1,1.0,1,1,21,7.0,10.0,1,0,0,1,0,0,29,0,1,7,5,5,14.22,0,0,5,7,4,13.93,1,10.4,1.73,1.62,11,Single,Not Dropout
1,15,2,3,1,3.0,1,21,15,12.0,10.0,0,0,0,0,0,0,34,0,0,7,6,3,9.2,1,0,7,8,3,6.89,0,11.95,-0.66,3.06,18,Single,Dropout
1,8,5,3,1,10.0,1,3,29,10.0,4.0,0,0,0,1,0,0,27,0,0,4,7,2,13.96,0,0,3,5,2,12.54,0,8.88,2.43,1.73,16,Single,Not Dropout
1,8,2,13,1,6.0,1,8,2,7.0,3.0,1,0,0,1,0,0,23,0,0,7,10,3,10.98,0,0,7,8,3,5.8,0,11.86,0.53,-1.88,5,Single,Dropout
1,11,0,4,1,13.0,1,14,5,5.0,18.0,1,0,0,1,0,1,18,0,1,5,5,2,7.99,0,0,6,7,3,8.8,0,7.0,-1.0,1.36,9,Single,Not Dropout
5,5,0,8,1,14.0,1,23,8,7.0,18.0,1,0,0,1,0,1,23,0,0,7,9,6,17.82,0,0,6,4,5,19.09,0,9.07,-0.32,1.63,15,Other,Not Dropout
1,12,0,13,1,1.0,1,15,23,12.0,2.0,0,0,0,0,1,1,20,0,1,7,10,3,,0,0,8,7,5,13.35,0,10.3,0.74,-0.49,19,Single,Not Dropout
1,8,2,15,0,16.0,1,29,3,12.0,6.0,0,0,1,1,1,0,22,0,0,5,4,3,8.45,0,0,5,6,2,10.15,0,10.15,2.42,-1.26,16,Single,Not Dropout
1,5,1,9,1,11.0,1,16,4,12.0,8.0,1,0,0,1,1,1,31,0,1,5,7,2,8.37,0,0,3,5,1,6.86,0,11.49,3.1,-3.01,10,Single,Dropout
2,7,5,16,1,14.0,1,8,22,13.0,4.0,0,0,0,1,0,0,28,0,1,6,7,6,14.38,0,0,5,8,5,20.0,2,8.86,2.33,-2.63,15,Married,Not Dropout
1,1,5,6,1,8.0,1,6,13,1.0,2.0,1,0,0,1,1,1,21,0,0,5,7,4,12.62,0,1,6,8,4,12.99,0,11.39,1.8,0.19,9,Single,Not Dropout
1,6,0,15,1,1.0,1,23,21,8.0,10.0,0,0,1,1,0,0,24,0,0,9,10,5,10.85,0,1,10,12,5,11.94,0,12.43,2.34,1.33,22,Single,Not Dropout
1,11,5,5,1,15.0,1,14,11,6.0,9.0,0,0,0,0,0,0,23,0,1,6,3,5,13.84,0,1,4,7,2,14.79,0,10.69,0.32,0.47,12,Single,Not Dropout
2,3,3,2,1,10.0,1,18,3,8.0,16.0,0,0,0,1,0,1,20,0,0,4,5,2,11.8,1,1,4,5,4,12.16,0,11.72,2.01,1.95,10,Married,Not Dropout
1,3,1,13,1,1.0,1,11,18,8.0,6.0,0,0,0,0,1,0,17,0,0,10,11,4,9.76,0,0,7,10,3,10.12,0,10.35,2.8,-1.19,14,Single,Not Dropout
1,12,2,13,1,3.0,1,8,4,4.0,10.0,1,0,0,1,0,0,28,0,0,7,7,5,7.86,0,0,7,9,5,13.3,0,11.13,0.02,-1.8,6,Single,Not Dropout
1,8,2,16,1,4.0,1,18,14,19.0,6.0,1,0,0,1,0,0,30,0,0,6,4,1,3.83,0,1,7,10,2,3.7,1,10.49,0.13,0.3,16,Single,Dropout
4,3,1,16,1,7.0,1,9,26,1.0,1.0,1,0,1,1,1,1,19,1,0,9,12,5,9.74,0,0,7,8,4,7.49,0,17.0,0.54,1.62,17,Other,Not Dropout
1,13,5,2,0,8.0,1,29,6,12.0,14.0,0,0,0,1,0,1,19,0,0,7,8,4,9.3,0,0,6,8,3,7.83,0,11.45,-0.88,-0.99,17,Single,Not Dropout
1,14,0,11,1,7.0,1,22,6,9.0,15.0,1,0,0,0,1,0,28,0,0,6,3,4,13.4,0,0,4,5,2,14.9,0,8.68,2.95,-2.76,14,Single,Not Dropout
2,1,0,12,0,14.0,1,24,28,14.0,13.0,1,0,0,1,0,0,19,0,0,3,7,1,9.56,0,4,3,1,2,13.62,1,10.72,0.48,2.55,26,Married,Not Dropout
3,4,1,11,1,16.0,1,9,9,16.0,1.0,1,0,0,1,0,0,17,0,1,2,4,1,11.48,0,0,3,7,3,14.85,0,8.08,-1.0,-1.12,9,Other,Not Dropout
1,7,0,1,0,11.0,1,1,11,13.0,14.0,1,0,0,1,0,0,20,0,1,8,11,5,10.82,1,1,10,13,7,8.42,0,7.0,-1.0,2.43,6,Single,Not Dropout
1,13,0,1,1,11.0,1,2,20,15.0,12.0,1,0,0,1,0,0,31,0,0,7,7,2,4.79,0,0,5,6,2,9.26,0,11.66,3.36,1.4,11,Single,Dropout
1,2,2,12,1,14.0,1,25,4,6.0,9.0,1,0,0,1,1,1,20,0,1,6,7,5,16.05,0,1,6,9,6,15.99,0,14.13,2.66,-0.88,14,Single,Not Dropout
2,14,2,15,1,5.0,1,26,2,19.0,12.0,1,0,0,1,0,0,19,1,2,6,9,3,10.68,0,0,7,7,4,8.24,0,12.77,0.06,-1.35,14,Married,Not Dropout
1,6,0,4,0,9.0,1,20,25,2.0,3.0,1,0,1,1,1,1,20,0,2,7,9,4,14.89,0,1,7,7,5,15.27,0,11.76,2.16,0.0,22,Single,Not Dropout
1,3,4,1,1,11.0,1,18,28,13.0,4.0,1,0,0,1,0,1,17,0,2,7,8,2,7.25,1,0,5,5,2,8.86,1,13.76,-0.43,-5.0,23,Single,Dropout
1,15,5,7,1,5.0,1,7,29,3.0,3.0,0,0,0,1,1,1,17,0,0,5,5,4,11.66,1,0,5,6,4,12.66,1,10.27,1.11,3.63,18,Single,Not Dropout
1,2,4,6,1,16.0,1,22,1,5.0,9.0,0,1,0,1,0,0,21,0,0,7,3,2,4.66,1,0,8,9,0,7.14,0,7.0,0.14,0.38,11,Single,Dropout
2,3,3,17,1,4.0,1,15,16,16.0,18.0,0,0,0,1,0,0,17,0,0,7,10,5,16.9,0,1,7,5,7,16.73,0,12.75,-0.43,1.63,15,Married,Not Dropout
1,17,5,16,1,,1,18,25,13.0,1.0,0,0,0,1,0,0,21,0,0,5,8,3,12.06,1,0,6,3,5,13.55,0,,2.46,-2.9,21,Single,Not Dropout
1,9,2,10,1,6.0,1,1,25,13.0,9.0,0,0,0,1,0,0,25,0,0,2,4,2,8.42,0,0,3,1,1,8.17,0,12.75,1.72,3.48,13,Single,Not Dropout
3,8,2,17,1,14.0,1,15,11,16.0,6.0,0,0,0,1,0,0,25,0,2,5,8,3,11.86,0,2,3,2,2,11.78,0,12.72,0.71,-1.12,13,Other,Not Dropout
2,12,0,4,1,6.0,1,21,15,6.0,18.0,1,0,0,1,0,1,22,0,2,4,3,1,8.49,0,0,3,7,1,4.46,0,11.52,2.2,-0.46,18,Married,Dropout
2,11,4,17,1,4.0,1,23,5,13.0,12.0,1,0,0,1,0,0,17,0,0,8,8,5,10.95,1,0,7,4,4,9.66,1,11.88,1.39,-0.03,14,Married,Not Dropout
1,11,0,8,1,14.0,1,5,5,4.0,5.0,1,0,0,1,1,0,21,0,0,5,5,3,14.75,0,0,5,7,4,10.82,2,12.89,0.12,-1.95,5,Single,Not Dropout
1,1,3,9,1,3.0,1,1,11,10.0,6.0,0,0,0,1,1,1,25,0,1,5,2,4,11.57,0,0,5,4,4,17.33,0,10.58,-0.13,-1.35,6,Single,Not Dropout
1,10,4,1,1,3.0,1,25,7,8.0,12.0,1,0,0,0,1,0,27,0,2,5,5,3,13.17,0,0,6,6,3,10.11,0,13.38,2.33,2.36,16,Single,Not Dropout
1,5,1,4,1,15.0,1,10,29,12.0,1.0,1,0,0,1,0,0,21,0,3,8,9,5,12.56,0,0,7,8,5,12.69,0,17.0,1.37,1.86,19,Single,Not Dropout
5,14,3,4,1,6.0,1,14,3,2.0,2.0,0,0,0,1,0,1,19,0,0,8,11,5,15.1,0,0,10,11,10,15.61,0,12.02,0.83,0.55,8,Other,Not Dropout
1,9,1,9,1,1.0,1,19,16,1.0,13.0,1,0,0,1,0,0,23,0,0,5,7,4,13.22,0,0,7,9,6,10.98,0,12.44,0.87,-2.22,17,Single,Not Dropout
1,3,2,4,0,7.0,1,15,17,1.0,16.0,0,0,0,1,0,0,21,0,2,5,5,1,1.03,0,0,6,1,0,5.5,2,14.9,2.77,-1.0,16,Single,Dropout
2,16,3,2,1,12.0,1,28,2,6.0,15.0,0,0,0,1,1,0,17,0,1,6,9,3,13.18,0,0,8,13,6,9.88,0,14.42,2.2,0.49,15,Married,Not Dropout
1,5,1,11,0,,1,25,13,11.0,4.0,1,0,0,1,0,1,25,0,1,9,11,6,11.55,0,1,9,12,5,11.46,0,11.18,1.11,0.63,19,Single,Not Dropout
1,5,4,15,0,2.0,1,12,28,3.0,17.0,1,0,0,1,0,1,23,0,0,3,1,1,5.37,0,0,1,1,0,6.72,0,7.0,4.0,1.69,20,Single,Dropout
1,16,2,2,1,5.0,1,6,4,,5.0,1,0,1,0,0,0,17,0,0,4,5,1,10.93,1,0,2,4,1,6.98,0,9.06,1.18,-2.51,5,Single,Dropout
1,14,2,10,1,10.0,1,29,5,8.0,17.0,0,0,0,1,0,0,19,0,0,11,14,7,15.82,0,1,11,15,11,14.9,0,12.05,1.95,0.33,17,Single,Not Dropout
1,15,4,17,1,11.0,1,21,5,6.0,6.0,0,0,0,1,0,1,22,0,1,8,10,3,8.08,0,1,8,15,2,10.63,1,10.43,2.26,3.16,13,Single,Not Dropout
1,12,1,7,1,10.0,1,22,2,,10.0,0,0,0,0,0,0,17,0,0,4,3,2,8.08,0,0,3,6,1,11.95,0,9.41,-1.0,0.38,12,Single,Not Dropout
3,16,2,4,1,6.0,1,14,26,4.0,19.0,1,0,0,1,1,0,19,0,0,12,11,5,,2,0,12,13,6,9.31,0,12.38,0.86,1.91,20,Other,Not Dropout
1,2,5,2,1,14.0,1,15,2,4.0,8.0,1,0,0,1,0,1,27,0,0,7,12,4,9.75,1,0,7,8,5,13.05,0,9.74,1.04,-2.02,8,Single,Not Dropout
1,11,2,16,1,2.0,1,6,9,8.0,13.0,0,0,0,1,0,1,20,0,1,7,6,5,11.18,0,0,5,4,3,10.52,0,14.91,-1.0,1.55,7,Single,Not Dropout
1,5,0,7,1,14.0,1,13,24,2.0,12.0,0,0,0,1,1,0,18,0,1,9,10,9,17.0,0,0,8,11,8,18.38,0,9.58,1.65,-0.29,18,Single,Not Dropout
1,7,1,2,1,16.0,1,16,29,13.0,,1,0,0,1,0,0,29,0,0,5,1,2,10.17,0,1,6,8,2,8.55,0,,-1.0,-4.07,22,Single,Dropout
1,5,5,15,1,11.0,18,4,5,15.0,16.0,1,0,1,1,1,1,25,0,1,5,9,4,9.76,0,1,3,5,2,9.96,1,10.57,4.0,4.0,4,Single,Not Dropout
1,4,4,14,1,7.0,1,19,11,7.0,7.0,1,0,0,1,0,0,27,0,0,6,9,2,3.67,0,0,4,6,2,3.78,0,10.47,2.33,0.84,15,Single,Dropout
1,8,4,12,1,7.0,1,18,6,17.0,10.0,1,0,0,1,1,0,18,0,0,7,12,2,4.48,0,0,8,4,1,,0,12.24,-0.04,3.05,12,Single,Dropout
1,16,1,2,1,7.0,1,25,6,1.0,6.0,0,0,1,1,1,0,21,0,2,7,6,5,16.71,2,0,8,7,7,17.09,0,7.0,4.0,1.79,15,Single,Not Dropout
4,11,5,2,1,3.0,1,2,28,11.0,19.0,0,0,0,1,0,0,23,0,1,7,11,5,15.61,0,0,9,4,7,15.1,0,11.47,2.83,-2.48,15,Other,Not Dropout
1,6,2,4,1,4.0,1,7,10,14.0,11.0,1,0,0,1,0,0,24,0,1,6,5,4,9.36,1,0,7,9,3,12.32,1,13.57,2.11,-0.98,8,Single,Not Dropout
1,8,4,3,0,11.0,1,13,18,8.0,13.0,1,0,0,1,1,0,37,0,0,7,11,7,14.16,0,0,8,8,6,14.67,1,13.74,1.81,0.1,15,Single,Not Dropout
1,10,5,10,1,9.0,1,26,5,18.0,10.0,1,0,0,1,0,0,24,0,0,7,3,3,,0,1,7,8,1,8.88,0,12.7,0.8,4.0,15,Single,Dropout
2,5,1,7,1,8.0,1,7,9,9.0,6.0,1,0,0,1,0,1,30,0,0,6,9,5,17.47,0,0,6,7,6,15.03,0,12.87,0.9,0.71,8,Married,Not Dropout
1,9,5,14,1,8.0,1,29,11,18.0,12.0,1,0,0,1,1,0,37,0,0,6,7,3,7.13,0,0,7,12,2,7.73,0,12.83,2.05,-2.55,20,Single,Dropout
1,12,3,2,1,2.0,1,28,18,13.0,16.0,1,0,0,1,0,0,33,0,1,5,7,4,12.72,0,0,4,4,3,13.95,0,14.99,4.0,-2.02,23,Single,Not Dropout
1,5,4,13,1,14.0,1,3,27,,2.0,1,0,0,1,0,0,24,0,0,4,6,3,20.0,0,0,4,4,4,20.0,3,12.15,2.35,3.02,15,Single,Not Dropout
1,10,4,16,1,16.0,1,11,8,16.0,3.0,0,0,0,1,1,1,30,0,1,9,11,2,11.0,1,0,8,7,3,7.73,1,11.09,3.64,-0.8,9,Single,Not Dropout
1,13,1,3,1,4.0,1,8,19,1.0,4.0,0,0,0,1,0,0,24,0,0,8,14,7,14.62,0,1,8,7,7,15.3,0,9.55,1.5,-1.44,13,Single,Not Dropout
1,9,4,12,1,6.0,1,15,15,4.0,18.0,0,0,0,1,0,0,23,0,0,8,13,4,16.27,0,0,9,9,7,11.29,0,10.84,0.5,0.16,15,Single,Not Dropout
1,5,1,9,1,11.0,1,27,24,15.0,11.0,1,0,0,1,0,0,28,0,0,4,6,2,8.41,0,0,5,5,3,9.5,0,13.06,3.74,4.0,25,Single,Not Dropout
1,10,1,2,1,1.0,1,11,10,18.0,7.0,1,0,0,1,0,0,28,0,0,5,7,5,16.73,1,0,4,6,4,16.14,0,13.54,4.0,0.39,10,Single,Not Dropout
4,14,0,5,1,2.0,1,20,13,8.0,4.0,1,0,0,1,0,0,26,0,0,6,10,3,7.79,0,0,7,5,3,8.06,0,10.26,-0.29,2.55,16,Other,Dropout
1,4,1,14,1,15.0,1,4,19,13.0,14.0,1,0,0,1,0,0,22,0,1,7,11,4,11.14,0,0,6,5,2,9.97,1,10.23,1.15,1.13,11,Single,Not Dropout
1,10,5,15,1,3.0,1,17,13,14.0,10.0,1,0,0,1,1,0,20,0,2,5,6,4,14.26,2,0,5,7,3,16.34,1,12.85,2.86,-1.21,15,Single,Not Dropout
1,12,1,7,1,10.0,1,11,23,15.0,12.0,1,0,0,1,0,0,17,0,1,9,10,6,10.54,0,0,10,8,5,10.19,0,14.65,0.48,-0.53,17,Single,Not Dropout
1,6,2,2,1,15.0,1,27,1,18.0,14.0,0,0,0,1,1,0,24,0,1,8,7,8,20.0,0,0,8,9,8,18.05,0,17.0,1.0,1.55,14,Single,Not Dropout
1,7,2,5,1,12.0,1,23,11,2.0,2.0,0,0,0,1,0,0,24,0,0,7,9,1,5.6,0,1,7,8,2,6.62,0,12.93,3.13,-5.0,17,Single,Dropout
1,16,4,15,1,5.0,1,7,6,4.0,13.0,0,0,0,1,1,0,28,0,2,7,9,5,17.13,0,0,10,11,9,14.26,1,10.09,1.43,-1.93,6,Single,Not Dropout
2,7,3,10,1,3.0,1,19,5,18.0,14.0,0,0,0,1,0,0,17,0,0,6,9,1,3.82,0,0,6,6,2,3.98,0,9.06,0.92,-2.13,12,Married,Dropout
3,11,3,8,0,12.0,6,10,2,11.0,6.0,0,0,0,1,0,1,24,0,1,5,10,1,2.22,0,0,5,6,0,2.62,0,15.78,1.9,1.17,6,Other,Dropout
5,3,5,1,1,7.0,1,13,11,11.0,6.0,0,0,0,1,0,0,22,0,0,2,6,1,11.8,0,0,2,1,1,9.65,0,12.46,2.3,-1.39,12,Other,Not Dropout
5,16,2,14,1,16.0,1,14,7,8.0,12.0,0,0,0,1,0,0,23,0,0,8,11,5,15.59,0,1,8,13,6,14.02,0,10.72,-1.0,-1.11,10,Other,Not Dropout
4,11,4,8,1,11.0,1,24,22,7.0,,1,0,0,1,1,1,30,0,0,6,7,4,17.56,0,1,6,6,6,16.47,0,10.11,4.0,0.44,23,Other,Not Dropout
1,13,5,10,1,1.0,1,9,15,5.0,18.0,0,0,0,1,1,0,31,0,1,8,8,6,17.34,1,0,7,10,7,14.8,0,15.44,1.6,-4.06,12,Single,Not Dropout
1,11,4,15,1,5.0,1,1,23,8.0,2.0,0,0,0,1,0,0,29,0,0,7,10,6,11.4,0,0,6,8,4,10.9,2,10.78,2.65,-3.74,12,Single,Not Dropout
1,7,0,10,1,12.0,1,6,26,2.0,4.0,1,0,0,1,0,1,24,0,0,6,8,4,10.55,1,1,6,3,3,14.94,0,14.7,2.86,1.73,16,Single,Not Dropout
1,6,1,16,0,12.0,1,24,23,6.0,16.0,1,0,0,1,0,0,22,0,2,6,9,4,11.01,0,0,7,6,4,11.56,0,13.53,-0.2,-1.21,23,Single,Not Dropout
1,12,3,10,1,12.0,1,9,13,19.0,13.0,0,0,0,1,0,0,30,0,2,5,4,4,15.74,1,0,6,8,5,15.66,0,10.78,-1.0,-3.59,11,Single,Not Dropout
2,15,2,6,1,4.0,1,2,29,4.0,17.0,0,0,0,1,0,1,33,0,0,4,3,1,5.95,0,1,2,7,1,7.07,0,16.06,2.68,0.78,15,Married,Dropout
1,3,1,16,1,4.0,1,12,12,14.0,1.0,1,0,0,1,0,1,33,0,0,5,5,2,9.78,1,1,5,8,3,8.24,0,11.5,2.71,-0.59,12,Single,Not Dropout
1,15,2,11,1,4.0,1,26,24,1.0,3.0,1,0,0,1,1,0,26,0,1,5,8,4,13.85,0,1,5,9,3,13.66,0,10.34,0.15,2.68,25,Single,Not Dropout
1,15,0,13,1,12.0,1,26,6,14.0,,1,0,1,1,1,0,23,0,0,6,7,4,12.93,1,1,9,9,7,15.34,0,15.22,3.32,0.73,16,Single,Not Dropout
1,2,1,4,1,1.0,1,28,29,6.0,16.0,1,0,0,1,0,0,27,0,0,8,12,6,17.48,1,0,8,12,7,15.83,0,13.65,0.04,-2.6,28,Single,Not Dropout
1,2,4,12,1,14.0,1,20,9,14.0,16.0,1,0,0,1,0,0,28,0,0,8,7,5,11.48,0,0,7,10,4,15.02,1,10.41,0.59,-1.18,14,Single,Not Dropout
2,12,0,10,1,5.0,1,24,19,10.0,18.0,1,0,0,1,1,0,21,0,2,4,3,2,9.57,0,0,5,0,2,11.94,0,13.73,1.14,1.08,21,Married,Not Dropout
1,15,5,2,0,,1,23,11,15.0,5.0,1,0,0,1,0,0,22,0,1,8,9,6,,0,0,9,9,6,13.48,1,14.42,-0.38,1.37,17,Single,Not Dropout
1,7,2,5,1,4.0,1,1,7,13.0,2.0,1,0,0,1,0,0,41,0,0,7,7,1,6.23,0,1,7,7,3,,0,13.27,0.62,2.0,4,Single,Dropout
1,11,4,16,0,7.0,1,13,10,11.0,6.0,0,0,1,1,0,0,21,0,1,8,7,6,15.34,1,1,9,8,9,14.93,1,,1.84,-1.48,11,Single,Not Dropout
1,17,1,10,1,13.0,1,16,18,14.0,19.0,1,0,0,1,0,0,28,0,1,7,8,2,8.82,0,0,8,9,4,8.32,0,12.35,2.86,1.59,17,Single,Not Dropout
1,6,4,14,1,4.0,1,14,4,19.0,10.0,1,0,0,1,1,0,20,0,0,3,4,2,10.95,0,0,5,9,3,10.05,0,8.78,1.45,4.0,9,Single,Not Dropout
1,4,3,3,1,10.0,1,25,6,12.0,1.0,1,0,0,1,0,0,22,0,1,7,6,6,13.93,1,0,8,9,4,15.22,1,10.58,0.83,2.14,15,Single,Not Dropout
1,17,5,4,1,1.0,1,29,27,4.0,15.0,0,0,0,1,0,0,17,0,2,9,9,5,13.68,0,0,8,8,3,9.11,1,10.68,-0.21,1.36,28,Single,Not Dropout
1,5,0,17,1,3.0,1,16,3,3.0,17.0,1,1,0,1,1,0,17,0,1,4,6,1,5.77,0,0,2,4,1,7.5,0,13.66,1.13,-0.79,9,Single,Dropout
4,9,4,8,1,11.0,1,3,21,11.0,3.0,0,0,0,1,0,0,27,0,1,5,5,3,14.83,0,0,4,6,3,14.34,0,13.96,0.04,1.91,12,Other,Not Dropout
1,8,1,16,1,10.0,1,11,9,9.0,11.0,1,0,0,1,0,1,26,0,0,3,2,1,7.24,0,1,4,6,0,5.47,0,8.0,-0.09,-3.13,10,Single,Dropout
2,9,2,14,1,10.0,1,6,10,12.0,15.0,1,0,0,1,0,0,34,0,0,5,5,2,12.54,0,0,6,4,3,10.79,0,12.67,0.02,0.35,8,Married,Not Dropout
1,5,0,6,1,4.0,1,14,11,13.0,19.0,0,0,0,1,0,1,23,0,2,4,3,2,12.46,0,0,2,6,1,10.2,0,11.39,1.62,-2.02,12,Single,Not Dropout
1,12,5,17,1,4.0,1,7,12,4.0,12.0,1,0,0,1,0,0,24,0,0,5,10,1,5.29,1,0,3,1,0,5.49,0,12.49,1.8,-1.2,9,Single,Dropout
2,12,3,14,1,7.0,1,3,21,15.0,7.0,1,0,0,1,0,0,23,0,0,7,10,2,8.24,0,0,4,3,2,9.93,0,15.56,0.99,1.59,12,Married,Dropout
1,4,5,3,1,3.0,1,5,24,19.0,18.0,1,0,0,1,0,0,17,0,0,8,14,6,11.56,0,0,9,12,7,10.84,0,10.47,2.84,-4.99,14,Single,Not Dropout
1,9,3,2,0,15.0,16,15,11,7.0,7.0,1,0,0,1,1,0,27,0,0,3,4,2,17.56,0,0,3,7,2,15.43,0,10.82,2.64,-2.88,13,Single,Not Dropout
1,1,0,3,1,5.0,1,5,5,18.0,13.0,0,0,0,0,0,0,22,0,0,5,5,2,7.81,0,0,5,5,2,11.22,0,13.38,0.0,-1.38,5,Single,Dropout
1,4,2,13,1,12.0,1,1,1,18.0,16.0,0,0,0,1,0,0,17,0,0,6,5,3,3.15,1,1,6,6,2,7.71,0,11.76,3.39,-5.0,1,Single,Not Dropout
1,17,2,3,1,3.0,1,9,22,8.0,11.0,0,0,0,0,1,0,30,0,0,6,8,4,12.06,0,0,5,5,4,14.54,0,7.58,-1.0,0.29,15,Single,Not Dropout
2,9,0,5,0,11.0,1,19,27,16.0,14.0,1,0,0,1,0,1,20,0,0,8,8,5,17.38,1,1,7,6,6,11.62,1,16.06,2.51,-1.23,23,Married,Not Dropout
2,11,5,8,1,4.0,1,19,1,18.0,16.0,1,0,0,1,1,0,25,0,2,8,7,5,12.1,0,1,10,10,9,17.44,1,12.24,1.55,1.44,10,Married,Not Dropout
1,16,5,3,1,5.0,1,12,18,17.0,12.0,0,0,0,1,0,0,25,0,0,8,12,5,12.48,0,0,9,8,6,10.71,0,14.08,0.69,0.52,15,Single,Not Dropout
1,13,3,6,0,7.0,1,20,7,8.0,8.0,1,0,0,1,0,0,24,0,0,7,8,4,8.03,0,1,8,7,3,7.92,0,10.44,0.73,-0.58,13,Single,Not Dropout
1,14,3,12,1,2.0,1,6,7,13.0,13.0,0,0,0,1,0,0,17,0,0,6,8,5,14.25,1,0,8,8,6,16.55,0,7.98,1.69,-1.74,6,Single,Not Dropout
1,13,4,17,0,2.0,1,21,25,12.0,8.0,0,0,0,1,1,0,31,0,0,5,6,3,12.5,1,0,6,7,3,12.22,1,11.33,0.61,2.49,23,Single,Not Dropout
1,9,4,8,1,13.0,1,1,8,8.0,13.0,1,0,0,1,0,0,19,0,2,7,9,5,,0,2,6,8,4,11.99,1,12.18,2.17,1.21,4,Single,Not Dropout
4,11,0,13,1,6.0,1,4,9,13.0,2.0,0,0,0,1,0,1,17,0,0,5,3,2,11.39,0,0,6,7,2,9.96,1,14.66,-1.0,2.43,6,Other,Not Dropout
2,5,3,10,1,10.0,1,27,4,18.0,1.0,1,0,1,1,0,0,28,0,0,5,4,3,12.06,0,1,3,4,1,11.21,0,,0.65,-0.44,15,Married,Dropout
1,16,4,8,0,11.0,1,14,27,1.0,10.0,0,0,0,1,1,0,28,0,0,7,12,4,13.22,1,1,6,6,3,10.92,0,14.18,1.77,-1.02,20,Single,Not Dropout
1,4,4,9,0,10.0,1,17,27,18.0,3.0,1,0,0,1,0,0,17,1,0,8,9,2,4.3,1,1,9,8,1,2.27,0,8.13,1.15,-1.11,22,Single,Dropout
1,16,3,17,1,,1,12,27,7.0,14.0,0,0,0,1,0,0,23,0,2,6,8,5,14.93,0,0,5,6,4,17.09,0,10.66,-0.29,3.82,19,Single,Not Dropout
1,15,5,2,1,16.0,1,19,7,16.0,4.0,1,0,1,1,0,0,29,0,0,7,10,5,9.54,0,0,8,10,5,11.89,0,12.18,1.16,3.95,13,Single,Not Dropout
1,3,3,9,1,11.0,1,22,6,3.0,10.0,1,0,1,1,0,1,31,0,0,6,6,0,,1,0,8,10,0,0.0,0,8.73,1.89,0.57,14,Single,Dropout
1,13,2,1,1,6.0,1,23,28,17.0,4.0,0,0,0,1,1,0,27,0,0,6,5,2,12.48,0,1,6,6,4,11.41,0,15.66,1.76,-3.09,25,Single,Not Dropout
1,17,2,15,1,5.0,1,8,18,9.0,18.0,1,0,0,1,1,0,28,0,0,7,5,3,10.16,0,0,7,8,3,10.7,0,11.0,0.81,0.44,13,Single,Not Dropout
1,10,4,11,1,13.0,1,19,8,18.0,17.0,1,0,0,1,0,0,27,0,0,5,4,1,8.33,0,0,5,8,2,7.71,2,9.68,2.07,0.72,13,Single,Dropout
4,6,5,1,1,7.0,1,23,2,9.0,1.0,1,0,0,1,0,0,22,0,1,8,8,8,18.88,0,1,8,10,8,17.16,0,8.92,0.63,2.07,12,Other,Not Dropout
1,15,1,11,1,9.0,1,12,24,15.0,8.0,0,0,0,1,0,0,17,0,0,6,5,4,13.64,0,0,5,5,3,12.63,0,8.43,0.73,-2.41,18,Single,Not Dropout
4,9,1,8,0,14.0,1,12,24,,18.0,1,0,1,1,0,0,21,0,0,6,4,2,12.63,0,1,6,4,4,11.29,0,13.46,2.45,0.9,18,Other,Dropout
1,3,3,1,1,,1,19,1,4.0,10.0,0,0,0,1,0,0,30,0,0,6,9,3,8.57,0,0,6,2,3,11.06,0,9.52,-0.2,4.0,10,Single,Not Dropout
1,5,4,17,1,4.0,1,17,14,5.0,17.0,0,0,0,1,0,0,30,0,0,8,12,6,14.73,0,1,8,12,5,11.73,0,12.49,1.35,-2.61,15,Single,Not Dropout
1,12,2,7,1,1.0,1,8,15,11.0,2.0,0,0,0,1,0,0,24,0,1,2,1,1,5.74,0,1,2,8,0,5.64,2,10.49,-0.54,1.5,11,Single,Dropout
1,8,3,1,1,2.0,1,28,14,10.0,9.0,0,0,0,1,0,0,21,0,1,4,2,3,18.28,2,0,4,6,4,20.0,0,13.98,2.5,1.55,21,Single,Not Dropout
1,4,0,11,1,10.0,1,17,11,12.0,17.0,0,0,0,1,0,1,33,0,1,8,9,5,10.96,0,0,7,6,5,7.99,1,12.53,1.62,-2.37,14,Single,Not Dropout
1,14,1,7,1,9.0,1,17,10,16.0,4.0,1,0,0,1,1,0,24,0,1,7,11,6,19.32,1,0,7,7,6,16.33,0,13.4,3.05,1.53,13,Single,Not Dropout
3,3,5,12,1,,1,6,10,15.0,1.0,0,0,0,1,0,1,27,0,2,6,4,2,7.23,0,0,7,7,3,8.65,0,17.0,3.21,-0.03,8,Other,Not Dropout
1,4,3,3,1,4.0,1,20,27,2.0,14.0,1,0,0,0,1,0,17,0,1,6,4,3,13.04,0,0,5,5,4,13.31,0,10.44,1.34,1.38,23,Single,Not Dropout
1,8,5,15,0,12.0,1,27,29,10.0,2.0,1,0,0,1,0,0,23,0,1,7,3,2,5.56,0,0,8,10,4,10.12,1,11.98,-0.6,-0.38,28,Single,Dropout
1,1,1,8,1,2.0,1,22,4,3.0,6.0,1,0,0,1,0,1,30,0,1,9,11,0,2.42,0,0,10,12,0,1.74,1,12.06,0.56,0.69,13,Single,Dropout
1,7,1,8,1,12.0,1,15,21,10.0,16.0,1,0,0,1,0,1,17,0,0,6,5,5,15.9,1,0,8,7,7,16.09,1,12.62,0.4,0.72,18,Single,Not Dropout
1,16,5,14,1,15.0,1,19,17,11.0,17.0,1,0,0,1,1,0,23,0,0,9,12,4,12.08,1,1,9,11,6,13.01,0,10.49,3.95,-0.52,18,Single,Not Dropout
1,16,5,10,1,8.0,1,7,8,19.0,3.0,1,0,0,1,0,1,25,0,0,7,9,4,8.72,0,1,6,2,2,11.01,2,13.33,1.82,-0.5,7,Single,Not Dropout
5,15,5,1,1,8.0,1,2,6,8.0,10.0,0,0,0,1,1,1,32,0,1,5,9,0,0.0,0,0,5,9,0,0.0,0,17.0,2.25,-0.18,4,Other,Dropout
2,6,1,10,1,9.0,1,19,22,9.0,16.0,0,0,0,1,0,0,29,0,0,5,8,1,9.67,0,0,4,2,1,7.63,1,11.39,3.43,-0.77,20,Married,Not Dropout
1,2,4,11,0,2.0,1,6,11,10.0,8.0,1,0,0,1,1,0,33,0,0,8,6,4,12.75,0,1,8,9,5,15.06,0,11.58,2.11,-0.71,8,Single,Not Dropout
1,14,2,6,1,11.0,1,3,4,3.0,7.0,1,0,1,1,0,1,28,0,0,9,9,2,8.94,0,0,7,9,2,7.47,0,,1.65,-2.95,3,Single,Dropout
1,7,5,4,1,6.0,1,23,29,2.0,11.0,1,0,0,1,0,0,28,0,0,6,9,4,9.76,0,1,6,7,4,11.19,0,7.37,2.64,-1.53,26,Single,Not Dropout
3,13,5,1,1,8.0,1,13,27,14.0,15.0,1,0,0,0,1,1,17,0,0,8,6,2,8.19,0,0,10,12,3,7.18,1,9.05,-1.0,-3.35,20,Other,Dropout
1,3,2,15,1,1.0,1,25,13,6.0,1.0,0,0,0,1,0,0,17,0,1,7,7,2,9.47,0,0,9,13,1,7.99,0,8.18,-0.41,2.19,19,Single,Dropout
1,12,1,1,1,15.0,1,26,13,7.0,1.0,1,0,0,1,0,0,33,0,1,6,7,3,11.34,0,0,7,7,4,6.16,0,8.44,1.5,0.98,19,Single,Not Dropout
1,10,5,10,1,6.0,1,4,13,19.0,3.0,1,0,0,1,0,0,20,1,0,7,8,0,4.29,1,1,6,7,1,1.09,1,9.87,2.63,1.04,8,Single,Dropout
2,16,2,15,1,2.0,1,23,6,5.0,7.0,1,0,0,1,0,1,20,0,0,4,6,3,13.86,0,0,5,5,3,9.98,1,8.99,1.32,-1.06,14,Married,Not Dropout
1,2,2,6,1,13.0,1,10,4,18.0,6.0,1,0,0,1,0,1,17,0,0,6,6,4,7.57,0,0,6,9,3,9.44,0,9.29,1.43,-1.9,7,Single,Not Dropout
1,7,3,4,1,16.0,1,21,8,12.0,10.0,1,0,0,0,1,0,29,0,1,5,4,3,14.01,0,1,5,6,3,12.53,1,8.95,-1.0,-0.98,14,Single,Not Dropout
2,17,5,13,1,9.0,1,2,12,6.0,6.0,0,0,0,1,0,1,17,0,0,8,10,5,18.65,0,0,9,10,8,15.93,0,8.93,2.88,-1.6,7,Married,Not Dropout
1,7,0,11,1,1.0,1,14,5,19.0,12.0,0,0,0,1,0,0,18,0,1,7,8,3,10.31,0,0,7,8,3,9.74,1,17.0,3.63,-3.62,9,Single,Not Dropout
3,12,5,1,0,16.0,1,19,2,12.0,7.0,1,0,0,0,0,0,30,0,0,6,11,0,2.85,0,1,6,8,0,3.4,0,9.38,-0.67,-0.08,10,Other,Dropout
1,3,2,10,1,4.0,1,13,27,6.0,16.0,0,0,0,1,0,0,17,0,1,8,7,3,9.66,1,0,9,10,4,13.72,0,10.06,-1.0,-1.38,20,Single,Not Dropout
1,13,0,1,1,4.0,1,16,26,9.0,6.0,0,0,0,1,0,0,31,0,0,4,5,2,5.81,0,0,2,3,1,7.51,0,12.54,2.36,0.08,21,Single,Dropout
1,5,1,7,0,12.0,1,1,9,8.0,5.0,1,0,0,1,0,1,18,0,0,5,3,4,14.79,1,0,5,5,5,17.54,1,8.15,2.58,-2.08,5,Single,Not Dropout
6,10,2,6,1,6.0,1,1,18,17.0,17.0,0,0,0,1,0,0,22,0,0,9,11,3,,0,3,11,11,5,,0,7.28,-1.0,-2.92,9,Other,Not Dropout
1,15,4,15,1,2.0,1,18,5,9.0,13.0,0,0,1,1,0,0,18,0,0,7,8,5,14.6,0,0,9,10,6,14.53,0,,1.93,-0.04,11,Single,Not Dropout
1,12,3,17,1,11.0,1,13,27,1.0,1.0,0,0,0,1,0,0,17,0,0,3,5,2,14.28,0,1,2,5,1,13.92,1,11.11,0.82,-4.4,20,Single,Not Dropout
1,9,0,12,1,5.0,1,17,24,14.0,3.0,1,0,0,1,0,0,18,0,1,7,7,5,,0,1,6,8,1,8.47,0,11.78,0.39,2.29,20,Single,Dropout
1,4,2,13,1,,1,11,6,15.0,1.0,0,0,0,1,0,0,18,0,1,4,1,2,10.26,0,0,3,3,2,9.87,0,13.16,-0.89,0.22,8,Single,Not Dropout
1,6,1,1,1,3.0,1,1,7,8.0,16.0,0,0,1,1,1,0,17,0,0,6,10,3,,0,0,2,2,1,11.83,1,12.61,1.6,-0.96,4,Single,Not Dropout
1,15,1,2,1,15.0,1,21,10,18.0,12.0,0,0,0,1,0,1,32,0,0,7,10,6,17.74,0,1,9,13,9,19.12,1,15.78,0.33,-0.36,15,Single,Not Dropout
1,4,4,14,1,12.0,1,4,3,9.0,18.0,1,0,0,1,1,0,17,0,0,6,9,4,14.94,0,1,7,5,6,14.6,0,11.65,0.79,2.82,3,Single,Not Dropout
3,12,4,8,1,4.0,1,23,11,6.0,7.0,1,0,0,1,0,0,17,0,0,6,9,2,5.88,0,0,5,3,2,8.52,0,11.59,4.0,-0.34,17,Other,Dropout
1,9,0,9,0,10.0,1,1,20,14.0,1.0,0,0,1,1,0,1,17,0,0,5,6,2,11.64,0,0,3,2,1,8.38,0,9.12,3.77,0.09,10,Single,Dropout
1,6,3,12,1,16.0,1,27,22,3.0,9.0,0,0,0,1,1,0,26,0,0,8,10,4,9.99,1,0,8,10,3,10.02,0,11.49,2.7,-1.56,24,Single,Not Dropout
1,13,2,6,1,2.0,1,8,1,19.0,2.0,0,0,0,1,0,0,17,0,1,7,6,3,7.56,1,0,7,6,3,6.37,0,9.53,0.06,2.92,4,Single,Not Dropout
1,7,2,12,1,14.0,1,26,11,13.0,3.0,1,0,0,1,0,0,22,0,1,5,5,1,8.71,0,1,7,6,3,7.43,0,8.36,0.4,0.79,18,Single,Not Dropout
1,5,4,13,1,8.0,1,1,25,7.0,15.0,1,0,0,1,1,1,35,0,0,7,10,4,8.69,0,0,6,9,2,11.6,0,16.23,1.05,2.72,13,Single,Not Dropout
1,9,1,5,1,16.0,1,14,26,2.0,8.0,0,0,0,1,1,0,24,0,1,6,11,3,12.99,0,0,6,4,4,12.88,0,8.23,2.74,-4.28,20,Single,Not Dropout
4,13,4,12,1,4.0,1,13,17,12.0,17.0,0,1,0,1,0,1,25,0,2,5,7,3,13.05,0,0,4,6,2,11.43,0,16.26,-0.57,-2.37,15,Other,Not Dropout
1,15,2,3,1,12.0,1,5,22,12.0,10.0,1,0,0,0,0,0,20,0,0,7,1,4,13.68,0,0,7,10,5,13.58,0,14.53,0.2,0.05,13,Single,Not Dropout
1,11,0,6,0,16.0,1,14,8,16.0,13.0,0,0,0,1,1,0,23,0,0,9,11,4,7.86,0,0,11,13,7,6.92,0,11.28,1.46,1.61,11,Single,Not Dropout
1,12,4,14,1,6.0,1,7,26,6.0,,1,0,0,1,0,1,22,0,0,5,9,2,2.98,0,1,8,9,1,3.21,0,7.94,0.78,2.17,16,Single,Dropout
2,14,5,17,0,2.0,1,13,14,5.0,9.0,1,0,0,1,0,0,25,0,1,7,7,5,,0,1,8,10,3,9.11,0,11.07,0.02,-0.02,13,Married,Not Dropout
1,5,3,2,1,7.0,1,11,21,8.0,7.0,1,0,1,1,0,0,33,0,0,8,7,3,9.25,1,1,6,12,3,9.59,0,8.93,1.5,-1.83,16,Single,Dropout
1,5,4,12,1,10.0,1,6,8,16.0,15.0,1,0,0,1,0,1,20,0,0,7,10,7,15.21,0,0,8,9,8,15.27,1,15.69,-0.54,-1.79,7,Single,Not Dropout
2,9,0,10,0,11.0,1,23,6,18.0,16.0,0,0,1,1,1,0,18,0,0,8,8,7,13.13,1,0,8,9,6,16.33,0,13.15,0.95,2.86,14,Married,Not Dropout
1,11,2,11,0,8.0,1,16,16,7.0,6.0,1,0,0,1,0,0,23,0,0,6,6,4,14.36,0,0,6,11,6,11.91,1,14.15,-0.92,1.16,16,Single,Not Dropout
6,11,2,14,1,15.0,1,25,16,1.0,16.0,0,0,0,1,0,1,29,0,1,7,5,5,14.59,0,0,7,7,5,15.58,0,10.79,2.23,2.11,20,Other,Not Dropout
1,3,4,2,1,10.0,1,24,17,3.0,19.0,1,0,0,1,0,0,21,0,0,7,5,1,4.9,0,0,6,6,0,4.1,0,11.32,-1.0,4.0,20,Single,Dropout
1,14,2,13,0,11.0,1,8,24,11.0,4.0,0,0,0,0,1,0,25,0,0,4,7,1,9.94,0,0,5,10,1,8.22,1,13.04,-1.0,-5.0,16,Single,Dropout
1,7,4,5,1,16.0,1,9,23,1.0,17.0,1,0,0,1,0,0,26,0,1,4,3,0,10.37,1,0,3,6,1,1.31,2,10.54,0.07,-2.17,16,Single,Dropout
4,15,1,3,1,16.0,1,28,9,14.0,2.0,1,0,1,1,0,0,36,0,0,8,13,6,14.3,0,0,8,7,8,15.15,0,15.43,-1.0,-2.63,18,Other,Not Dropout
1,13,3,8,1,,1,10,14,1.0,17.0,0,0,0,1,1,1,29,0,0,5,10,2,11.71,0,0,5,6,4,11.92,0,10.03,0.77,-4.47,12,Single,Not Dropout
1,17,1,1,1,5.0,1,3,3,9.0,17.0,0,0,0,1,1,0,18,0,0,6,5,4,14.86,0,1,6,8,3,14.43,1,15.05,0.45,0.97,3,Single,Not Dropout
1,11,3,11,1,12.0,1,16,23,16.0,17.0,0,0,1,1,0,1,17,0,0,8,8,5,9.09,0,1,6,7,2,8.07,1,9.14,1.75,-2.46,19,Single,Not Dropout
1,9,0,10,1,9.0,1,29,4,9.0,7.0,1,0,0,1,0,0,24,0,1,6,8,3,10.83,0,0,6,7,3,6.4,0,10.09,0.62,-1.45,16,Single,Not Dropout
1,4,4,9,1,8.0,1,7,3,13.0,18.0,1,0,0,0,0,0,19,0,0,8,12,3,6.45,1,0,7,5,2,8.59,1,10.77,1.71,-0.07,5,Single,Dropout
1,7,0,1,1,12.0,1,19,16,7.0,11.0,1,0,0,0,1,0,20,0,0,6,7,4,11.38,0,0,7,9,4,14.78,1,10.45,0.87,-0.03,17,Single,Not Dropout
3,15,5,13,1,,1,10,27,,2.0,1,0,0,1,0,0,17,0,2,4,4,3,12.72,0,0,7,12,4,12.43,0,9.51,4.0,3.18,18,Other,Not Dropout
1,7,5,1,1,15.0,1,12,11,9.0,17.0,1,0,0,1,0,1,20,0,0,8,8,6,11.22,0,0,7,9,5,13.29,0,7.0,-0.64,0.87,11,Single,Not Dropout
1,1,3,5,1,6.0,1,14,6,,18.0,0,0,0,1,0,0,20,0,0,5,6,2,14.64,1,0,5,8,3,13.62,0,11.85,-1.0,-4.55,10,Single,Not Dropout
1,5,5,7,1,13.0,1,5,6,19.0,6.0,0,0,0,1,1,0,22,0,1,9,9,8,14.99,0,1,9,8,8,12.2,1,9.58,1.18,-1.48,5,Single,Not Dropout
1,11,4,12,1,4.0,1,12,25,8.0,5.0,1,0,0,1,1,0,19,0,0,7,10,6,11.55,0,1,6,5,5,13.22,0,10.37,-0.47,-1.79,18,Single,Not Dropout
1,11,0,7,0,15.0,1,8,20,5.0,11.0,0,0,0,1,0,0,19,0,0,5,5,3,17.02,0,0,4,3,3,15.49,0,13.14,0.88,4.0,14,Single,Not Dropout
1,17,4,14,1,2.0,1,24,15,18.0,7.0,0,0,0,1,0,1,26,0,0,7,9,5,14.24,0,1,7,9,4,13.52,0,9.56,2.83,3.03,19,Single,Not Dropout
1,16,2,16,1,13.0,1,7,27,13.0,13.0,1,0,0,1,0,1,23,0,0,5,8,2,9.03,0,0,4,5,2,8.62,1,11.31,1.66,-0.22,17,Single,Not Dropout
1,10,5,14,1,2.0,1,25,4,17.0,8.0,0,0,0,1,0,1,23,0,0,5,6,2,12.72,0,0,7,5,4,11.14,0,9.54,2.22,-1.61,14,Single,Not Dropout
1,10,5,1,1,15.0,1,1,18,8.0,,0,0,0,1,0,0,23,0,0,7,8,3,8.9,0,0,7,7,2,11.06,0,15.83,0.32,0.89,9,Single,Not Dropout
1,14,5,14,1,16.0,1,12,11,7.0,5.0,1,0,0,1,0,1,18,0,0,8,9,5,8.26,0,0,7,8,5,12.08,0,13.66,0.2,1.0,11,Single,Not Dropout
1,1,2,4,1,,1,8,7,,13.0,1,0,0,0,0,1,32,0,0,7,6,4,12.19,0,0,7,9,3,9.76,1,11.39,2.38,-0.27,7,Single,Not Dropout
1,11,1,16,1,13.0,1,13,27,15.0,9.0,1,0,0,1,0,0,35,0,1,5,8,5,14.58,0,0,5,6,5,13.84,0,11.62,-1.0,-5.0,20,Single,Not Dropout
1,9,0,17,1,8.0,1,23,28,17.0,1.0,1,0,0,1,1,0,30,0,0,4,5,3,15.08,1,2,3,6,2,13.89,3,,1.5,-1.04,25,Single,Not Dropout
1,14,0,2,1,4.0,1,28,25,16.0,10.0,0,0,0,1,0,0,17,0,0,6,6,3,14.61,1,0,6,4,5,,0,9.78,0.66,-1.23,26,Single,Not Dropout
2,14,5,2,1,16.0,1,22,5,6.0,15.0,1,0,0,1,1,0,19,0,1,4,3,2,9.22,0,0,4,9,3,9.79,0,15.41,0.13,-1.51,13,Married,Not Dropout
1,12,3,12,1,9.0,1,15,21,10.0,3.0,1,0,1,1,0,0,27,0,0,6,11,4,13.03,1,0,9,6,8,11.95,1,9.95,0.83,-3.65,18,Single,Not Dropout
1,12,2,3,1,14.0,1,15,11,10.0,5.0,0,0,0,1,0,0,18,0,0,6,9,4,12.17,1,1,5,8,4,17.0,0,11.1,0.68,1.76,13,Single,Not Dropout
1,12,2,17,1,12.0,1,29,12,3.0,7.0,0,0,0,1,1,1,19,0,0,8,6,3,7.49,0,0,8,12,3,7.72,1,,1.83,-0.07,20,Single,Not Dropout
1,10,1,10,1,12.0,1,29,6,1.0,18.0,0,0,0,1,1,0,17,0,1,7,9,4,10.1,0,0,6,5,3,10.75,0,12.73,1.42,-1.56,17,Single,Not Dropout
1,4,3,10,1,6.0,1,23,18,7.0,7.0,0,0,0,1,0,0,21,0,0,8,8,5,10.18,2,0,8,13,2,11.61,0,11.13,-0.18,-2.91,20,Single,Not Dropout
1,5,2,15,1,7.0,1,5,25,10.0,16.0,0,0,0,1,0,1,18,0,0,6,5,2,8.55,0,0,5,6,1,5.15,0,8.61,2.9,-1.56,15,Single,Not Dropout
1,13,4,4,1,8.0,1,8,7,19.0,13.0,0,0,0,1,0,1,17,0,0,6,6,5,20.0,0,1,8,9,7,19.92,1,7.93,3.21,0.56,7,Single,Not Dropout
3,11,0,10,1,10.0,1,8,16,,19.0,1,0,0,1,1,1,30,0,1,7,9,6,16.99,1,0,9,12,8,15.72,0,16.79,1.56,2.38,12,Other,Not Dropout
1,5,5,17,1,12.0,1,7,19,14.0,12.0,1,0,0,1,0,0,26,0,0,7,8,4,14.03,0,0,8,9,5,14.39,0,10.17,2.57,2.45,13,Single,Not Dropout
1,15,0,1,1,4.0,1,29,19,19.0,7.0,1,0,0,1,0,1,17,0,1,7,8,4,10.22,0,0,6,6,4,12.59,0,9.67,1.15,-1.98,24,Single,Not Dropout
1,17,2,3,1,,1,5,8,15.0,14.0,1,0,0,1,0,0,28,0,0,10,12,7,10.28,0,0,9,9,2,11.41,0,13.38,-0.15,4.0,6,Single,Dropout
4,11,2,3,1,1.0,1,25,1,10.0,2.0,1,0,0,1,0,0,24,0,0,7,10,1,7.3,1,0,7,8,2,8.16,0,7.0,2.1,4.0,13,Other,Dropout
1,4,4,6,1,9.0,1,24,25,18.0,15.0,1,0,0,1,0,0,30,0,0,8,14,6,11.6,0,1,10,10,5,,0,15.4,1.13,-2.81,24,Single,Not Dropout
1,16,3,3,1,11.0,1,16,18,18.0,5.0,1,0,0,1,0,0,27,0,0,4,4,2,7.73,0,1,5,7,2,8.69,0,10.15,1.4,-2.35,17,Single,Dropout
1,5,1,3,0,4.0,1,9,21,4.0,13.0,0,0,0,1,0,0,18,0,0,5,5,4,15.9,0,0,8,8,4,12.52,0,10.67,1.05,-0.36,15,Single,Not Dropout
1,8,2,15,0,12.0,1,8,16,6.0,12.0,1,0,0,0,0,0,27,0,0,5,6,2,14.11,0,0,5,5,4,13.31,0,9.21,2.48,2.36,12,Single,Not Dropout
5,15,3,8,1,1.0,1,20,12,19.0,5.0,1,0,0,1,0,1,27,0,1,6,8,4,12.34,0,0,6,6,4,12.95,0,11.46,1.01,2.86,16,Other,Not Dropout
1,9,2,7,1,14.0,1,20,8,1.0,10.0,0,0,1,1,0,0,29,0,0,6,9,3,12.3,0,0,7,4,4,11.95,0,9.55,1.24,0.93,14,Single,Not Dropout
1,5,0,8,1,12.0,1,16,20,10.0,10.0,1,0,0,1,1,1,29,0,2,7,6,1,3.08,0,0,7,7,0,6.15,0,10.94,2.34,1.55,18,Single,Dropout
1,2,1,17,1,11.0,1,17,25,8.0,15.0,1,0,0,1,0,0,35,0,0,9,15,4,9.14,0,2,9,11,4,11.83,0,8.66,3.86,0.24,21,Single,Not Dropout
1,7,3,9,0,12.0,1,24,10,,9.0,1,0,0,0,0,0,29,0,2,6,5,5,10.84,0,0,5,9,2,12.2,0,11.68,0.84,0.82,17,Single,Not Dropout
2,12,1,8,1,6.0,1,22,1,19.0,2.0,0,0,0,1,0,1,18,0,0,7,10,5,10.91,0,2,6,10,4,13.12,0,10.27,4.0,0.95,11,Married,Not Dropout
1,13,3,16,1,16.0,1,22,5,7.0,2.0,0,0,0,1,0,1,24,0,0,6,9,2,8.79,0,0,9,10,2,8.04,0,11.71,2.77,-1.3,13,Single,Not Dropout
1,4,0,1,1,12.0,1,9,17,5.0,13.0,1,0,0,1,0,1,17,0,2,8,6,4,8.19,0,0,7,8,3,8.8,0,10.45,1.84,4.0,13,Single,Not Dropout
3,3,4,9,1,3.0,1,2,7,7.0,17.0,0,0,0,1,0,0,30,0,1,7,9,3,9.12,1,0,8,8,3,9.57,1,15.55,2.31,2.36,4,Other,Dropout
2,12,1,13,0,15.0,1,14,24,14.0,9.0,0,0,0,0,1,0,18,0,2,6,4,2,3.21,2,1,4,7,0,5.35,0,10.89,3.63,1.8,19,Married,Dropout
1,3,3,9,1,12.0,1,10,8,7.0,2.0,0,0,0,1,0,0,36,0,0,8,7,3,12.5,1,0,8,6,4,9.8,0,13.11,0.95,-0.51,9,Single,Not Dropout
1,2,5,15,1,5.0,1,10,15,13.0,4.0,0,0,0,1,0,1,21,0,0,7,8,5,11.79,0,0,6,5,4,15.04,0,11.12,-1.0,-1.27,12,Single,Not Dropout
1,9,2,16,1,16.0,1,16,7,7.0,19.0,0,0,0,1,0,0,23,0,1,8,9,2,9.23,0,0,8,6,4,,0,13.48,-0.87,-3.43,11,Single,Not Dropout
1,10,0,6,1,,1,27,14,15.0,14.0,1,0,0,1,0,0,20,0,0,6,9,2,6.35,1,3,7,8,3,4.4,0,9.84,-0.08,-0.59,20,Single,Dropout
1,5,0,14,1,11.0,1,24,20,2.0,1.0,1,0,1,1,1,0,19,0,0,7,7,6,15.83,1,1,7,8,7,15.06,0,10.44,2.09,0.5,22,Single,Not Dropout
1,4,2,5,1,11.0,1,20,24,7.0,5.0,1,0,0,1,0,0,20,0,0,6,8,6,14.84,0,1,8,7,8,16.46,1,11.42,1.1,-2.58,22,Single,Not Dropout
3,5,0,5,1,16.0,1,21,22,6.0,14.0,1,0,0,1,0,0,24,0,0,4,7,1,11.92,1,0,4,3,2,9.43,0,7.0,3.7,-0.83,21,Other,Not Dropout
3,6,5,17,1,10.0,1,12,15,12.0,13.0,0,0,1,1,0,1,23,0,1,5,6,1,8.57,1,1,5,7,2,8.21,1,12.26,2.48,-0.78,13,Other,Dropout
2,1,5,1,1,16.0,1,16,14,13.0,6.0,1,0,1,1,1,1,20,0,1,7,8,4,9.04,0,0,7,8,4,12.4,0,9.39,1.31,1.6,15,Married,Not Dropout
5,1,5,7,1,5.0,1,13,10,14.0,14.0,1,0,0,0,1,0,25,0,0,7,5,5,11.56,0,0,6,5,3,9.17,0,10.37,1.19,1.46,11,Other,Not Dropout
1,7,5,11,1,13.0,1,24,29,18.0,18.0,0,0,1,1,0,1,20,0,0,5,3,2,9.49,1,0,4,4,3,10.87,0,13.61,0.73,-1.7,26,Single,Not Dropout
1,1,3,8,1,4.0,1,29,22,16.0,18.0,1,0,0,1,0,1,23,0,0,9,8,2,7.15,0,2,10,12,2,1.73,0,11.35,0.76,-0.77,25,Single,Dropout
1,6,1,15,1,16.0,1,13,26,1.0,16.0,1,0,0,1,0,0,34,0,0,5,9,4,14.34,0,1,4,6,3,13.1,0,10.05,1.32,-1.01,19,Single,Not Dropout
1,10,2,5,1,,1,21,22,13.0,7.0,1,0,0,1,0,0,20,0,1,7,11,4,11.42,1,1,7,8,5,8.94,0,11.99,-0.74,-2.17,21,Single,Not Dropout
1,1,1,10,1,11.0,1,2,3,1.0,1.0,1,0,0,1,0,0,21,0,0,6,9,5,14.73,1,1,6,5,6,,0,9.79,-0.95,-1.09,2,Single,Not Dropout
1,11,5,3,1,2.0,1,12,8,8.0,8.0,1,0,0,1,0,0,17,0,0,7,9,4,11.9,0,0,9,7,6,10.64,0,11.33,0.98,0.48,10,Single,Not Dropout
1,11,2,4,0,8.0,1,26,14,12.0,1.0,1,0,0,1,1,0,21,0,1,4,6,4,15.15,0,2,4,1,3,15.97,0,8.94,1.44,-3.26,20,Single,Not Dropout
1,10,2,3,1,3.0,8,20,10,7.0,11.0,0,0,0,1,1,1,25,0,0,3,3,1,9.12,1,0,3,2,2,9.74,0,13.86,0.93,1.01,15,Single,Not Dropout
1,11,4,13,1,15.0,1,16,27,14.0,12.0,1,0,0,1,0,0,20,0,0,5,5,3,7.42,1,0,4,6,1,8.7,1,8.29,0.35,-2.03,21,Single,Not Dropout
1,14,2,4,1,,1,7,15,16.0,,0,0,0,1,0,0,17,0,0,8,5,4,11.04,0,0,7,6,3,9.08,0,12.53,3.08,-2.97,11,Single,Not Dropout
1,2,2,12,1,14.0,1,24,7,12.0,3.0,1,0,0,1,0,0,25,0,0,7,8,6,14.46,0,0,6,5,6,18.63,0,7.0,2.17,-1.39,15,Single,Not Dropout
1,3,1,6,1,15.0,1,29,18,10.0,10.0,1,0,0,1,0,1,26,0,0,4,6,2,11.17,0,0,4,3,2,10.78,0,11.23,1.02,-0.37,23,Single,Not Dropout
2,6,0,10,1,2.0,17,12,11,19.0,1.0,1,0,1,1,1,1,27,1,0,8,8,5,16.1,0,0,6,6,5,15.15,0,12.42,0.27,0.92,11,Married,Not Dropout
2,12,0,15,1,13.0,1,24,4,,6.0,0,0,0,1,0,1,17,0,0,7,10,2,8.65,1,0,8,11,4,6.69,0,8.89,-0.04,-1.34,14,Married,Not Dropout
1,15,2,15,0,,19,18,28,5.0,19.0,0,0,0,1,1,1,31,0,1,8,11,2,5.42,0,1,9,8,2,8.22,0,12.59,2.27,0.95,23,Single,Dropout
1,16,5,1,1,2.0,1,12,28,13.0,18.0,1,0,1,1,1,0,20,0,0,6,5,4,13.27,0,0,5,5,4,14.13,0,11.42,-0.06,0.37,20,Single,Not Dropout
1,10,1,14,1,5.0,1,10,23,10.0,13.0,0,0,0,1,1,1,17,0,0,3,9,2,8.09,1,1,3,2,1,8.34,0,10.4,3.12,2.45,16,Single,Not Dropout
2,7,3,17,1,9.0,1,15,10,1.0,8.0,1,0,0,1,1,0,29,0,1,9,11,5,11.05,0,0,10,13,10,13.67,0,11.81,2.08,-0.54,12,Married,Not Dropout
2,8,1,12,1,14.0,1,12,25,18.0,1.0,0,0,0,1,0,0,31,0,0,6,10,3,13.23,0,0,6,7,4,,1,14.82,0.94,-1.21,18,Married,Not Dropout
1,2,1,4,1,12.0,1,18,9,16.0,13.0,0,0,0,1,0,0,21,0,0,8,8,5,11.35,0,2,7,5,4,11.7,0,12.11,0.16,4.0,13,Single,Not Dropout
1,8,0,12,1,4.0,1,5,26,12.0,10.0,1,0,0,1,1,1,18,0,0,6,10,5,,0,0,7,6,7,18.75,0,8.45,1.77,2.07,15,Single,Not Dropout
1,9,3,11,1,5.0,1,14,26,13.0,14.0,1,0,0,1,0,1,26,0,0,6,8,4,10.52,0,1,7,9,3,11.93,0,9.04,0.84,-1.62,20,Single,Not Dropout
1,4,3,12,0,5.0,1,22,5,11.0,3.0,1,0,0,1,0,1,17,0,0,3,3,2,12.97,0,0,4,7,3,14.27,0,9.16,0.57,2.08,13,Single,Not Dropout
6,14,2,8,1,12.0,1,25,10,7.0,16.0,0,0,0,1,1,0,38,0,0,5,4,3,11.82,0,0,4,4,2,10.0,1,10.27,0.37,4.0,17,Other,Dropout
1,14,3,9,1,9.0,1,9,21,18.0,16.0,1,0,0,1,1,0,17,0,0,9,10,6,13.07,0,0,12,14,9,12.16,0,12.5,1.54,0.35,15,Single,Not Dropout
1,6,2,12,1,1.0,1,18,7,11.0,9.0,1,0,0,1,0,0,25,0,1,8,11,6,14.71,0,1,8,10,6,14.68,0,13.09,0.22,0.33,12,Single,Not Dropout
1,16,1,8,1,2.0,1,9,24,7.0,1.0,0,0,0,1,1,1,22,0,1,8,9,5,8.85,0,0,8,13,3,9.86,0,12.65,1.33,-1.51,16,Single,Not Dropout
1,2,4,14,1,2.0,1,23,20,14.0,9.0,1,0,0,1,0,1,17,0,0,7,8,6,15.49,1,1,7,6,6,14.27,1,7.0,2.71,2.37,21,Single,Not Dropout
3,16,3,13,1,16.0,1,11,7,3.0,8.0,0,0,0,1,0,0,17,0,0,7,7,4,9.74,0,0,8,13,4,11.67,0,12.4,0.34,0.99,9,Other,Not Dropout
5,14,0,6,0,9.0,1,20,23,7.0,15.0,1,0,1,0,0,1,30,0,0,8,6,5,12.08,0,0,10,13,7,12.84,0,10.42,-0.21,-3.31,21,Other,Not Dropout
1,4,2,11,1,8.0,1,13,2,3.0,5.0,0,0,0,1,0,0,25,0,0,8,9,2,8.99,0,1,7,6,2,3.7,0,13.03,3.87,-0.32,7,Single,Dropout
1,12,2,13,1,13.0,1,8,12,2.0,1.0,0,0,0,1,1,0,19,0,0,7,6,5,13.34,1,1,7,9,5,13.56,0,14.37,0.88,-0.2,10,Single,Not Dropout
2,6,4,9,0,4.0,1,17,6,16.0,19.0,1,0,0,1,0,0,20,0,1,6,9,2,7.17,0,0,5,4,2,7.58,0,7.48,2.25,-0.59,11,Married,Not Dropout
1,14,1,13,1,1.0,1,19,1,9.0,5.0,1,0,0,1,1,0,18,0,0,8,11,4,10.26,0,0,6,7,4,11.91,0,10.93,1.0,-0.53,10,Single,Not Dropout
2,3,5,3,1,5.0,1,20,22,17.0,2.0,1,0,0,1,0,0,28,0,0,4,8,4,15.11,1,1,4,6,3,17.04,1,13.46,0.71,-3.58,21,Married,Not Dropout
1,5,3,7,1,4.0,1,23,5,13.0,17.0,0,0,1,0,0,0,29,0,2,6,6,4,10.67,0,0,7,7,5,11.62,0,12.39,2.41,4.0,14,Single,Not Dropout
1,6,0,12,1,13.0,1,20,21,5.0,14.0,1,0,0,1,1,0,26,0,1,4,5,3,17.85,0,0,3,8,2,14.18,2,14.31,2.9,-0.49,20,Single,Not Dropout
2,4,2,16,0,14.0,1,25,3,5.0,6.0,0,0,0,1,0,0,25,0,1,5,3,3,10.33,2,0,4,5,2,7.22,0,14.45,-0.39,3.23,14,Married,Dropout
1,6,5,11,1,11.0,1,13,26,9.0,10.0,0,0,0,0,1,0,27,0,1,7,7,4,5.94,0,0,6,7,3,11.26,0,10.74,-1.0,-0.98,19,Single,Not Dropout
1,11,1,12,1,15.0,1,15,29,2.0,14.0,0,0,0,0,1,0,17,0,1,8,9,4,11.54,1,0,9,12,4,9.57,0,9.42,2.08,-3.04,22,Single,Dropout
1,11,4,6,1,8.0,1,14,10,,16.0,1,0,0,1,0,1,25,1,0,10,11,4,7.63,0,0,9,11,4,9.02,0,9.32,3.05,0.16,12,Single,Not Dropout
1,10,4,12,1,4.0,1,17,15,9.0,8.0,1,0,0,1,1,0,29,0,2,6,6,2,7.95,0,0,3,6,1,5.88,0,13.8,1.21,2.0,16,Single,Dropout
1,4,4,7,1,6.0,1,5,19,3.0,5.0,1,0,0,1,1,0,24,0,1,6,6,4,12.95,0,0,6,8,4,9.43,0,13.19,0.75,-1.46,12,Single,Not Dropout
1,4,0,1,1,3.0,1,25,18,10.0,1.0,1,0,0,1,1,0,23,0,1,6,7,4,16.16,0,0,5,10,5,14.99,0,12.2,1.25,2.43,21,Single,Not Dropout
6,16,2,5,1,15.0,1,16,1,17.0,17.0,1,0,0,1,0,1,19,0,1,7,7,5,17.93,0,0,6,7,4,13.75,0,11.41,2.42,-1.05,8,Other,Not Dropout
6,5,2,11,1,10.0,1,17,29,18.0,16.0,1,0,0,1,0,0,20,0,0,10,14,4,5.77,0,0,10,11,1,9.24,0,12.76,1.98,-2.53,23,Other,Dropout
1,2,2,17,1,13.0,1,26,28,8.0,19.0,0,0,0,1,0,1,20,0,0,6,8,3,7.79,0,0,6,10,2,8.93,0,11.79,-0.13,0.66,27,Single,Not Dropout
1,8,5,9,1,5.0,1,14,15,2.0,15.0,1,0,0,1,0,0,24,0,1,4,4,1,9.92,1,0,4,5,1,6.4,0,10.42,-0.61,2.93,14,Single,Dropout
1,1,0,15,1,12.0,1,14,17,17.0,5.0,1,0,0,1,0,0,20,0,0,7,10,5,8.59,0,0,7,6,2,,0,14.64,-1.0,4.0,15,Single,Dropout
5,6,3,14,1,6.0,1,17,5,11.0,5.0,1,0,0,1,0,0,17,0,0,6,5,4,11.13,0,4,4,4,2,11.23,0,8.4,1.34,-2.95,11,Other,Not Dropout
1,15,5,10,1,8.0,1,28,22,15.0,5.0,0,0,0,1,0,0,28,0,2,6,6,3,10.5,0,0,5,5,2,10.53,0,13.68,3.36,-1.44,25,Single,Not Dropout
1,5,5,14,1,11.0,1,8,15,1.0,9.0,0,0,0,0,0,0,26,0,1,6,5,4,11.49,1,0,6,10,3,11.05,0,8.52,-1.0,-1.21,11,Single,Dropout
1,12,3,7,1,16.0,1,5,9,,19.0,0,0,0,1,1,0,25,0,0,10,10,3,4.47,0,0,11,10,1,8.54,0,12.27,-0.15,-0.97,7,Single,Dropout
1,9,5,8,1,9.0,1,4,9,6.0,14.0,1,0,0,1,0,1,17,0,0,5,9,3,17.24,2,0,4,3,3,14.83,0,14.44,2.55,0.35,6,Single,Not Dropout
1,7,2,13,1,12.0,1,22,3,14.0,9.0,0,0,0,0,1,0,20,0,0,4,5,3,15.52,1,2,6,9,4,9.54,0,13.52,0.03,4.0,12,Single,Not Dropout
1,12,3,11,1,10.0,1,1,23,13.0,15.0,0,0,0,1,0,0,26,0,0,5,3,3,9.37,0,0,5,10,3,12.3,0,11.75,2.08,4.0,12,Single,Not Dropout
2,11,3,9,1,7.0,1,21,2,15.0,16.0,1,0,0,1,0,1,23,0,0,5,5,3,14.95,0,1,4,2,2,11.75,1,7.0,0.18,4.0,11,Married,Not Dropout
2,6,0,8,1,15.0,1,26,17,8.0,8.0,1,0,0,1,0,0,19,0,0,4,6,2,10.19,0,1,4,9,3,9.99,0,8.78,-0.32,2.15,21,Married,Not Dropout
2,4,0,17,0,16.0,1,20,24,6.0,17.0,0,0,0,1,0,0,31,0,1,6,8,3,12.42,0,0,6,5,4,9.33,0,12.54,1.92,-0.17,22,Married,Not Dropout
1,16,5,2,1,5.0,1,5,2,4.0,1.0,1,0,0,1,1,0,18,0,0,9,10,4,6.81,0,1,9,6,3,11.07,0,10.71,-0.57,-2.53,3,Single,Not Dropout
1,3,1,1,1,15.0,1,20,5,5.0,6.0,1,0,0,1,0,0,17,0,0,4,7,4,16.58,0,3,4,2,4,15.55,0,10.01,0.99,-4.19,12,Single,Not Dropout
1,17,2,9,1,8.0,1,13,23,4.0,4.0,1,0,0,0,0,0,24,0,0,4,6,3,11.04,0,1,5,6,3,12.86,0,7.0,0.97,2.07,18,Single,Not Dropout
2,9,3,1,1,12.0,1,1,24,16.0,4.0,0,0,0,1,1,1,24,0,0,8,9,3,8.78,0,1,10,10,4,5.99,1,10.56,3.73,0.2,12,Married,Not Dropout
1,17,3,6,1,,1,6,3,13.0,4.0,1,0,0,1,1,0,23,0,0,6,7,1,7.87,0,0,5,6,1,11.21,0,11.55,0.27,3.94,4,Single,Dropout
2,7,3,10,1,13.0,1,22,8,13.0,7.0,0,0,0,1,0,0,25,0,0,6,7,5,16.94,1,0,5,5,4,18.41,2,9.93,0.35,-0.47,15,Married,Not Dropout
1,10,5,7,1,14.0,1,17,18,17.0,14.0,0,0,0,1,0,0,20,0,0,8,9,3,11.05,0,1,8,6,3,9.9,0,11.42,2.09,2.98,17,Single,Not Dropout
2,11,4,4,1,7.0,1,15,16,15.0,12.0,0,0,1,1,0,1,29,0,1,5,6,2,6.1,0,0,6,8,2,9.96,1,10.34,1.65,2.4,15,Married,Not Dropout
1,6,5,5,1,12.0,1,23,15,7.0,9.0,1,0,0,1,1,1,17,0,0,3,6,1,10.29,1,0,1,1,0,11.27,1,13.15,0.13,-5.0,19,Single,Not Dropout
1,4,3,11,0,9.0,1,16,8,6.0,10.0,1,0,0,1,0,0,23,0,0,8,10,5,11.94,0,0,8,11,4,9.22,0,11.0,0.26,0.6,12,Single,Not Dropout
1,9,5,17,1,13.0,1,29,16,3.0,4.0,0,0,0,1,0,1,19,0,0,6,7,3,,0,0,8,10,4,11.35,0,10.77,-0.07,-0.27,22,Single,Not Dropout
1,12,3,14,1,4.0,1,2,2,14.0,14.0,0,0,0,1,0,1,29,0,0,6,6,4,12.51,0,0,6,6,4,10.03,1,11.08,0.78,-2.82,2,Single,Not Dropout
1,5,3,10,1,12.0,1,9,26,17.0,15.0,0,0,0,1,1,0,18,0,0,3,5,3,17.39,0,0,4,4,4,16.22,0,10.01,1.78,4.0,17,Single,Not Dropout
1,14,4,3,1,10.0,1,6,16,14.0,11.0,0,0,0,1,1,0,23,0,0,4,6,1,5.89,0,0,4,1,1,8.93,1,14.01,0.02,1.19,11,Single,Dropout
1,11,5,5,0,8.0,1,13,11,9.0,16.0,0,0,0,1,0,1,24,0,1,6,7,4,10.22,1,1,6,9,3,10.17,0,9.75,0.28,4.0,12,Single,Not Dropout
1,3,0,8,1,6.0,1,27,11,7.0,16.0,1,0,0,1,0,1,24,0,1,4,4,1,11.09,0,0,5,6,2,10.16,1,13.21,3.24,0.57,19,Single,Not Dropout
1,16,5,5,1,12.0,1,12,11,9.0,,1,1,1,1,1,0,19,0,1,8,9,1,5.3,0,0,7,9,1,7.99,0,9.24,0.93,0.64,11,Single,Dropout
1,1,4,12,1,6.0,1,10,13,6.0,,1,0,0,1,0,0,25,0,0,6,6,4,13.6,0,0,4,3,3,12.0,1,15.65,2.25,0.76,11,Single,Not Dropout
2,12,5,7,1,1.0,1,3,6,4.0,2.0,1,0,0,1,0,1,23,1,0,6,4,4,13.42,0,0,7,8,5,12.42,0,17.0,1.51,0.41,4,Married,Not Dropout
1,8,4,15,1,16.0,1,12,18,9.0,9.0,1,0,0,1,1,0,25,0,2,8,12,2,,0,1,8,7,4,7.7,0,12.54,1.09,2.23,15,Single,Dropout
1,12,5,5,1,8.0,1,7,6,5.0,,1,0,0,1,0,1,32,0,1,5,9,3,12.57,1,0,7,6,3,8.19,0,12.87,2.51,0.47,6,Single,Not Dropout
2,14,1,9,1,3.0,1,6,10,15.0,1.0,1,0,0,1,0,1,24,0,0,7,8,5,10.65,1,0,5,9,3,11.69,1,11.27,0.75,-3.23,8,Married,Not Dropout
2,12,1,13,1,4.0,1,4,26,18.0,3.0,1,0,0,1,0,0,17,0,0,6,8,3,11.94,0,0,7,7,6,10.66,0,11.66,1.4,4.0,15,Married,Not Dropout
1,12,1,4,1,14.0,1,19,17,4.0,3.0,0,0,0,1,0,0,35,0,0,8,9,8,20.0,1,1,7,8,7,18.29,0,9.37,-0.61,-1.88,18,Single,Not Dropout
2,15,1,13,0,6.0,1,21,27,1.0,7.0,0,0,1,1,0,0,29,0,0,7,9,2,11.31,0,1,7,5,2,9.42,0,8.83,-0.51,-0.69,24,Married,Dropout
1,12,1,10,1,5.0,1,22,20,17.0,7.0,0,0,0,1,0,0,27,0,2,7,8,4,14.48,0,1,8,7,5,11.28,0,12.65,-0.39,-0.16,21,Single,Not Dropout
1,14,2,12,1,8.0,1,2,23,6.0,16.0,0,0,0,1,1,0,22,0,0,5,6,3,9.15,0,1,5,4,1,11.85,0,9.23,-0.63,-3.5,12,Single,Not Dropout
1,7,1,8,0,1.0,1,27,3,5.0,18.0,1,0,0,1,0,1,27,1,0,5,4,2,9.58,0,0,5,5,3,,2,,3.02,-0.43,15,Single,Not Dropout
1,4,0,16,1,9.0,1,15,15,17.0,4.0,1,1,0,1,0,1,17,0,0,6,11,3,9.74,2,0,6,6,3,10.7,0,13.65,0.07,-1.3,15,Single,Not Dropout
1,4,3,14,1,1.0,1,17,11,16.0,8.0,1,0,0,1,1,0,32,0,0,7,6,4,14.67,0,0,7,7,4,11.51,1,14.68,0.85,0.91,14,Single,Not Dropout
1,11,4,4,0,14.0,1,26,1,12.0,10.0,1,0,0,0,0,0,28,0,0,7,10,5,11.71,1,0,6,8,2,10.64,0,9.18,2.34,2.29,13,Single,Not Dropout
1,10,0,10,0,7.0,1,8,3,3.0,6.0,0,0,0,1,1,0,22,0,0,8,7,4,10.28,1,0,7,11,5,11.24,1,8.58,3.25,-3.21,5,Single,Not Dropout
1,2,3,16,1,4.0,1,15,6,14.0,7.0,0,0,0,1,0,0,28,0,0,5,2,2,10.04,1,0,5,7,2,11.32,0,13.12,0.92,-1.35,10,Single,Not Dropout
1,4,3,5,1,8.0,1,3,1,15.0,,1,0,0,1,1,0,27,0,0,4,7,2,6.49,0,0,4,3,2,8.48,0,13.24,0.94,-0.64,2,Single,Dropout
1,17,4,10,0,3.0,1,15,13,9.0,9.0,0,0,0,1,0,0,17,0,1,5,6,4,13.0,0,0,5,3,4,13.16,0,13.11,-0.62,4.0,14,Single,Not Dropout
1,13,0,13,1,6.0,1,8,2,11.0,14.0,1,0,0,1,0,1,24,1,0,5,3,3,15.19,0,0,4,3,4,13.65,1,13.4,-1.0,-0.81,5,Single,Not Dropout
1,13,4,5,1,3.0,1,6,24,11.0,2.0,1,0,0,0,0,0,25,0,0,5,7,4,13.15,1,0,6,7,5,14.99,0,9.08,2.58,-5.0,15,Single,Not Dropout
1,4,0,9,1,11.0,1,18,18,13.0,10.0,0,0,1,1,0,0,22,0,0,6,6,4,13.31,0,0,6,9,4,14.14,0,11.38,1.06,0.13,18,Single,Not Dropout
1,2,1,10,1,16.0,1,4,28,10.0,6.0,0,0,0,0,0,0,22,0,1,4,9,2,9.01,1,0,4,7,1,4.81,0,10.78,1.97,1.71,16,Single,Dropout
1,5,1,4,1,8.0,1,29,3,19.0,6.0,0,0,0,1,0,1,28,0,0,5,3,2,4.89,0,0,5,10,1,5.54,0,13.44,1.72,-1.91,16,Single,Dropout
1,15,5,4,0,2.0,1,7,3,1.0,9.0,0,0,0,1,0,0,24,0,0,5,5,2,11.2,1,0,4,5,2,12.11,0,12.83,-0.17,-2.17,5,Single,Not Dropout
2,9,1,10,1,2.0,1,3,26,1.0,6.0,1,0,0,1,0,0,34,0,0,4,7,1,6.38,0,0,2,2,0,6.15,0,12.82,-0.05,-0.68,14,Married,Dropout
1,14,4,4,1,14.0,1,13,12,,15.0,0,0,0,1,0,0,19,0,0,4,4,1,7.38,0,0,4,5,2,5.53,0,12.12,1.87,0.56,12,Single,Dropout
6,9,5,17,1,6.0,1,12,23,3.0,4.0,0,0,1,1,0,0,25,0,1,5,4,4,18.53,0,0,4,1,4,19.01,0,11.73,1.66,-1.07,17,Other,Not Dropout
1,9,5,9,1,5.0,1,20,6,10.0,17.0,1,0,1,1,0,0,17,0,0,7,9,3,12.07,1,0,6,7,5,11.13,0,10.59,2.65,2.4,13,Single,Not Dropout
1,11,1,12,1,2.0,1,20,1,2.0,7.0,1,0,0,1,0,0,27,0,0,6,9,3,12.66,1,0,7,7,4,12.66,0,11.94,0.09,-0.52,10,Single,Not Dropout
1,17,0,7,1,11.0,1,18,15,4.0,,0,0,0,1,1,1,17,0,0,7,8,0,5.87,0,0,7,6,1,3.6,1,12.88,-0.12,2.18,16,Single,Dropout
1,8,1,6,1,2.0,1,17,17,10.0,4.0,1,0,0,0,1,0,25,0,0,6,7,2,10.23,0,0,7,11,2,10.1,0,14.02,1.38,-1.63,17,Single,Dropout
2,11,4,9,1,15.0,1,23,4,18.0,18.0,0,0,0,1,0,0,30,0,0,7,7,3,12.83,0,0,6,6,4,13.24,0,14.58,3.07,2.44,13,Married,Not Dropout
5,16,1,13,1,4.0,1,19,1,16.0,13.0,1,0,0,1,0,1,23,0,0,7,7,1,5.9,1,1,7,7,2,5.59,0,12.95,3.24,-2.4,10,Other,Dropout
2,7,3,7,1,2.0,1,5,7,5.0,15.0,1,0,0,1,0,0,17,0,0,7,6,5,15.5,0,2,7,5,4,13.41,0,14.68,-0.27,1.14,6,Married,Not Dropout
1,15,2,5,0,12.0,1,14,4,2.0,17.0,0,0,0,1,1,0,29,0,0,6,10,2,4.9,1,0,4,5,1,5.49,0,13.23,1.26,-0.4,9,Single,Dropout
1,10,4,3,1,6.0,1,20,29,15.0,19.0,0,0,0,1,0,1,25,0,0,6,8,2,10.07,0,0,5,10,2,6.19,0,7.5,2.99,-3.3,24,Single,Not Dropout
1,15,3,10,1,12.0,1,8,29,15.0,5.0,1,0,0,1,0,0,22,0,1,4,2,1,7.58,1,0,6,7,1,2.99,1,13.65,2.15,1.17,18,Single,Dropout
1,8,3,12,1,1.0,1,26,1,18.0,7.0,1,0,0,1,0,0,17,0,0,5,5,2,12.06,2,0,4,7,2,12.84,0,,-0.97,1.36,13,Single,Not Dropout
1,11,4,9,1,14.0,1,14,14,9.0,5.0,1,0,0,1,1,0,17,0,0,8,11,3,,0,0,8,8,2,3.13,0,15.22,2.45,-0.43,14,Single,Dropout
1,6,5,5,1,5.0,1,10,12,2.0,10.0,0,0,0,1,0,0,37,0,0,5,7,3,10.73,0,0,4,6,2,9.99,0,7.0,0.11,1.78,11,Single,Not Dropout
1,11,2,5,1,13.0,1,12,1,18.0,18.0,1,0,0,1,1,0,20,0,0,6,7,4,13.82,0,1,5,4,4,15.38,0,7.0,1.66,1.92,6,Single,Not Dropout
2,6,3,7,1,15.0,14,18,20,6.0,15.0,1,0,0,1,0,1,17,0,0,7,8,4,12.0,0,0,7,6,5,10.68,0,15.91,1.81,-0.56,19,Married,Not Dropout
1,11,3,6,1,9.0,1,21,25,8.0,11.0,1,0,0,1,0,0,25,0,0,7,8,2,10.23,0,0,6,8,4,11.32,0,16.42,2.26,-0.62,23,Single,Not Dropout
1,14,4,4,1,6.0,1,8,18,8.0,9.0,1,0,1,1,0,0,17,0,0,6,6,3,11.37,0,0,7,11,5,12.1,1,14.54,1.09,2.58,13,Single,Not Dropout
1,8,2,17,1,6.0,1,5,27,19.0,14.0,1,0,0,1,0,1,26,0,0,6,9,4,8.28,1,0,7,6,5,12.78,0,15.17,1.64,-1.56,16,Single,Not Dropout
1,8,2,6,1,11.0,1,3,19,7.0,9.0,1,0,0,1,0,0,31,0,0,8,10,5,11.79,0,2,9,11,4,13.38,2,,1.19,4.0,11,Single,Not Dropout
1,6,5,5,1,1.0,1,15,16,11.0,17.0,0,0,0,1,1,0,17,0,0,5,7,3,12.29,0,0,2,0,1,10.71,0,14.23,1.39,-1.17,15,Single,Not Dropout
1,13,5,11,1,3.0,1,27,28,10.0,11.0,0,0,0,1,0,0,21,0,0,7,6,1,9.03,0,0,7,6,2,,2,9.24,3.13,3.44,27,Single,Dropout
1,11,3,14,1,11.0,1,28,21,19.0,13.0,1,0,0,0,0,0,26,0,1,6,6,3,7.91,0,0,8,14,4,9.42,0,14.43,1.68,-1.17,24,Single,Dropout
1,9,0,8,0,1.0,1,17,23,19.0,13.0,1,0,0,1,0,0,17,0,1,7,7,6,17.67,0,0,5,5,5,17.75,1,10.37,-0.1,-2.11,20,Single,Not Dropout
2,1,1,12,1,5.0,1,16,23,13.0,15.0,0,0,0,1,1,1,18,1,1,7,7,6,12.76,1,0,9,9,5,13.34,0,11.25,1.54,1.68,19,Married,Not Dropout
1,2,2,2,1,11.0,1,15,1,3.0,10.0,1,0,0,1,0,0,22,0,2,6,7,5,18.22,0,0,3,5,2,15.74,1,14.14,0.68,-0.85,8,Single,Not Dropout
1,1,4,10,1,5.0,1,7,22,7.0,8.0,1,0,0,1,1,0,35,0,0,8,12,5,11.78,0,1,9,8,7,,0,11.41,2.42,-5.0,14,Single,Not Dropout
1,15,4,2,1,15.0,1,13,22,13.0,8.0,0,0,0,1,0,0,18,0,0,8,9,3,7.78,2,0,6,8,2,6.81,0,12.81,2.18,2.07,17,Single,Not Dropout
1,15,4,3,1,16.0,1,28,15,16.0,18.0,1,0,0,1,0,0,21,0,0,6,4,2,10.08,2,0,6,8,4,12.53,0,9.72,1.9,1.23,21,Single,Not Dropout
1,2,0,11,0,1.0,12,18,17,15.0,3.0,1,0,0,1,1,0,38,0,0,7,9,1,8.07,0,0,8,8,3,4.16,0,9.62,-0.61,-3.66,17,Single,Dropout
1,1,2,4,1,3.0,1,8,25,10.0,14.0,0,0,0,1,1,1,28,0,2,7,5,7,16.77,0,0,5,9,4,16.56,0,10.81,1.51,-2.57,16,Single,Not Dropout
1,14,4,1,1,15.0,1,3,5,13.0,19.0,0,0,0,1,1,0,17,0,1,8,10,5,14.91,0,0,11,9,10,16.4,0,8.7,-0.38,-0.25,4,Single,Not Dropout
1,9,5,4,1,1.0,1,22,16,6.0,2.0,0,0,0,1,0,0,22,0,1,4,4,2,7.95,0,1,3,3,1,7.83,1,13.26,-0.31,-0.9,19,Single,Not Dropout
1,6,0,14,1,8.0,1,27,23,13.0,12.0,1,0,0,1,1,0,27,0,0,8,10,6,13.09,0,1,8,12,6,15.81,1,12.36,0.92,2.28,25,Single,Not Dropout
1,11,5,10,0,16.0,1,4,8,10.0,12.0,1,0,0,1,0,0,32,1,0,3,5,2,15.55,0,0,2,5,2,12.21,1,8.01,1.96,1.14,6,Single,Not Dropout
2,5,0,7,0,10.0,1,11,8,13.0,7.0,0,0,1,1,0,0,31,0,0,7,8,4,10.58,1,0,8,8,4,,0,15.3,1.56,-0.82,9,Married,Not Dropout
1,4,1,17,1,5.0,1,25,1,17.0,2.0,0,0,0,0,0,1,26,0,1,7,6,6,11.73,1,0,9,9,5,12.77,0,15.36,0.46,-2.3,13,Single,Not Dropout
1,7,5,7,1,1.0,1,8,10,16.0,13.0,0,0,0,1,0,0,27,0,0,6,6,4,10.14,0,0,6,7,4,12.52,0,11.38,1.27,-2.94,9,Single,Not Dropout
2,16,4,15,1,7.0,1,6,11,14.0,10.0,1,0,0,1,1,0,17,0,1,7,9,5,9.74,0,0,9,6,6,13.55,0,10.16,3.36,1.86,8,Married,Not Dropout
1,14,5,6,1,9.0,1,12,28,15.0,15.0,0,0,0,0,1,1,19,0,0,4,5,2,13.3,0,1,4,5,3,11.12,0,14.77,0.29,-2.37,20,Single,Not Dropout
1,4,3,1,1,2.0,1,12,3,4.0,2.0,1,0,0,1,1,1,17,0,1,5,10,3,8.03,0,0,5,7,5,10.14,0,9.2,-1.0,-0.46,7,Single,Not Dropout
3,10,3,2,0,9.0,1,14,19,4.0,18.0,0,0,1,1,0,0,29,0,0,4,5,2,11.76,0,1,3,2,1,6.37,0,15.67,1.11,-0.12,16,Other,Dropout
1,16,3,5,1,7.0,1,29,2,16.0,12.0,0,0,1,0,0,1,25,0,1,5,8,4,13.5,1,0,4,5,2,15.0,0,11.49,-0.25,-2.89,15,Single,Not Dropout
1,17,3,4,1,6.0,1,29,24,11.0,9.0,1,0,0,1,1,0,24,0,0,8,8,8,17.93,0,1,9,10,8,18.79,0,15.0,1.57,0.61,26,Single,Not Dropout
1,13,3,3,1,16.0,1,17,14,9.0,9.0,1,0,0,1,0,0,32,0,0,9,8,0,9.12,0,0,8,6,2,10.04,0,13.48,-1.0,1.96,15,Single,Dropout
1,3,1,7,1,15.0,1,3,13,13.0,19.0,0,0,0,0,1,0,26,0,0,6,9,2,10.15,0,1,7,8,3,11.81,0,17.0,-1.0,-0.08,8,Single,Not Dropout
1,5,5,17,1,12.0,1,8,28,2.0,11.0,0,0,0,1,0,0,30,0,0,7,7,5,9.87,0,0,7,5,3,7.46,1,13.55,0.17,-2.74,18,Single,Not Dropout
1,4,2,4,1,10.0,1,6,22,4.0,12.0,1,0,0,1,1,0,28,0,2,10,8,6,11.12,1,0,12,12,10,13.04,0,,2.64,1.61,14,Single,Not Dropout
1,3,3,5,1,8.0,1,1,4,3.0,13.0,1,0,0,1,0,0,28,0,0,6,4,3,11.34,1,0,5,5,4,12.19,0,10.28,0.42,-1.43,2,Single,Not Dropout
1,3,4,17,0,2.0,1,12,8,11.0,6.0,0,0,0,0,0,0,17,0,1,5,7,3,12.13,0,3,3,7,2,13.27,0,9.05,2.28,-1.93,10,Single,Not Dropout
1,6,3,4,1,5.0,1,1,8,2.0,5.0,1,0,0,1,0,1,29,0,2,8,8,2,,0,0,6,9,3,10.87,1,10.96,1.17,4.0,4,Single,Not Dropout
1,10,3,15,1,1.0,1,17,18,1.0,15.0,1,0,0,0,1,0,26,0,0,5,3,2,10.06,1,0,6,10,3,13.22,0,11.84,-1.0,-3.77,17,Single,Dropout
1,7,0,11,1,6.0,1,8,25,,7.0,1,0,0,1,1,0,21,0,0,5,10,2,10.93,0,0,5,5,4,8.15,0,,1.17,-2.51,16,Single,Dropout
2,8,1,16,1,8.0,1,22,19,14.0,1.0,1,0,0,1,1,0,27,0,1,8,5,1,5.37,0,0,8,8,1,7.04,0,11.55,2.92,0.75,20,Married,Dropout
1,5,2,10,1,10.0,1,16,12,5.0,,1,0,1,1,0,0,31,0,0,9,9,6,17.51,0,0,10,12,7,17.56,2,12.41,1.61,-0.32,14,Single,Not Dropout
1,3,2,11,0,6.0,1,28,22,14.0,1.0,0,0,0,1,0,0,22,0,0,5,9,4,13.24,0,1,4,5,3,14.48,0,13.6,2.82,0.46,25,Single,Not Dropout
1,17,5,4,1,5.0,18,15,23,2.0,11.0,0,0,0,1,1,0,19,0,0,6,7,5,16.09,0,0,5,8,4,,0,8.19,1.41,0.42,19,Single,Not Dropout
1,11,5,10,1,12.0,1,5,3,8.0,13.0,1,0,0,1,0,0,19,0,1,8,14,4,11.06,0,0,7,9,4,9.19,0,11.14,2.94,-0.31,4,Single,Not Dropout
1,4,4,12,1,3.0,1,27,16,7.0,18.0,1,0,0,1,0,1,17,0,1,5,8,3,11.76,0,0,5,8,4,13.93,0,10.42,1.59,2.25,21,Single,Not Dropout
1,14,2,17,1,3.0,1,9,21,,12.0,0,0,0,1,0,0,22,0,0,8,7,3,8.62,0,1,7,7,3,9.06,0,12.11,-1.0,1.76,15,Single,Dropout
1,15,0,2,1,,1,23,18,17.0,7.0,1,0,0,1,0,0,27,0,0,9,12,3,6.85,0,1,8,11,3,7.08,0,11.33,-0.14,-0.43,20,Single,Dropout
2,17,4,3,1,10.0,1,23,8,2.0,13.0,0,0,0,1,0,0,33,0,0,4,4,3,17.73,0,0,3,3,3,16.21,1,15.05,2.73,-0.49,15,Married,Not Dropout
3,3,5,1,1,14.0,1,27,5,12.0,12.0,1,0,0,1,0,0,18,0,0,4,4,2,9.92,0,1,2,8,1,10.54,0,12.75,0.21,0.67,16,Other,Not Dropout
1,11,2,14,0,12.0,1,19,9,6.0,15.0,0,0,1,1,0,0,25,0,0,3,2,2,14.89,0,0,2,2,1,10.58,0,14.3,1.21,-0.37,14,Single,Not Dropout
1,17,4,2,1,15.0,1,15,11,10.0,18.0,1,0,1,1,0,0,23,0,0,5,5,4,11.61,0,0,5,6,5,12.15,0,10.89,1.67,2.75,13,Single,Not Dropout
1,14,5,16,1,11.0,1,12,27,4.0,2.0,0,0,0,1,1,0,23,0,0,4,6,1,9.39,1,0,3,6,0,5.28,0,13.84,0.97,2.03,19,Single,Dropout
1,4,3,7,1,14.0,1,13,19,14.0,14.0,0,0,0,0,0,0,17,0,0,8,7,6,7.85,1,0,6,12,2,9.09,0,10.15,0.58,1.15,16,Single,Not Dropout
1,16,1,5,1,3.0,1,23,25,2.0,16.0,1,0,0,1,0,0,17,0,0,5,2,3,10.33,0,0,5,8,3,11.44,2,9.0,1.84,2.91,24,Single,Not Dropout
2,8,0,17,1,9.0,1,17,1,2.0,7.0,0,0,0,1,1,0,34,0,1,6,8,3,11.74,0,0,5,4,4,13.71,1,15.01,1.09,1.16,9,Married,Not Dropout
1,9,4,13,1,16.0,1,2,23,7.0,8.0,1,0,0,1,0,0,29,0,0,7,8,3,5.22,0,0,5,8,1,4.86,0,11.37,2.39,0.31,12,Single,Dropout
2,10,3,10,1,13.0,1,11,6,17.0,8.0,1,0,0,1,1,0,25,0,1,5,8,3,6.66,0,2,3,1,1,5.67,0,11.43,-0.34,-0.0,8,Married,Dropout
1,14,0,16,1,7.0,1,27,17,1.0,8.0,0,0,0,1,0,0,26,0,0,6,5,2,10.12,2,0,7,7,6,9.17,1,,0.46,0.44,22,Single,Not Dropout
6,3,0,13,1,15.0,1,7,12,4.0,17.0,0,0,0,1,1,0,27,0,0,7,10,3,7.18,0,1,6,5,0,8.04,0,9.03,3.6,3.26,9,Other,Dropout
1,10,5,11,1,6.0,1,14,26,10.0,7.0,1,0,0,1,0,1,20,0,0,12,14,10,12.54,1,0,12,12,10,15.87,1,15.72,3.52,0.68,20,Single,Not Dropout
1,14,1,6,1,1.0,1,25,20,1.0,9.0,1,0,0,0,0,0,21,0,0,7,9,4,11.38,0,1,8,11,4,11.92,1,14.19,1.06,-2.71,22,Single,Dropout
1,10,1,17,1,13.0,1,9,14,11.0,12.0,1,0,0,0,1,0,19,0,1,3,1,1,13.05,0,0,5,8,5,9.94,0,9.22,-0.33,-1.39,11,Single,Not Dropout
4,5,3,13,1,7.0,1,20,15,7.0,5.0,1,0,0,1,1,1,24,0,0,8,9,6,13.12,0,0,8,12,6,15.79,0,9.58,2.73,2.08,17,Other,Not Dropout
1,1,2,17,1,1.0,1,23,21,13.0,14.0,1,0,0,1,1,0,17,0,1,7,10,2,8.51,0,0,6,6,1,7.77,0,12.05,4.0,-1.51,22,Single,Dropout
2,10,5,17,1,4.0,1,10,21,2.0,10.0,1,0,0,1,1,0,19,0,1,7,7,4,10.34,0,0,8,6,6,11.68,2,10.44,-0.8,0.5,15,Married,Not Dropout
1,12,4,10,1,2.0,1,26,17,,4.0,1,0,1,1,0,0,26,0,0,6,3,4,10.57,0,1,3,5,2,10.77,1,9.5,2.5,1.28,21,Single,Not Dropout
5,10,2,7,1,16.0,1,13,22,4.0,4.0,0,0,1,1,1,0,21,0,1,8,8,3,11.89,0,1,9,10,6,10.74,2,9.57,1.97,0.43,17,Other,Not Dropout
1,17,1,17,1,14.0,1,9,23,15.0,,0,1,0,0,0,1,17,0,0,6,5,3,10.39,0,0,8,5,4,9.24,1,10.99,-0.07,-0.22,16,Single,Not Dropout
1,11,5,17,1,15.0,2,7,1,15.0,12.0,0,0,0,1,1,1,21,0,1,7,7,6,9.01,1,1,6,6,3,13.49,0,7.85,2.57,-1.91,4,Single,Not Dropout
5,9,3,3,1,3.0,1,8,11,3.0,16.0,1,0,1,1,1,1,26,0,1,7,5,1,2.35,0,0,7,6,0,0.03,1,9.43,-0.23,1.47,9,Other,Dropout
1,1,5,11,1,13.0,1,17,27,8.0,19.0,1,0,0,1,0,1,24,0,1,6,9,6,14.91,0,0,6,3,5,13.92,0,14.33,0.64,-2.13,22,Single,Not Dropout
1,10,2,11,1,10.0,1,7,10,14.0,13.0,1,0,0,1,0,0,17,0,1,6,8,2,9.76,0,0,6,7,2,2.82,1,8.69,0.87,0.98,8,Single,Dropout
1,3,0,13,1,5.0,1,11,24,1.0,19.0,1,0,0,1,1,1,29,0,0,8,7,7,17.63,2,0,8,8,8,17.99,0,11.28,-0.43,-4.22,17,Single,Not Dropout
1,13,5,17,1,11.0,1,21,16,2.0,19.0,1,0,0,1,0,1,22,0,0,9,9,3,10.31,0,0,8,8,5,6.37,0,12.21,1.13,-1.62,18,Single,Not Dropout
1,3,1,5,1,16.0,1,26,8,13.0,12.0,1,0,0,1,1,0,25,0,1,10,9,3,6.32,0,1,9,10,5,6.21,0,14.17,-0.46,0.14,17,Single,Dropout
1,16,5,17,1,8.0,1,20,11,11.0,8.0,0,0,0,1,0,0,29,0,0,7,9,5,9.77,0,0,10,7,6,14.75,0,8.12,0.54,-0.21,15,Single,Not Dropout
1,6,4,11,1,1.0,1,16,15,14.0,17.0,0,0,0,1,0,0,22,0,0,7,6,3,13.99,0,0,7,6,4,9.89,0,9.28,3.07,1.55,15,Single,Not Dropout
2,8,1,2,1,14.0,1,21,4,9.0,13.0,1,0,0,1,0,0,17,0,0,7,6,5,,0,0,4,5,3,10.03,0,11.33,2.32,-3.9,12,Married,Not Dropout
1,3,4,9,1,4.0,1,12,9,18.0,16.0,1,0,0,1,0,0,34,0,0,5,6,3,15.08,0,1,4,6,3,9.75,0,14.03,2.12,-1.64,10,Single,Not Dropout
1,4,0,3,1,3.0,1,8,20,3.0,5.0,0,0,0,1,0,1,17,0,0,8,7,3,12.35,0,1,7,11,4,8.04,0,13.16,2.61,-2.19,14,Single,Not Dropout
1,16,2,17,0,10.0,1,22,27,3.0,19.0,0,0,0,1,1,0,21,0,0,6,10,4,11.53,0,1,8,9,4,8.47,0,15.69,3.28,2.21,24,Single,Not Dropout
1,5,2,13,1,,1,4,28,13.0,9.0,1,0,1,1,0,0,31,0,2,7,7,6,13.59,0,0,9,11,5,12.71,0,9.84,-1.0,-1.85,16,Single,Not Dropout
1,9,3,16,0,13.0,1,27,12,17.0,17.0,0,0,0,1,1,0,19,0,0,4,6,2,7.42,0,1,4,5,2,7.99,0,9.55,1.62,-0.41,19,Single,Not Dropout
3,17,3,11,1,14.0,1,13,24,1.0,8.0,1,0,1,1,1,1,19,0,0,7,10,2,9.76,0,0,6,9,3,12.67,1,9.75,-0.18,0.4,18,Other,Not Dropout
3,11,3,7,1,15.0,1,24,12,14.0,18.0,0,0,0,1,0,0,22,0,0,9,7,5,2.33,0,0,9,8,1,,0,9.7,0.22,-1.24,18,Other,Dropout
1,1,2,8,1,3.0,1,3,24,19.0,,0,0,0,1,1,0,22,0,0,5,5,2,10.98,0,0,4,4,3,12.08,1,9.15,-0.54,1.09,13,Single,Not Dropout
1,7,4,17,1,5.0,1,15,27,11.0,5.0,1,0,0,1,1,1,18,0,1,6,5,2,11.3,0,1,6,7,4,11.76,0,12.58,4.0,-1.28,21,Single,Not Dropout
1,7,0,3,0,12.0,1,13,13,16.0,3.0,1,0,0,1,1,0,19,0,1,5,8,2,10.71,0,0,6,7,2,11.67,0,7.03,-1.0,-3.78,13,Single,Not Dropout
1,5,4,16,1,7.0,1,11,18,5.0,4.0,0,0,0,0,0,1,29,0,0,5,6,4,16.49,1,0,4,3,4,16.43,0,14.65,1.44,-2.06,14,Single,Not Dropout
1,5,0,8,0,12.0,1,15,26,16.0,8.0,0,0,0,1,1,1,20,0,0,9,12,5,12.38,1,0,9,7,9,18.53,0,11.09,3.59,-3.89,20,Single,Not Dropout
1,9,0,11,1,8.0,1,20,4,9.0,1.0,0,0,1,1,0,0,26,0,0,7,11,3,14.24,0,0,8,7,5,12.93,1,12.54,1.1,0.3,12,Single,Not Dropout
1,7,4,12,1,8.0,1,28,8,6.0,11.0,1,0,0,0,1,0,18,0,0,5,9,3,16.3,0,0,6,6,4,12.98,0,7.94,-1.0,-0.27,18,Single,Not Dropout
1,6,0,2,1,1.0,1,24,19,4.0,13.0,0,0,0,1,0,0,31,0,0,5,4,2,10.06,0,0,3,5,2,9.82,0,9.42,4.0,-0.58,21,Single,Not Dropout
1,8,4,3,1,10.0,1,7,6,17.0,15.0,0,0,0,1,1,0,29,0,0,3,2,2,9.69,0,0,3,0,2,10.59,0,9.92,4.0,1.08,6,Single,Not Dropout
1,6,0,3,1,14.0,1,29,24,14.0,18.0,0,0,0,1,0,0,22,0,0,5,4,3,9.87,0,0,1,7,0,10.41,1,10.16,-0.26,1.22,26,Single,Not Dropout
1,4,0,14,0,14.0,1,15,8,15.0,16.0,1,0,1,1,0,1,27,0,0,4,7,3,11.92,0,0,4,3,2,,2,10.08,2.74,-2.11,11,Single,Not Dropout
1,8,5,2,1,6.0,1,14,10,14.0,19.0,1,0,0,1,0,1,32,0,0,4,7,2,10.63,2,0,5,3,3,10.8,0,,1.68,0.66,12,Single,Not Dropout
1,17,1,11,0,11.0,1,1,24,5.0,12.0,0,0,0,1,0,0,17,0,0,6,8,4,13.03,1,0,7,5,4,12.37,2,10.02,-0.73,-2.25,12,Single,Not Dropout
1,9,5,2,0,4.0,1,20,16,4.0,17.0,1,0,0,1,1,1,17,0,0,4,6,2,12.44,0,0,4,5,2,10.29,0,13.22,2.67,-3.39,18,Single,Not Dropout
1,11,2,14,1,11.0,1,26,23,13.0,15.0,1,0,0,1,1,0,25,0,1,6,6,5,10.8,0,0,6,5,4,10.96,0,13.57,0.48,2.46,24,Single,Not Dropout
1,17,4,17,1,7.0,1,9,19,5.0,,1,0,0,1,0,0,17,0,1,7,8,6,13.1,1,0,8,9,6,16.07,0,16.07,1.32,-0.29,14,Single,Not Dropout
1,11,5,8,1,15.0,1,26,15,13.0,8.0,0,0,0,1,0,0,17,0,0,7,9,3,6.27,0,2,6,6,2,11.08,0,,2.2,1.05,20,Single,Not Dropout
1,4,0,4,1,,1,3,15,18.0,10.0,0,0,0,1,0,0,17,0,0,7,8,3,12.33,1,1,6,7,3,12.45,0,10.99,1.94,-2.55,9,Single,Not Dropout
2,7,1,8,0,2.0,1,29,24,15.0,,0,0,0,1,1,1,24,0,0,2,2,1,10.61,0,1,2,3,1,11.63,2,11.78,2.01,0.74,26,Married,Not Dropout
3,9,3,12,0,14.0,9,8,29,9.0,9.0,0,0,0,1,0,1,17,0,0,5,9,2,7.35,0,0,6,8,2,9.85,0,12.61,-0.42,-0.51,18,Other,Not Dropout
1,9,5,13,0,12.0,1,14,1,18.0,12.0,0,0,0,1,1,0,21,0,0,9,8,7,17.53,0,0,10,14,8,16.12,0,,-1.0,-0.14,7,Single,Not Dropout
1,3,1,11,1,4.0,1,1,15,11.0,13.0,1,0,0,0,1,0,17,0,1,10,10,4,8.51,0,0,11,11,7,5.89,1,13.7,0.16,3.41,8,Single,Dropout
1,2,1,10,1,5.0,1,27,23,9.0,4.0,1,0,1,1,0,0,26,0,1,8,12,6,18.27,1,2,8,7,7,14.19,1,13.37,2.44,-3.95,25,Single,Not Dropout
4,6,2,11,1,3.0,1,15,19,19.0,1.0,0,0,0,1,0,0,26,0,0,6,9,1,7.88,0,0,6,9,2,6.47,0,7.15,-0.51,1.16,17,Other,Dropout
1,16,1,4,0,5.0,1,29,15,7.0,14.0,0,0,0,1,1,0,22,0,0,5,3,1,5.51,0,0,5,7,1,6.87,0,16.43,1.04,2.44,22,Single,Dropout
3,13,1,4,1,16.0,1,11,24,4.0,16.0,0,0,0,1,0,0,30,0,1,9,6,5,8.12,1,0,7,8,4,11.88,0,12.28,1.59,1.04,17,Other,Not Dropout
1,15,0,16,1,15.0,1,2,14,3.0,12.0,1,0,0,1,1,0,28,0,0,6,5,5,12.0,0,0,6,7,2,14.34,0,9.16,1.06,2.21,8,Single,Not Dropout
1,3,4,10,1,9.0,1,20,4,12.0,13.0,0,0,0,1,0,0,18,0,0,6,7,3,13.87,0,0,6,6,4,13.72,0,9.0,3.07,-1.68,12,Single,Not Dropout
1,8,4,15,1,6.0,1,5,8,10.0,2.0,1,0,0,1,1,0,18,0,1,8,9,6,12.9,0,0,9,13,7,16.97,2,12.11,0.43,-0.07,6,Single,Not Dropout
1,10,0,11,1,6.0,1,18,2,15.0,4.0,1,0,0,1,1,0,28,0,0,1,2,0,7.55,0,0,0,3,0,7.79,0,9.39,1.01,1.77,10,Single,Dropout
1,8,3,8,1,16.0,1,2,21,3.0,15.0,1,0,0,1,0,1,27,0,0,6,8,4,12.62,0,0,5,6,4,13.48,1,9.14,1.54,-1.25,11,Single,Not Dropout
1,8,3,10,0,,1,5,29,7.0,,1,0,0,1,1,0,21,0,0,4,5,1,5.0,0,1,2,2,0,4.59,0,10.47,1.42,-3.08,17,Single,Dropout
1,7,3,12,1,13.0,1,19,12,3.0,4.0,1,1,0,1,0,0,17,0,0,7,10,1,8.53,1,0,7,4,3,7.78,0,12.82,-0.93,4.0,15,Single,Dropout
2,1,5,4,1,,1,20,22,6.0,12.0,0,0,0,1,0,0,29,0,0,9,12,5,10.46,1,0,10,13,5,11.31,0,10.63,3.24,1.39,21,Married,Not Dropout
1,15,3,8,1,14.0,1,5,29,19.0,1.0,1,0,1,1,1,1,23,0,0,7,4,3,7.75,0,0,7,8,1,12.35,0,9.33,2.63,1.57,17,Single,Dropout
1,16,4,13,1,12.0,1,6,12,18.0,15.0,0,0,0,1,0,0,23,0,1,10,11,6,10.51,3,0,12,15,10,12.17,1,15.55,-0.04,0.06,9,Single,Not Dropout
1,2,0,2,1,15.0,1,25,26,10.0,1.0,1,0,0,1,0,0,17,0,0,7,8,3,10.04,0,0,8,6,2,7.75,0,12.8,1.97,1.26,25,Single,Not Dropout
2,8,0,2,1,4.0,1,1,1,2.0,16.0,1,0,0,1,1,1,26,0,0,9,11,5,15.8,1,1,8,9,6,15.44,0,9.28,0.67,-1.01,1,Married,Not Dropout
1,9,3,3,1,16.0,1,7,20,19.0,5.0,1,0,0,1,1,0,23,0,1,3,4,3,13.39,1,0,4,5,3,13.26,0,12.07,2.42,0.24,13,Single,Not Dropout
2,14,5,11,1,,1,29,5,3.0,5.0,1,0,0,1,1,1,20,0,1,7,5,2,7.4,0,1,9,6,4,10.78,0,11.88,3.3,0.39,17,Married,Not Dropout
1,17,2,5,1,1.0,1,16,23,2.0,,1,0,0,1,0,1,18,0,0,4,6,2,11.17,0,0,5,3,3,12.11,0,11.5,-1.0,0.85,19,Single,Not Dropout
1,8,3,8,1,4.0,1,1,1,8.0,16.0,1,0,0,0,0,0,24,0,2,7,9,4,12.85,1,1,6,8,2,13.73,0,11.62,3.72,-0.84,1,Single,Dropout
1,13,1,3,1,10.0,1,26,25,18.0,7.0,1,0,1,1,0,0,26,1,1,6,3,4,15.93,0,1,5,11,4,16.37,0,11.09,3.52,-0.59,25,Single,Not Dropout
1,16,2,5,1,4.0,1,10,12,16.0,4.0,1,0,0,1,0,0,21,0,0,6,10,2,6.82,0,0,6,10,1,10.34,1,12.71,-0.15,1.42,11,Single,Dropout
1,15,4,1,1,11.0,1,21,7,,3.0,0,0,0,1,0,1,26,0,1,6,9,0,1.7,0,0,6,3,1,0.9,0,11.45,-1.0,0.69,14,Single,Dropout
1,5,3,14,1,2.0,1,19,17,9.0,8.0,1,0,0,1,0,0,17,0,1,8,7,4,10.55,1,0,9,10,5,11.68,1,12.05,1.26,1.85,18,Single,Not Dropout
1,14,0,8,1,12.0,1,11,29,2.0,12.0,1,0,0,1,0,1,19,0,1,7,6,2,5.55,2,0,7,7,2,9.2,0,12.68,1.68,-2.48,20,Single,Not Dropout
4,8,5,3,1,4.0,1,11,5,6.0,10.0,1,0,0,1,0,1,27,0,1,7,8,3,3.86,0,1,8,10,2,6.21,0,11.39,-0.21,1.36,8,Other,Dropout
4,1,5,9,1,9.0,1,16,9,13.0,18.0,1,0,0,1,0,0,21,0,0,6,7,3,11.22,0,0,7,8,3,10.61,0,13.43,-0.03,-2.03,12,Other,Not Dropout
2,13,2,16,1,2.0,1,12,19,8.0,16.0,0,0,0,1,0,0,33,0,0,8,10,1,9.76,0,0,6,6,1,2.45,1,14.98,2.13,3.01,15,Married,Dropout
1,15,2,15,1,16.0,1,6,3,19.0,5.0,1,0,1,1,0,0,25,0,0,6,8,4,13.92,0,0,6,9,4,13.33,0,10.85,1.19,0.14,4,Single,Not Dropout
1,6,3,16,1,7.0,1,21,28,9.0,18.0,0,0,0,1,0,0,17,0,0,4,6,2,7.76,0,0,5,6,1,6.07,0,10.14,0.17,-0.09,24,Single,Dropout
2,8,4,7,1,10.0,12,20,16,17.0,9.0,0,0,0,1,0,0,17,0,0,8,7,8,17.11,0,0,8,9,8,20.0,1,8.01,2.25,0.41,18,Married,Not Dropout
1,7,2,7,1,8.0,1,18,29,14.0,1.0,1,0,0,1,1,0,28,0,0,6,7,4,10.46,0,0,6,7,5,15.01,0,13.35,1.3,0.8,23,Single,Not Dropout
1,2,0,6,1,10.0,1,22,13,10.0,17.0,0,0,0,1,0,0,19,0,1,7,9,2,8.38,0,0,7,8,1,9.09,0,11.14,3.99,1.94,17,Single,Not Dropout
2,17,0,6,1,8.0,1,16,25,17.0,15.0,0,0,0,1,0,1,29,0,1,8,9,3,11.36,0,0,7,8,3,7.16,1,8.55,4.0,2.58,20,Married,Not Dropout
1,1,4,16,1,2.0,1,27,10,17.0,7.0,0,0,0,1,0,1,20,0,1,4,6,3,8.96,2,0,6,10,2,9.05,0,10.15,1.57,-3.59,18,Single,Not Dropout
1,10,4,3,1,14.0,1,26,13,7.0,17.0,0,0,1,1,1,0,24,0,0,5,8,3,14.74,1,1,4,7,3,12.0,0,12.7,1.03,-0.48,19,Single,Not Dropout
5,1,4,15,0,11.0,1,29,11,6.0,18.0,1,0,1,1,0,0,21,0,0,4,3,1,10.06,0,0,3,6,1,9.64,0,,1.29,-0.98,20,Other,Dropout
1,12,0,16,1,5.0,1,4,16,14.0,19.0,1,0,0,1,1,0,25,0,0,6,7,3,6.36,2,1,7,4,1,8.98,0,12.97,0.24,-1.46,10,Single,Dropout
1,16,1,15,1,2.0,1,3,7,,18.0,1,0,0,1,0,1,27,0,0,8,8,2,,0,0,7,9,2,6.37,0,,1.82,-2.67,5,Single,Dropout
1,11,2,11,1,15.0,1,14,15,14.0,6.0,0,0,0,1,0,0,23,0,1,6,6,3,8.25,1,0,6,5,4,11.45,0,13.43,-0.04,0.1,14,Single,Not Dropout
1,11,1,15,1,6.0,1,21,25,9.0,11.0,1,0,1,1,1,0,27,0,1,9,7,3,9.38,1,2,10,11,2,8.2,0,11.82,1.53,-2.6,23,Single,Dropout
1,15,2,1,1,15.0,1,7,5,15.0,4.0,1,1,0,1,0,1,17,0,1,7,9,3,10.86,2,0,8,11,5,11.23,0,12.08,0.21,2.01,6,Single,Not Dropout
2,17,3,14,1,13.0,1,4,23,3.0,13.0,0,0,0,1,0,0,25,0,0,5,12,0,5.55,0,0,2,1,0,2.75,1,9.49,0.09,-1.54,13,Married,Dropout
2,15,1,9,1,16.0,1,2,25,11.0,10.0,1,0,0,1,0,0,23,0,0,5,7,4,12.15,0,1,5,6,4,11.98,0,14.35,0.52,0.84,13,Married,Not Dropout
1,4,0,17,0,11.0,1,17,2,11.0,17.0,1,0,0,1,0,1,21,0,0,9,15,5,9.5,0,1,9,9,2,7.65,0,13.31,0.55,-1.64,9,Single,Not Dropout
1,10,2,2,0,3.0,1,29,20,1.0,18.0,1,0,0,1,0,0,17,0,1,8,12,2,2.0,0,1,8,11,2,7.15,0,10.58,1.7,-1.74,24,Single,Dropout
2,14,4,16,1,1.0,1,14,15,10.0,7.0,0,0,0,1,0,0,17,0,1,6,5,4,12.62,0,2,7,8,3,12.67,1,14.42,1.77,-0.82,14,Married,Not Dropout
1,6,3,10,0,4.0,1,22,19,13.0,6.0,1,0,0,1,1,1,24,0,0,7,9,5,13.41,0,1,9,9,5,13.04,0,8.27,1.25,-2.03,20,Single,Not Dropout
1,12,1,2,0,8.0,1,2,9,8.0,1.0,1,0,0,1,1,1,25,0,3,5,8,2,10.43,0,0,5,6,3,8.88,0,9.5,1.54,2.29,5,Single,Not Dropout
1,1,1,9,1,10.0,1,7,7,12.0,,0,0,0,1,0,1,25,0,0,2,4,1,11.72,1,0,1,3,1,12.54,1,8.39,1.9,0.66,7,Single,Not Dropout
1,15,3,1,1,15.0,1,20,9,7.0,8.0,1,0,0,1,0,1,23,0,0,6,6,2,7.05,0,0,6,10,2,6.87,0,10.5,0.02,1.57,14,Single,Dropout
1,11,1,2,1,3.0,1,12,5,12.0,19.0,1,0,0,0,1,0,17,0,1,4,5,0,4.3,1,0,5,7,0,2.17,0,9.66,1.35,-0.71,8,Single,Dropout
1,13,5,10,1,11.0,1,1,12,5.0,16.0,0,0,0,1,0,1,17,0,0,6,10,4,8.41,0,3,6,8,4,9.6,0,,0.85,2.24,6,Single,Not Dropout
1,15,5,14,1,2.0,1,7,26,6.0,9.0,1,0,0,0,1,1,17,0,1,4,2,1,7.16,1,0,5,8,2,7.95,0,11.88,0.18,1.18,16,Single,Dropout
1,4,0,2,1,8.0,1,24,23,2.0,11.0,1,0,1,1,1,0,24,0,1,6,9,2,5.11,1,1,5,6,3,6.88,0,10.83,2.49,-1.83,23,Single,Dropout
1,8,5,5,1,2.0,1,20,6,2.0,12.0,0,0,1,1,0,0,34,0,0,5,8,4,11.06,0,1,4,3,3,15.32,1,12.66,3.85,0.3,13,Single,Not Dropout
1,15,0,7,1,6.0,1,24,17,3.0,18.0,0,0,1,1,0,0,22,0,0,6,4,4,11.05,1,0,6,7,4,10.27,0,13.59,2.85,1.58,20,Single,Not Dropout
1,3,2,10,1,10.0,1,11,3,4.0,19.0,1,0,1,1,0,0,18,0,0,8,8,6,15.14,0,1,9,12,8,15.04,0,14.93,2.4,-0.98,7,Single,Not Dropout
1,14,4,1,1,12.0,1,27,2,14.0,8.0,0,0,0,1,0,0,23,0,1,7,7,5,12.31,0,0,9,10,8,11.72,0,11.34,1.68,1.51,14,Single,Not Dropout
1,5,1,11,0,13.0,16,27,19,5.0,7.0,0,0,0,1,0,0,22,0,1,4,7,3,13.77,1,1,5,4,3,14.54,0,11.53,1.54,-3.02,23,Single,Not Dropout
1,10,1,9,0,9.0,1,11,9,7.0,14.0,0,0,0,1,1,0,17,0,0,3,4,2,9.15,0,0,3,5,2,8.5,1,8.9,1.7,-0.28,10,Single,Dropout
1,9,0,17,1,5.0,1,7,21,4.0,6.0,0,0,0,1,0,0,25,0,0,4,4,0,,1,0,3,8,0,7.34,1,12.05,1.85,-0.85,14,Single,Dropout
1,12,4,6,1,15.0,1,28,5,9.0,3.0,0,0,0,1,0,0,22,0,0,8,9,7,16.9,0,2,9,10,9,17.62,0,12.23,2.82,3.05,16,Single,Not Dropout
4,15,0,9,1,15.0,1,11,4,5.0,6.0,1,0,0,1,1,0,22,0,0,10,12,6,11.75,1,0,9,8,5,13.28,0,10.1,0.84,-1.9,7,Other,Not Dropout
1,6,2,2,1,16.0,1,15,21,7.0,7.0,1,0,0,1,1,0,35,0,0,5,6,5,14.16,0,0,6,9,6,16.6,0,11.68,1.39,0.18,18,Single,Not Dropout
2,3,2,16,0,13.0,1,28,6,2.0,12.0,1,0,0,1,0,1,22,0,0,4,8,1,8.34,0,0,4,7,2,7.43,0,10.95,2.77,2.93,17,Married,Dropout
5,8,5,15,1,13.0,1,8,2,10.0,14.0,1,0,1,1,0,0,34,0,0,9,10,6,15.78,1,0,9,11,9,13.21,1,12.5,0.34,0.54,5,Other,Not Dropout
1,11,5,7,1,2.0,1,26,23,6.0,4.0,0,0,0,1,1,0,18,0,3,6,8,4,13.93,0,2,8,9,4,12.12,1,10.99,0.5,-1.76,24,Single,Not Dropout
1,13,4,8,1,10.0,1,5,21,13.0,1.0,1,0,0,0,0,0,17,0,0,6,5,4,14.9,0,0,6,7,6,12.81,0,12.08,0.44,1.58,13,Single,Not Dropout
2,13,4,15,1,7.0,19,9,27,,4.0,1,0,1,1,0,0,18,0,0,7,9,5,12.11,2,0,7,11,4,,0,10.15,0.7,3.93,18,Married,Not Dropout
1,6,3,6,1,5.0,1,12,18,10.0,18.0,1,0,0,1,1,0,30,0,0,5,5,3,8.53,0,1,5,7,3,10.93,0,13.54,2.59,0.18,15,Single,Not Dropout
1,16,2,5,1,2.0,1,15,14,10.0,5.0,0,0,0,1,1,0,18,0,0,5,5,2,9.75,0,0,4,5,2,11.64,0,12.8,3.9,3.46,14,Single,Not Dropout
1,2,0,5,1,4.0,1,8,20,16.0,11.0,0,0,1,1,0,0,17,0,0,6,10,2,6.73,0,0,6,8,4,8.75,0,14.34,0.17,1.22,14,Single,Not Dropout
1,2,5,13,1,15.0,1,26,23,7.0,11.0,1,0,0,1,0,0,25,0,0,6,6,6,15.32,2,0,6,7,4,,0,11.83,-0.82,4.0,24,Single,Not Dropout
1,1,2,4,1,15.0,1,20,19,3.0,6.0,0,0,0,1,1,0,21,0,1,3,3,1,,0,0,2,3,1,6.79,0,11.37,0.43,1.19,19,Single,Dropout
6,16,2,2,1,12.0,1,20,10,14.0,17.0,1,0,0,1,0,0,26,0,0,5,3,1,12.49,0,0,8,9,2,7.45,0,7.86,1.33,4.0,15,Other,Dropout
4,4,0,3,1,2.0,1,22,26,13.0,2.0,0,0,0,1,0,1,19,0,0,6,5,3,10.29,1,1,6,8,2,14.45,1,13.76,0.66,-0.8,24,Other,Not Dropout
1,11,1,17,1,11.0,1,19,21,9.0,11.0,0,0,0,1,0,0,17,0,0,5,3,2,13.06,0,0,4,5,2,13.55,0,11.72,1.78,0.4,20,Single,Not Dropout
1,14,3,15,1,3.0,1,19,26,8.0,8.0,1,0,0,0,0,0,33,0,0,7,10,4,11.75,0,0,5,6,3,10.79,0,10.89,1.04,-2.02,22,Single,Not Dropout
1,14,2,17,1,11.0,1,20,17,1.0,15.0,0,0,0,1,1,1,18,0,0,5,7,3,,1,1,4,5,2,8.72,0,13.64,2.55,1.68,18,Single,Not Dropout
3,17,3,5,1,1.0,1,21,14,11.0,4.0,1,0,0,1,1,0,18,1,0,10,13,7,13.3,0,0,11,14,9,14.35,0,13.49,1.76,0.51,17,Other,Not Dropout
1,1,1,8,1,5.0,1,27,25,11.0,19.0,1,0,1,1,0,0,26,0,1,6,8,3,12.82,0,0,4,8,3,13.94,0,10.52,-1.0,1.5,26,Single,Not Dropout
3,7,0,9,1,2.0,1,6,18,10.0,16.0,1,0,0,1,0,1,17,0,1,6,5,4,10.76,1,0,5,5,2,10.29,2,12.39,-0.36,1.2,12,Other,Not Dropout
2,9,5,9,1,15.0,1,15,23,6.0,15.0,1,0,0,0,0,0,27,0,1,5,8,2,10.21,1,0,6,8,2,9.0,1,11.63,0.79,1.08,19,Married,Dropout
1,12,2,1,1,10.0,1,6,26,3.0,10.0,0,0,1,1,0,1,34,0,1,6,7,2,8.97,2,0,6,8,3,12.02,0,14.47,-0.93,1.86,16,Single,Not Dropout
1,11,2,11,1,,1,6,9,11.0,,0,0,0,1,1,0,28,0,0,3,5,1,9.32,1,0,2,3,1,8.85,1,8.89,1.84,2.12,7,Single,Not Dropout
2,10,1,1,1,1.0,1,28,6,12.0,4.0,0,0,0,1,0,0,17,0,1,6,2,3,8.68,0,1,6,4,2,7.25,0,14.95,2.44,0.95,17,Married,Dropout
1,6,3,5,0,12.0,1,14,5,4.0,1.0,0,0,0,0,0,1,19,0,0,10,9,9,,0,0,11,12,9,13.17,0,14.24,1.56,0.65,9,Single,Not Dropout
1,2,3,5,1,8.0,1,21,18,3.0,15.0,1,0,0,1,1,0,23,0,1,8,8,3,16.23,0,1,7,8,4,16.09,1,10.5,0.86,-1.64,19,Single,Not Dropout
3,8,2,12,1,8.0,1,22,24,10.0,9.0,1,0,1,1,1,1,25,0,0,3,5,1,14.46,0,1,5,9,4,9.75,1,,0.94,2.31,23,Other,Not Dropout
1,5,5,16,1,14.0,1,1,29,1.0,7.0,0,0,0,1,1,1,33,0,0,7,5,4,11.57,0,2,7,10,3,14.35,0,12.54,0.16,-1.73,15,Single,Not Dropout
1,10,5,12,1,1.0,1,15,1,4.0,6.0,1,0,0,1,1,0,32,0,0,7,13,3,7.38,2,0,7,9,2,7.39,1,8.05,1.07,-0.36,8,Single,Dropout
1,14,1,8,1,16.0,1,6,1,13.0,12.0,0,0,0,1,0,1,22,0,0,9,13,2,5.32,0,0,10,16,5,8.2,0,12.12,-0.34,0.19,3,Single,Not Dropout
1,10,3,9,1,1.0,1,10,20,6.0,10.0,1,0,0,1,1,0,20,0,0,5,9,4,13.43,0,0,2,4,1,14.17,1,11.96,0.55,-2.7,15,Single,Not Dropout
4,10,5,9,1,6.0,1,6,8,9.0,13.0,1,0,1,1,0,0,18,0,0,10,14,4,8.44,1,0,10,10,4,7.96,0,12.85,0.17,-2.55,7,Other,Dropout
1,1,2,3,1,3.0,1,20,14,14.0,19.0,1,0,0,1,0,0,27,0,0,7,9,2,8.69,0,0,7,10,3,5.61,0,9.8,0.18,-1.5,17,Single,Not Dropout
1,11,0,17,1,9.0,1,4,3,4.0,16.0,1,0,0,1,1,0,29,0,0,5,4,2,9.33,0,0,7,8,1,10.31,1,17.0,4.0,1.1,3,Single,Dropout
1,8,0,16,1,10.0,1,14,3,5.0,7.0,1,0,0,1,1,0,23,0,0,3,5,2,15.48,0,0,6,8,4,11.86,0,11.99,0.8,0.77,8,Single,Not Dropout
4,3,4,5,1,11.0,1,9,16,6.0,5.0,1,0,0,1,1,0,23,1,1,6,6,4,,0,0,6,5,1,8.97,0,14.58,1.77,-1.13,12,Other,Not Dropout
1,4,5,2,1,13.0,1,28,20,8.0,4.0,1,0,0,0,0,1,36,0,0,7,8,4,,1,2,7,7,3,10.61,0,12.62,1.05,2.9,24,Single,Dropout
2,14,0,3,1,13.0,1,23,26,11.0,11.0,0,0,1,1,0,0,27,0,0,4,7,3,,0,0,4,2,4,12.72,1,13.74,-0.33,-0.75,24,Married,Not Dropout
1,16,3,11,1,16.0,1,11,15,2.0,16.0,1,0,0,1,0,1,17,0,0,7,7,6,17.5,0,0,7,8,7,19.61,0,8.51,1.56,3.28,13,Single,Not Dropout
2,9,2,1,1,8.0,1,9,19,10.0,5.0,1,0,1,1,1,0,23,0,0,7,7,4,13.14,1,0,7,7,4,12.66,0,16.1,-0.72,-0.55,14,Married,Not Dropout
5,17,1,2,1,3.0,1,21,25,14.0,19.0,1,0,0,1,0,0,24,0,0,6,9,3,12.78,0,0,7,13,4,11.25,1,12.88,1.51,-1.37,23,Other,Not Dropout
2,4,3,12,1,,1,19,13,17.0,9.0,1,0,0,1,0,0,21,0,0,5,4,3,7.38,0,0,7,10,2,7.27,0,12.7,1.59,4.0,16,Married,Not Dropout
4,6,5,3,1,5.0,1,17,7,11.0,15.0,1,0,0,1,0,0,31,0,2,6,6,4,10.89,0,0,7,7,4,10.51,0,13.06,0.92,-4.25,12,Other,Not Dropout
1,16,1,2,1,10.0,1,3,24,12.0,,1,0,0,1,0,0,21,0,1,10,11,3,8.07,0,0,12,12,4,8.78,1,12.74,-0.32,0.71,13,Single,Dropout
2,3,0,1,1,1.0,1,3,1,16.0,3.0,1,0,0,1,1,0,17,0,0,5,7,4,11.82,0,0,6,6,4,14.78,0,12.0,2.12,-1.55,2,Married,Not Dropout
1,12,2,12,1,16.0,1,19,9,14.0,10.0,0,0,0,1,0,0,19,0,0,3,5,1,10.79,0,0,4,3,2,11.45,1,10.93,3.24,-2.53,14,Single,Not Dropout
1,4,1,7,1,16.0,1,14,4,11.0,11.0,1,0,0,1,0,0,27,0,1,6,6,2,10.54,0,0,7,6,2,10.28,1,8.72,-1.0,-0.06,9,Single,Dropout
2,6,4,5,0,3.0,1,25,19,11.0,10.0,1,0,0,1,1,0,17,0,0,5,3,3,8.91,0,0,3,4,2,8.51,0,15.94,0.1,3.38,22,Married,Not Dropout
5,9,3,11,1,13.0,1,1,8,19.0,8.0,0,0,0,1,1,0,20,0,1,3,7,2,14.96,0,0,3,3,2,10.81,0,8.94,-0.28,1.22,4,Other,Not Dropout
1,7,0,3,0,10.0,1,6,10,15.0,13.0,1,0,1,1,0,0,28,0,2,7,3,3,10.22,1,1,6,5,4,8.53,0,14.16,0.27,-3.3,8,Single,Not Dropout
1,15,2,9,1,8.0,1,23,19,5.0,13.0,1,0,0,1,0,1,17,0,1,4,6,3,8.64,1,1,4,8,1,8.28,0,12.75,0.63,-2.44,21,Single,Not Dropout
1,17,4,9,1,12.0,1,29,9,9.0,3.0,1,0,0,1,0,0,17,0,0,4,5,1,5.89,1,0,4,4,0,3.51,0,9.83,0.91,-1.11,19,Single,Dropout
1,9,2,12,1,10.0,1,22,11,15.0,13.0,0,0,0,1,0,0,17,0,0,8,10,4,9.66,0,0,9,9,4,10.33,0,13.4,3.75,-1.97,16,Single,Not Dropout
1,9,3,11,1,6.0,1,1,15,10.0,7.0,0,0,1,1,0,0,18,0,0,9,11,6,10.13,1,0,8,12,5,13.1,0,10.48,0.69,2.95,8,Single,Not Dropout
1,1,1,12,1,9.0,1,2,4,9.0,16.0,1,0,0,1,1,0,20,0,1,11,12,5,9.01,0,1,8,13,3,8.64,1,16.39,1.87,1.2,3,Single,Not Dropout
1,4,1,4,1,3.0,10,26,28,12.0,10.0,0,0,0,1,0,0,22,0,0,3,4,2,8.98,0,0,3,6,1,6.6,0,11.39,1.54,-0.96,27,Single,Dropout
1,1,0,3,1,5.0,1,15,29,8.0,5.0,1,0,0,1,1,0,17,0,1,7,9,3,7.96,1,0,7,8,2,5.6,0,13.75,1.25,-0.1,22,Single,Dropout
1,15,0,10,0,16.0,1,15,21,13.0,4.0,0,0,1,1,0,0,21,0,0,4,6,2,10.3,0,0,5,5,2,10.7,1,10.31,2.41,-1.93,18,Single,Not Dropout
1,4,0,1,1,3.0,1,28,4,14.0,19.0,1,0,0,1,0,1,29,0,0,6,1,4,,0,1,5,8,1,8.93,0,9.21,0.8,-1.07,16,Single,Dropout
3,6,3,8,1,10.0,1,8,14,18.0,14.0,0,0,0,1,0,0,25,0,0,6,7,3,8.17,1,0,7,7,2,9.43,0,11.39,2.45,-2.51,11,Other,Dropout
1,15,0,11,1,5.0,1,9,11,19.0,5.0,1,0,0,1,1,0,36,0,1,2,5,1,9.3,0,0,1,0,0,8.61,0,15.52,3.62,0.23,10,Single,Not Dropout
1,13,3,14,1,8.0,1,20,5,14.0,10.0,1,0,0,1,0,0,19,0,0,7,7,7,19.47,0,0,5,5,5,17.69,0,7.58,-0.11,-0.82,12,Single,Not Dropout
1,11,5,12,1,4.0,1,27,26,15.0,3.0,1,0,0,1,0,0,20,0,0,6,8,6,,0,0,6,5,6,19.69,1,10.01,2.52,0.03,26,Single,Not Dropout
1,1,4,17,1,10.0,1,11,13,15.0,16.0,0,0,0,1,1,0,24,0,2,7,10,6,15.6,0,1,5,4,4,15.47,0,11.4,1.6,2.26,12,Single,Not Dropout
5,10,3,10,0,9.0,1,5,19,7.0,16.0,1,0,0,1,0,0,20,0,0,4,5,3,12.77,0,0,3,7,2,14.09,0,9.25,1.65,-0.3,12,Other,Not Dropout
1,10,0,8,1,10.0,1,2,21,18.0,16.0,1,0,0,1,0,1,23,0,0,10,11,2,4.23,1,1,10,14,2,5.53,0,8.65,0.92,-5.0,11,Single,Dropout
1,6,2,5,1,5.0,1,1,10,10.0,9.0,0,0,1,1,0,0,17,0,1,7,5,7,19.2,0,0,5,5,5,18.88,0,13.89,2.42,3.71,5,Single,Not Dropout
3,13,5,12,1,10.0,1,11,11,17.0,4.0,0,0,0,1,0,0,21,0,0,7,8,3,12.69,0,2,7,7,3,11.34,1,9.8,-0.94,0.5,11,Other,Not Dropout
5,16,2,14,1,12.0,1,16,29,5.0,10.0,0,0,0,1,0,0,28,0,0,9,11,4,9.05,0,0,7,6,1,,0,9.59,0.99,-2.57,22,Other,Dropout
1,5,4,6,1,12.0,1,15,24,6.0,10.0,1,0,0,1,1,0,34,0,1,6,6,6,17.25,1,0,5,10,5,18.55,0,10.04,-0.54,-0.31,19,Single,Not Dropout
1,6,4,2,1,10.0,1,7,15,12.0,7.0,1,0,0,1,0,0,32,0,1,5,5,2,9.88,0,1,4,8,2,9.67,1,11.04,-1.0,1.95,11,Single,Not Dropout
1,6,1,1,1,5.0,1,20,16,11.0,8.0,0,0,0,1,0,0,24,0,0,8,10,6,15.66,0,1,9,9,5,14.08,0,12.73,2.68,-0.7,18,Single,Not Dropout
1,15,0,11,0,9.0,1,26,1,8.0,1.0,1,0,0,1,1,0,26,0,1,6,8,2,9.08,0,0,6,9,3,9.14,1,8.61,-0.77,-0.13,13,Single,Not Dropout
1,2,0,12,1,9.0,1,7,6,,,0,0,1,1,0,0,25,0,0,8,10,5,11.46,0,0,7,9,4,13.5,0,10.97,3.37,-0.36,6,Single,Not Dropout
1,16,1,3,1,16.0,1,20,1,5.0,4.0,0,0,0,1,0,0,20,0,0,6,4,5,14.9,1,1,3,5,2,12.21,0,9.98,1.85,3.45,10,Single,Not Dropout
3,14,1,1,1,7.0,1,16,24,14.0,16.0,0,0,0,1,1,0,17,0,1,10,12,6,,0,2,10,12,7,10.11,0,8.35,1.39,4.0,20,Other,Not Dropout
1,9,3,12,1,6.0,1,20,28,1.0,15.0,0,0,1,1,1,1,24,0,1,6,4,5,15.46,0,0,5,6,4,15.83,0,10.27,0.09,2.03,24,Single,Not Dropout
1,10,3,7,1,12.0,1,1,5,3.0,12.0,1,0,0,1,0,0,22,0,1,5,5,2,12.47,0,1,3,3,2,11.41,1,13.67,2.42,3.59,3,Single,Not Dropout
1,16,2,8,1,11.0,1,20,9,18.0,5.0,0,0,0,1,0,0,28,0,0,7,12,4,11.22,0,0,8,12,4,13.72,0,12.27,2.69,-3.1,14,Single,Not Dropout
2,14,4,5,1,7.0,1,22,11,19.0,13.0,0,0,0,1,1,0,17,0,1,5,7,3,10.9,0,0,4,5,2,10.24,0,13.25,1.28,-0.76,16,Married,Not Dropout
1,5,4,13,1,1.0,1,20,24,2.0,19.0,0,0,0,1,0,0,22,0,0,5,7,1,7.81,0,0,5,7,1,7.58,0,7.0,3.39,-1.75,22,Single,Dropout
2,1,4,13,1,12.0,1,25,12,3.0,12.0,1,0,0,1,1,0,30,0,0,9,8,3,7.58,0,2,8,13,3,7.28,0,9.79,1.07,1.46,18,Married,Dropout
4,12,5,1,1,12.0,1,22,2,7.0,15.0,1,1,0,1,0,0,26,0,0,4,8,2,9.48,1,1,5,7,2,8.82,1,12.64,0.72,2.55,12,Other,Not Dropout
1,3,2,2,1,15.0,1,29,17,,18.0,0,0,0,1,0,0,17,0,1,8,10,6,13.63,0,0,9,10,8,14.52,1,10.52,1.49,-0.41,23,Single,Not Dropout
1,2,4,10,1,9.0,1,20,5,4.0,17.0,0,0,0,1,1,0,17,0,2,9,5,7,11.71,1,0,10,10,9,11.03,0,11.6,3.54,-0.57,12,Single,Not Dropout
1,17,2,11,1,9.0,1,13,19,19.0,4.0,1,0,0,1,0,0,23,0,0,6,6,3,10.0,1,1,7,7,5,10.88,1,11.63,0.06,0.23,16,Single,Not Dropout
1,9,1,3,1,4.0,1,25,25,10.0,17.0,1,0,0,1,1,0,28,0,0,7,9,3,7.17,0,0,5,7,2,10.27,0,7.72,2.7,-1.55,25,Single,Not Dropout
4,12,0,3,1,8.0,13,21,2,11.0,15.0,1,0,0,1,0,1,26,0,0,5,6,2,8.23,0,1,7,7,1,5.49,0,10.4,1.97,-3.49,11,Other,Dropout
1,4,0,12,1,1.0,1,17,29,4.0,14.0,1,0,0,1,0,0,24,0,0,8,11,4,8.55,0,1,5,5,2,9.29,2,9.19,2.08,2.07,23,Single,Dropout
1,2,5,8,1,9.0,1,17,20,6.0,5.0,1,0,0,1,1,1,27,0,0,4,3,2,13.87,0,0,3,0,1,10.36,0,12.23,0.89,-1.05,18,Single,Not Dropout
1,2,1,3,1,12.0,1,11,2,14.0,,0,0,0,1,0,0,25,0,1,8,9,4,8.92,0,0,7,9,3,10.99,0,10.5,0.36,-0.52,6,Single,Not Dropout
1,7,5,11,0,13.0,1,18,7,13.0,18.0,0,0,0,1,0,0,27,0,0,6,6,4,11.87,0,0,4,3,2,14.97,0,8.41,1.68,1.44,12,Single,Not Dropout
1,1,4,2,1,11.0,1,14,5,,18.0,1,0,1,1,0,0,29,0,2,5,6,3,11.8,0,1,4,9,2,12.32,1,11.24,0.31,-2.22,9,Single,Not Dropout
1,8,2,4,1,13.0,1,4,26,9.0,3.0,0,0,0,1,0,1,20,0,0,5,5,3,10.88,1,1,6,5,3,,0,15.15,1.45,3.93,15,Single,Not Dropout
1,6,5,13,1,11.0,1,13,21,4.0,9.0,1,0,0,1,0,0,18,0,3,7,8,2,6.02,0,0,7,7,2,7.17,2,7.22,0.9,1.03,17,Single,Dropout
1,9,5,4,1,13.0,1,28,11,8.0,12.0,0,0,0,1,1,1,27,0,0,4,8,2,7.57,1,0,2,3,1,8.15,0,13.99,2.01,-1.45,19,Single,Not Dropout
1,11,5,2,1,7.0,1,10,16,5.0,,0,0,0,0,0,0,20,0,0,7,5,4,14.29,1,2,7,7,3,12.66,1,9.75,2.21,2.41,13,Single,Not Dropout
1,6,2,17,1,10.0,1,20,11,19.0,5.0,1,0,0,1,0,0,17,0,0,7,12,3,10.97,0,1,8,5,5,10.26,0,11.41,2.49,3.43,15,Single,Not Dropout
1,8,1,4,1,11.0,1,13,12,6.0,12.0,0,0,1,1,0,0,32,0,0,6,14,4,13.27,0,0,5,6,4,14.63,0,7.39,1.03,-3.72,12,Single,Not Dropout
3,2,0,9,1,10.0,1,9,19,10.0,13.0,1,0,0,0,0,0,25,0,1,7,7,6,15.11,0,0,7,9,6,16.67,0,12.11,2.48,-5.0,14,Other,Not Dropout
1,6,5,15,1,10.0,1,12,6,13.0,3.0,0,0,0,1,1,0,24,0,0,5,9,4,13.53,0,1,6,6,5,16.05,1,12.29,2.92,-0.42,9,Single,Not Dropout
1,17,5,17,1,13.0,1,28,23,,9.0,0,0,0,1,0,1,22,0,0,6,9,5,15.26,0,0,7,8,6,17.72,0,15.95,-0.57,0.06,25,Single,Not Dropout
1,17,3,14,1,4.0,1,4,28,4.0,13.0,0,0,1,1,0,0,28,0,0,6,9,5,15.06,0,0,7,7,7,20.0,0,12.61,1.68,0.56,16,Single,Not Dropout
1,9,0,6,1,6.0,1,20,29,19.0,19.0,1,0,0,1,0,0,17,0,0,4,3,2,,1,0,4,3,1,12.0,0,7.0,-0.94,3.21,24,Single,Not Dropout
1,16,4,15,0,9.0,1,25,5,14.0,,1,0,0,1,0,1,23,0,0,6,5,5,19.46,0,0,4,4,4,17.74,1,11.79,2.77,0.63,15,Single,Not Dropout
1,9,1,1,1,11.0,1,6,12,,6.0,1,0,1,0,1,0,25,0,1,3,3,3,18.89,1,0,3,7,3,20.0,0,12.14,4.0,-0.45,9,Single,Not Dropout
6,3,3,6,1,9.0,1,22,8,9.0,13.0,1,0,0,1,0,0,26,0,0,5,5,1,6.42,0,0,3,5,1,8.32,1,7.96,1.53,1.87,15,Other,Dropout
1,15,3,4,1,4.0,1,19,19,17.0,11.0,1,0,0,1,0,1,17,0,1,3,2,1,9.37,0,0,3,6,1,9.47,1,7.0,0.7,3.12,19,Single,Not Dropout
1,8,0,9,1,14.0,1,10,10,4.0,5.0,1,0,1,1,0,1,27,0,1,4,3,4,9.93,0,0,3,3,2,13.24,0,7.0,1.28,-3.62,10,Single,Not Dropout
1,11,0,16,1,9.0,1,6,12,6.0,10.0,0,0,0,1,0,0,20,0,0,5,8,3,12.59,0,0,5,8,3,9.31,0,12.09,0.49,2.64,9,Single,Not Dropout
1,12,0,14,1,7.0,1,28,5,5.0,,1,0,0,1,0,0,19,0,1,7,11,1,3.89,0,0,8,11,3,5.15,0,10.81,-0.49,-0.66,16,Single,Dropout
1,6,5,17,1,15.0,1,6,17,13.0,3.0,1,0,0,1,0,0,17,0,0,5,4,2,5.25,0,0,5,5,2,7.31,0,13.91,-1.0,2.34,11,Single,Dropout
1,13,5,3,1,7.0,1,28,16,11.0,7.0,0,0,0,1,0,0,36,0,0,4,10,3,11.79,0,0,5,11,3,,0,14.84,0.03,-1.72,22,Single,Not Dropout
1,9,2,13,1,3.0,1,19,16,10.0,5.0,1,0,1,1,1,1,22,0,0,6,4,2,11.27,0,1,5,4,2,11.78,0,13.35,0.71,-1.83,17,Single,Not Dropout
1,7,2,13,1,16.0,1,25,10,8.0,3.0,0,0,0,1,0,1,24,0,1,10,9,8,14.42,0,0,10,9,7,11.17,0,13.51,0.41,1.66,17,Single,Not Dropout
5,6,2,8,1,,1,9,22,7.0,1.0,0,0,0,1,1,1,17,0,2,3,0,2,18.0,1,1,2,1,2,19.11,0,,1.15,2.45,15,Other,Not Dropout
1,13,2,2,1,15.0,1,1,18,10.0,11.0,1,0,0,1,0,0,17,0,0,8,5,4,5.93,0,1,8,8,3,6.5,0,,1.25,3.11,9,Single,Dropout
2,5,3,2,1,9.0,1,20,6,16.0,1.0,1,1,0,1,0,0,28,0,0,7,10,7,20.0,0,0,8,11,8,20.0,0,12.61,0.06,-3.15,13,Married,Not Dropout
1,3,2,16,1,4.0,1,11,11,16.0,15.0,0,0,0,1,0,0,17,0,0,10,10,9,17.12,0,1,8,8,7,17.99,0,7.0,1.1,0.84,11,Single,Not Dropout
1,15,3,6,1,7.0,16,16,20,15.0,2.0,1,0,0,1,0,1,31,0,0,7,8,1,3.99,0,0,7,4,1,5.35,1,9.97,1.23,1.83,18,Single,Dropout
2,6,2,11,1,15.0,1,14,4,1.0,13.0,1,0,1,1,0,1,34,0,0,6,6,3,8.73,2,0,7,7,3,6.86,0,8.68,0.78,-3.24,9,Married,Dropout
1,11,3,17,1,16.0,1,10,11,10.0,3.0,0,0,0,1,1,0,18,0,1,6,4,3,10.17,0,2,5,5,2,8.87,0,14.65,2.16,-3.37,10,Single,Not Dropout
2,13,5,9,1,3.0,1,21,26,8.0,12.0,0,0,0,1,0,0,20,1,0,6,3,2,11.2,0,0,7,9,1,8.1,0,8.92,4.0,0.63,23,Married,Dropout
1,15,1,4,0,16.0,1,15,13,18.0,3.0,1,0,0,1,1,0,17,0,0,8,4,6,15.34,1,1,8,4,7,9.66,0,8.86,2.34,0.42,14,Single,Not Dropout
1,11,0,9,1,14.0,1,19,15,8.0,9.0,1,0,0,1,1,0,17,0,0,5,5,3,12.4,0,0,3,3,2,12.66,0,10.56,0.92,0.61,17,Single,Not Dropout
2,13,3,4,1,11.0,1,20,20,5.0,13.0,0,0,0,1,1,0,27,0,0,12,14,7,9.5,0,0,12,13,7,12.48,0,15.27,-0.11,-0.91,20,Married,Not Dropout
1,15,0,4,1,3.0,1,20,10,5.0,4.0,1,0,0,1,0,0,31,0,1,8,7,5,11.4,1,0,8,9,5,12.11,0,15.87,4.0,-1.11,15,Single,Not Dropout
1,17,1,14,1,10.0,1,10,24,4.0,3.0,0,0,0,1,0,0,18,0,0,6,2,3,6.87,1,0,6,8,2,11.96,0,11.11,2.07,3.95,17,Single,Not Dropout
1,1,4,6,1,7.0,1,23,1,9.0,13.0,1,0,0,1,0,0,19,0,0,6,9,5,12.33,1,2,6,5,3,11.06,0,12.5,1.14,-0.79,12,Single,Not Dropout
1,13,2,12,1,2.0,1,7,14,6.0,13.0,1,0,0,1,0,0,17,0,0,6,9,5,18.69,0,1,7,8,6,15.88,0,11.31,2.28,0.44,10,Single,Not Dropout
4,3,3,13,1,16.0,1,28,18,11.0,8.0,1,0,0,0,1,0,17,0,0,6,4,0,3.4,0,0,6,7,1,3.08,0,12.93,1.61,-2.26,23,Other,Dropout
1,16,4,10,1,10.0,1,24,7,5.0,3.0,0,0,0,1,1,0,31,0,0,7,5,4,11.82,0,0,8,8,5,10.09,0,7.0,2.28,2.17,15,Single,Not Dropout
1,1,0,10,0,2.0,1,16,23,12.0,6.0,1,0,1,0,1,0,25,0,1,7,9,5,13.72,0,0,9,11,9,13.48,0,14.5,1.4,0.04,19,Single,Not Dropout
2,5,2,4,1,6.0,1,6,3,12.0,5.0,0,0,0,1,0,0,17,0,1,9,6,5,13.07,0,0,10,9,8,9.89,0,11.43,-0.09,1.22,4,Married,Not Dropout
1,4,0,9,1,14.0,1,27,19,13.0,13.0,0,0,0,1,1,1,26,0,0,5,3,2,12.27,1,2,5,7,3,12.39,0,10.07,0.87,3.15,23,Single,Not Dropout
1,11,2,13,1,8.0,1,17,19,17.0,6.0,0,0,0,1,0,1,37,0,0,6,10,4,14.49,0,0,6,7,5,11.22,0,9.94,-0.64,-0.05,18,Single,Not Dropout
1,1,1,4,1,8.0,1,24,23,2.0,8.0,0,0,0,1,0,0,21,0,0,5,5,2,8.43,0,0,5,8,2,8.73,0,12.46,2.05,4.0,23,Single,Not Dropout
1,1,5,4,0,3.0,1,1,7,2.0,5.0,1,0,0,0,0,0,19,0,0,5,6,4,20.0,2,0,5,8,5,18.01,0,15.17,1.98,3.14,4,Single,Not Dropout
1,9,1,12,1,2.0,1,10,5,9.0,4.0,1,0,0,1,0,0,26,0,0,5,3,0,5.3,1,0,5,8,1,3.16,1,14.97,2.32,-0.07,7,Single,Dropout
1,17,1,17,1,16.0,1,9,17,10.0,16.0,1,0,0,1,1,0,29,0,1,8,11,6,15.95,0,0,7,5,3,13.48,1,9.65,2.64,-1.34,13,Single,Not Dropout
1,9,0,7,0,16.0,1,24,29,15.0,10.0,1,0,0,1,0,0,28,0,0,5,6,2,10.43,0,2,4,4,2,10.75,0,13.3,-1.0,-2.11,26,Single,Not Dropout
1,8,0,15,1,2.0,1,14,23,5.0,11.0,1,0,0,1,1,1,21,0,0,9,12,6,10.49,0,0,8,9,6,10.54,0,9.4,0.79,-1.29,18,Single,Not Dropout
1,12,1,4,1,9.0,1,4,7,9.0,6.0,0,0,1,1,0,0,20,0,0,9,9,9,14.12,0,1,10,10,8,15.65,0,9.69,0.85,-3.06,5,Single,Not Dropout
2,10,1,10,1,11.0,1,18,12,12.0,2.0,0,0,0,1,0,0,17,0,0,8,6,3,9.42,0,0,8,8,1,7.31,0,11.17,0.46,2.07,15,Married,Not Dropout
1,7,4,17,1,15.0,1,5,8,13.0,14.0,1,0,0,1,1,0,17,1,1,4,4,3,11.87,0,1,4,7,3,16.2,0,12.62,1.22,1.49,6,Single,Not Dropout
1,11,5,8,1,9.0,7,13,23,11.0,14.0,1,0,0,1,1,1,25,0,1,9,8,8,18.44,0,2,8,7,8,17.54,0,12.8,-0.37,0.21,18,Single,Not Dropout
4,1,5,9,0,14.0,1,29,15,12.0,1.0,0,0,0,1,1,0,20,0,0,6,6,2,7.13,0,2,7,5,3,11.51,0,12.03,2.88,1.8,22,Other,Not Dropout
1,5,5,3,1,2.0,1,13,13,4.0,17.0,0,0,0,1,1,1,24,0,0,6,5,1,12.25,2,0,5,4,2,10.14,1,7.74,-1.0,-0.12,13,Single,Not Dropout
1,12,5,9,1,1.0,1,13,1,9.0,17.0,0,0,0,1,1,0,22,0,0,7,5,4,12.78,0,0,6,8,3,12.18,0,13.01,-0.79,-0.83,7,Single,Not Dropout
1,6,2,10,1,8.0,1,2,19,11.0,,1,0,0,1,1,0,23,0,2,5,7,3,14.62,0,3,6,10,3,12.7,0,17.0,-0.44,1.62,10,Single,Not Dropout
1,1,2,17,1,5.0,1,14,13,2.0,,1,0,0,1,1,0,23,0,0,9,11,5,6.86,0,2,9,14,1,4.35,1,13.06,1.98,-0.98,13,Single,Dropout
2,3,3,4,1,13.0,7,28,2,19.0,14.0,0,0,0,1,1,1,27,0,1,8,7,6,14.31,1,0,8,8,5,16.61,1,14.54,0.15,2.42,15,Married,Not Dropout
1,15,1,7,1,6.0,1,28,6,13.0,1.0,1,0,0,1,0,0,28,0,0,12,16,7,11.18,0,0,11,10,8,15.28,0,13.21,2.7,0.39,17,Single,Not Dropout
1,6,3,12,1,7.0,1,28,22,14.0,12.0,0,0,1,1,1,0,23,0,1,7,6,3,11.66,1,1,7,8,2,13.18,0,13.73,-0.54,4.0,25,Single,Not Dropout
1,1,5,17,1,9.0,1,11,22,11.0,3.0,1,0,0,1,0,1,22,0,0,6,8,4,14.09,0,0,6,7,5,14.3,0,7.87,1.04,0.75,16,Single,Not Dropout
1,13,1,5,1,16.0,1,2,15,18.0,18.0,1,0,0,1,0,0,23,0,0,10,5,0,6.27,1,1,11,9,3,5.87,1,9.39,1.6,-1.92,8,Single,Dropout
1,10,4,12,1,2.0,1,7,22,1.0,18.0,0,0,0,1,0,1,18,0,1,3,3,0,1.02,0,0,3,0,0,2.52,0,14.61,1.71,0.48,14,Single,Dropout
1,8,5,15,1,9.0,1,7,22,19.0,3.0,0,0,1,1,1,0,30,0,0,7,4,6,15.25,1,1,8,6,6,17.16,0,13.75,-0.38,0.78,14,Single,Not Dropout
1,16,3,11,1,7.0,1,3,18,4.0,11.0,1,0,1,1,0,0,20,0,0,6,5,2,10.49,0,1,7,10,3,9.03,1,10.73,1.27,-0.19,10,Single,Dropout
1,6,2,8,1,1.0,1,21,7,17.0,12.0,0,0,0,1,1,1,22,0,0,9,10,4,10.43,0,0,10,10,6,10.52,1,12.04,-1.0,1.76,14,Single,Not Dropout
1,10,1,4,0,14.0,1,16,13,2.0,15.0,0,0,0,1,1,0,24,0,0,12,13,5,7.52,1,0,12,12,4,6.09,2,14.0,4.0,2.69,14,Single,Dropout
1,13,1,5,1,15.0,1,21,24,6.0,10.0,0,0,1,1,0,0,25,0,0,5,4,3,14.72,0,0,6,8,4,14.97,0,12.34,2.64,0.47,22,Single,Not Dropout
1,11,1,1,1,3.0,1,6,9,11.0,17.0,0,0,0,1,1,0,25,0,0,8,9,5,12.63,0,0,7,10,4,12.73,0,14.1,2.48,1.99,7,Single,Not Dropout
1,4,4,3,1,13.0,1,21,20,13.0,7.0,0,0,0,1,0,0,22,0,0,9,10,4,,0,0,9,9,5,10.03,0,10.65,0.79,0.33,20,Single,Not Dropout
1,12,3,8,1,12.0,1,2,24,1.0,7.0,0,0,0,1,0,0,33,0,0,9,8,4,5.1,1,0,11,12,5,5.6,1,14.38,0.99,-1.35,13,Single,Dropout
2,13,1,3,0,12.0,1,21,16,7.0,14.0,0,0,0,1,0,0,23,0,0,7,9,4,9.84,0,1,5,6,2,11.52,0,12.36,2.07,-3.88,18,Married,Not Dropout
1,3,3,1,1,8.0,1,24,15,17.0,11.0,0,0,0,1,0,1,21,0,2,8,9,5,12.25,0,0,10,13,5,12.07,0,,0.83,3.55,19,Single,Not Dropout
2,3,4,12,1,6.0,1,8,6,4.0,,0,0,0,1,1,0,34,0,1,5,5,2,8.54,0,0,6,7,3,,0,16.58,1.97,3.51,7,Married,Not Dropout
1,12,0,2,1,2.0,1,10,15,,13.0,0,0,0,1,1,0,18,0,0,9,13,5,9.56,0,2,9,7,3,9.67,0,16.88,3.23,-1.89,12,Single,Not Dropout
2,3,0,3,1,1.0,1,13,2,14.0,6.0,1,0,0,1,0,0,34,0,0,4,4,2,12.65,0,0,4,5,2,12.23,1,10.15,-0.31,-3.49,7,Married,Not Dropout
1,15,5,11,0,3.0,1,17,4,19.0,16.0,1,0,0,1,0,0,17,0,1,5,4,4,12.58,0,0,4,6,4,13.31,0,10.53,2.57,-0.55,10,Single,Not Dropout
1,2,4,16,0,9.0,1,16,16,18.0,16.0,0,0,0,1,0,1,21,0,0,6,9,4,10.59,0,2,7,8,5,13.49,0,,-0.1,-0.2,16,Single,Not Dropout
1,17,3,13,1,3.0,1,4,7,5.0,8.0,0,0,0,1,0,0,17,0,1,5,7,4,15.56,1,0,3,3,3,13.6,1,11.16,-0.13,-2.42,5,Single,Not Dropout
1,12,5,1,1,11.0,1,11,11,18.0,17.0,1,0,0,1,1,0,17,0,0,7,4,4,12.67,0,0,10,8,5,13.07,0,11.45,1.14,-0.78,11,Single,Not Dropout
1,8,3,3,1,10.0,1,15,11,10.0,19.0,0,0,0,1,0,0,26,0,1,6,3,4,14.7,0,0,7,10,6,13.1,1,15.1,1.82,2.93,13,Single,Not Dropout
1,5,3,13,1,6.0,1,18,14,5.0,14.0,1,0,0,1,1,0,25,0,0,5,7,2,6.52,0,0,6,8,2,7.94,0,8.37,-1.0,0.25,16,Single,Dropout
1,6,1,13,0,2.0,1,19,21,17.0,12.0,1,0,0,1,0,0,19,0,0,4,3,2,11.99,0,0,4,5,2,12.16,1,9.99,2.92,-1.55,20,Single,Not Dropout
1,13,4,7,1,9.0,1,20,13,9.0,18.0,0,0,0,1,1,0,33,0,0,8,9,3,11.34,0,0,7,6,5,10.68,0,,-0.32,1.06,16,Single,Not Dropout
1,13,4,17,1,14.0,1,14,25,14.0,17.0,0,0,0,1,0,0,30,0,0,7,7,7,19.01,0,0,7,9,7,18.43,0,,-1.0,-0.68,19,Single,Not Dropout
1,4,1,16,1,7.0,1,15,14,12.0,10.0,0,0,0,1,0,0,23,0,0,4,6,3,5.48,0,0,2,2,1,11.53,1,15.25,0.38,-1.97,14,Single,Not Dropout
1,10,4,13,1,13.0,1,10,29,6.0,2.0,0,0,0,1,0,0,17,0,0,7,9,2,7.31,0,0,6,3,1,5.37,1,14.07,-0.46,-3.35,19,Single,Dropout
1,17,4,13,1,5.0,1,8,29,19.0,12.0,0,0,0,1,0,0,29,0,0,6,3,3,8.25,0,0,4,7,1,6.84,0,9.78,1.21,1.34,18,Single,Not Dropout
1,5,0,14,1,2.0,1,10,13,16.0,9.0,0,0,0,1,0,0,20,0,1,3,2,2,10.42,1,0,3,0,1,7.46,0,12.56,1.47,-2.84,11,Single,Not Dropout
1,12,0,3,1,11.0,1,13,23,11.0,7.0,0,0,0,1,0,0,25,0,0,4,8,2,10.04,0,0,3,4,1,13.98,1,9.96,-0.71,0.7,18,Single,Not Dropout
1,3,3,12,1,15.0,1,4,14,11.0,4.0,1,0,0,1,0,1,28,0,0,8,10,2,5.13,0,0,8,11,2,7.0,2,15.2,0.87,4.0,9,Single,Dropout
3,15,3,16,1,15.0,1,7,26,2.0,14.0,1,1,0,1,1,1,21,0,0,9,11,7,12.67,1,1,9,10,3,11.53,0,10.54,2.63,1.79,16,Other,Not Dropout
1,3,3,4,1,16.0,1,4,23,14.0,18.0,1,0,0,1,0,0,31,0,2,8,13,5,13.19,0,0,9,11,6,10.65,0,8.96,4.0,0.38,13,Single,Not Dropout
1,6,2,1,1,2.0,1,12,10,18.0,12.0,1,0,0,1,0,0,21,0,1,5,8,4,13.7,1,0,3,6,2,13.4,0,14.36,0.76,3.02,11,Single,Not Dropout
2,8,5,7,0,1.0,1,15,10,19.0,5.0,1,0,1,1,1,0,26,0,0,7,8,3,12.61,0,1,9,8,6,12.79,0,7.0,1.59,2.61,12,Married,Not Dropout
6,7,2,5,1,10.0,1,5,26,11.0,,1,0,1,1,1,1,28,0,0,7,5,4,12.4,1,1,7,8,5,12.11,0,10.09,-0.05,3.83,15,Other,Not Dropout
1,3,1,17,1,16.0,1,5,16,19.0,14.0,1,0,1,0,1,0,28,0,1,2,5,1,,0,0,1,2,1,10.48,0,7.0,0.85,-1.23,10,Single,Dropout
2,11,0,8,1,16.0,1,16,21,16.0,3.0,0,0,0,1,1,0,33,0,0,7,10,3,13.19,2,0,7,8,6,15.34,0,12.89,2.81,-1.96,18,Married,Not Dropout
3,1,5,12,1,5.0,1,7,20,10.0,2.0,1,0,0,0,0,1,18,0,1,7,8,3,4.11,1,0,7,9,2,4.94,0,9.07,0.57,-3.07,13,Other,Dropout
2,17,4,17,0,7.0,1,26,5,,4.0,1,0,0,1,0,0,17,0,2,11,16,5,7.21,0,2,12,14,4,6.71,0,14.89,0.07,1.93,15,Married,Dropout
1,1,2,14,1,,1,5,7,3.0,4.0,1,0,0,1,1,0,21,0,2,10,12,8,9.54,0,0,10,13,8,,1,14.44,0.98,2.4,6,Single,Not Dropout
1,6,1,13,1,15.0,1,14,27,13.0,7.0,1,0,0,1,0,0,41,0,0,6,7,4,12.34,0,0,4,3,2,13.15,0,,0.04,-5.0,20,Single,Not Dropout
1,16,0,17,1,3.0,1,24,9,12.0,7.0,0,0,0,1,1,0,31,0,0,7,10,3,7.62,1,0,5,7,1,,0,17.0,0.16,2.44,16,Single,Dropout
1,3,0,12,1,16.0,1,4,26,,4.0,0,0,0,0,0,0,20,0,0,7,9,5,14.36,0,0,8,7,5,13.85,1,9.12,1.46,0.92,15,Single,Not Dropout
1,2,0,4,1,14.0,1,14,11,13.0,15.0,0,0,0,1,0,0,21,0,1,5,8,1,5.09,0,0,6,8,0,5.68,0,8.66,-0.07,-1.5,12,Single,Dropout
1,13,3,13,1,2.0,1,14,25,17.0,16.0,0,0,0,1,1,0,23,0,0,4,1,2,11.42,0,1,6,10,2,7.38,0,10.14,-1.0,2.22,19,Single,Not Dropout
1,2,1,6,1,14.0,1,17,17,11.0,5.0,0,0,0,1,1,0,25,0,0,5,7,3,10.96,0,0,3,7,2,10.52,0,11.88,0.35,0.74,17,Single,Not Dropout
1,16,0,6,0,11.0,1,26,3,8.0,,0,0,0,1,0,0,27,0,1,5,5,3,10.46,0,0,6,4,4,12.1,0,13.38,0.27,1.32,14,Single,Not Dropout
2,8,1,11,1,16.0,1,17,8,9.0,16.0,1,0,0,1,0,0,27,0,0,8,8,3,8.24,0,1,9,8,5,7.73,0,15.6,1.21,-2.03,12,Married,Not Dropout
1,15,4,6,1,4.0,1,11,28,11.0,19.0,1,0,0,1,0,0,30,0,1,7,8,7,13.79,0,0,7,9,6,16.47,0,11.88,1.9,-1.99,19,Single,Not Dropout
1,5,2,1,1,,1,12,7,12.0,15.0,0,0,0,1,0,1,35,0,1,5,5,4,17.01,0,0,5,5,5,16.19,0,10.64,1.25,-0.02,9,Single,Not Dropout
2,3,0,17,1,1.0,1,19,7,,11.0,0,0,0,1,0,1,22,1,0,5,7,4,14.39,0,0,5,9,4,16.77,0,11.36,0.12,-0.5,13,Married,Not Dropout
2,17,4,10,1,2.0,1,9,5,11.0,19.0,0,0,0,1,0,0,22,0,0,7,6,5,14.81,0,0,7,10,7,,0,13.4,1.49,-0.47,7,Married,Not Dropout
6,13,2,12,1,8.0,1,20,18,6.0,14.0,1,0,0,1,0,0,21,0,0,6,3,4,13.76,0,0,6,8,4,,0,8.97,2.13,2.96,19,Other,Not Dropout
2,16,1,14,1,11.0,1,12,24,18.0,13.0,0,0,0,0,1,0,21,0,1,4,5,2,14.45,0,1,5,4,3,14.62,0,9.77,0.18,0.89,18,Married,Not Dropout
2,6,4,11,1,3.0,1,2,28,11.0,1.0,1,0,0,1,0,0,25,0,1,5,9,2,8.8,1,0,3,6,2,,0,16.39,0.82,-1.38,15,Married,Not Dropout
1,7,5,11,1,5.0,1,16,26,16.0,13.0,0,0,0,0,0,1,27,0,1,9,9,3,8.73,0,0,9,11,4,6.86,1,9.39,3.73,0.23,21,Single,Not Dropout
1,10,3,14,1,7.0,1,8,26,8.0,6.0,1,0,0,1,1,1,33,0,0,6,6,4,14.97,0,0,8,9,7,14.7,0,8.33,2.12,4.0,17,Single,Not Dropout
1,8,0,6,1,3.0,1,11,27,8.0,12.0,1,0,0,1,0,0,19,0,1,8,8,1,3.74,0,0,6,4,2,2.67,0,15.87,3.1,-1.39,19,Single,Dropout
1,5,1,15,1,3.0,1,10,17,6.0,11.0,1,0,0,0,0,0,25,0,1,3,9,2,18.1,0,1,4,8,3,13.53,0,12.57,1.48,-2.75,13,Single,Not Dropout
3,7,3,13,0,3.0,1,4,24,11.0,3.0,1,1,1,1,1,1,18,0,0,8,11,2,11.72,1,1,5,4,3,9.38,1,14.74,0.28,-0.35,14,Other,Not Dropout
1,11,5,4,1,16.0,1,9,19,12.0,9.0,1,0,0,0,0,0,25,0,1,8,8,2,8.53,0,2,7,5,3,9.83,0,7.47,2.17,-1.33,14,Single,Dropout
1,1,5,3,1,15.0,1,27,4,11.0,10.0,0,0,0,1,0,0,39,0,0,8,9,6,13.62,0,0,7,9,4,14.85,0,15.35,0.59,0.65,15,Single,Not Dropout
1,6,5,15,1,11.0,1,10,1,16.0,1.0,1,0,0,1,1,0,22,0,0,3,2,2,11.7,0,0,4,7,3,11.73,0,7.0,-0.63,-0.09,5,Single,Not Dropout
1,5,4,16,1,11.0,1,22,3,10.0,17.0,1,0,1,1,0,1,38,0,0,6,11,3,8.8,0,0,5,5,3,11.47,0,11.4,-0.01,1.0,12,Single,Not Dropout
1,2,3,17,1,3.0,1,12,11,16.0,18.0,1,0,0,1,0,0,18,0,1,5,3,2,9.53,0,0,4,3,1,9.11,0,15.98,1.72,-0.74,11,Single,Dropout
1,3,3,2,1,1.0,1,2,15,2.0,1.0,0,0,0,1,0,0,20,0,1,4,3,1,,0,0,3,5,0,5.77,0,15.0,1.05,-1.12,8,Single,Dropout
4,9,4,16,1,7.0,1,25,19,7.0,3.0,1,0,0,1,1,0,21,0,0,3,6,0,3.46,1,0,2,7,0,4.79,1,13.77,0.7,-0.1,22,Other,Dropout
1,2,4,15,1,16.0,1,27,16,14.0,3.0,1,0,0,1,0,1,24,0,3,4,8,2,16.47,1,0,3,7,2,15.4,0,15.76,0.63,-2.69,21,Single,Not Dropout
2,6,3,14,1,8.0,1,7,11,8.0,9.0,0,0,0,1,0,0,22,0,0,4,5,2,12.77,0,0,3,6,2,12.0,0,11.21,1.09,1.84,9,Married,Not Dropout
1,10,0,9,1,13.0,1,5,22,14.0,12.0,1,0,1,0,0,0,28,0,0,8,8,3,10.3,1,0,8,10,4,8.39,0,8.42,2.92,4.0,13,Single,Dropout
1,15,5,9,1,6.0,1,27,25,12.0,5.0,0,0,0,1,1,1,17,0,0,5,6,4,12.28,0,0,4,5,3,13.16,0,10.31,-1.0,-0.54,26,Single,Not Dropout
1,2,0,8,1,5.0,1,3,7,10.0,17.0,1,0,0,1,0,0,17,0,0,6,7,4,7.22,0,2,7,7,3,7.2,2,8.13,1.54,3.13,5,Single,Not Dropout
2,8,2,1,0,13.0,1,26,8,11.0,6.0,0,0,0,1,1,0,34,0,0,8,13,4,7.87,0,0,7,7,3,8.07,1,10.91,2.76,2.65,17,Married,Dropout
1,2,2,9,1,8.0,1,6,27,18.0,6.0,0,0,0,1,0,0,17,0,0,6,8,5,17.06,0,0,3,4,3,15.55,0,7.74,1.5,0.84,16,Single,Not Dropout
3,8,5,5,0,12.0,1,26,29,13.0,12.0,1,0,0,0,1,1,21,0,0,5,5,3,13.99,0,0,5,5,3,13.52,0,13.83,1.85,-3.09,27,Other,Not Dropout
1,9,0,4,1,12.0,1,28,9,19.0,17.0,0,0,0,0,0,1,27,0,1,7,9,4,16.11,0,0,8,8,5,12.77,0,7.0,2.71,-2.87,18,Single,Not Dropout
1,14,2,1,1,12.0,1,7,15,2.0,5.0,1,0,0,1,0,0,23,0,1,5,8,2,10.2,0,0,4,4,1,8.6,0,10.45,-0.01,-2.54,11,Single,Not Dropout
2,8,2,8,1,11.0,1,7,17,16.0,7.0,1,0,0,1,0,0,18,0,0,3,2,2,14.41,0,0,3,4,2,12.66,0,9.73,1.4,-3.12,12,Married,Not Dropout
1,16,0,1,1,13.0,1,4,19,17.0,7.0,0,0,0,1,1,1,26,0,0,7,9,4,12.67,0,0,6,7,4,9.18,0,10.57,-0.48,-2.24,11,Single,Not Dropout
1,3,1,15,1,8.0,1,23,26,18.0,9.0,0,0,0,1,0,1,28,0,0,7,8,4,10.48,1,1,6,7,4,11.44,0,10.87,2.27,-2.89,24,Single,Not Dropout
4,1,2,16,1,5.0,1,11,4,11.0,9.0,1,0,0,1,1,0,19,0,0,6,5,5,18.69,0,0,7,9,6,14.59,1,15.57,3.44,-0.66,7,Other,Not Dropout
1,1,5,14,1,9.0,1,19,16,10.0,19.0,0,0,0,1,0,0,25,0,0,6,6,1,5.65,0,1,7,14,2,4.4,0,10.37,2.1,3.42,17,Single,Dropout
1,7,2,6,1,6.0,8,18,7,12.0,3.0,1,0,0,1,0,0,28,0,2,6,6,2,10.58,2,0,5,8,2,11.69,0,8.53,-0.18,-2.55,12,Single,Not Dropout
1,4,5,3,0,1.0,1,16,22,18.0,8.0,1,0,0,1,0,1,29,0,0,9,9,6,12.94,0,1,8,11,6,12.84,2,12.65,4.0,-0.99,19,Single,Not Dropout
1,2,4,9,1,6.0,1,8,18,17.0,5.0,1,0,0,1,0,0,25,0,1,7,12,4,8.19,0,0,8,12,2,9.82,1,11.23,2.69,-0.65,13,Single,Dropout
1,5,4,12,0,9.0,1,11,22,18.0,12.0,0,0,0,1,1,0,33,0,0,6,7,4,,1,1,5,7,4,13.59,0,11.12,0.09,-1.29,16,Single,Not Dropout
1,17,5,1,1,9.0,1,15,27,19.0,15.0,0,0,0,1,0,0,23,0,1,8,10,7,15.02,0,0,7,5,5,16.86,1,10.61,1.44,-0.8,21,Single,Not Dropout
1,14,4,15,1,,1,3,23,12.0,18.0,1,0,0,1,1,0,17,0,0,8,10,3,9.76,0,0,8,10,7,11.35,0,10.54,0.56,1.45,13,Single,Not Dropout
2,1,4,8,1,12.0,1,12,25,5.0,9.0,0,0,0,1,1,0,22,0,1,7,8,4,10.13,0,0,6,6,5,13.3,0,11.81,1.25,-1.43,18,Married,Not Dropout
1,16,0,14,1,5.0,1,21,24,3.0,6.0,0,0,0,1,0,0,30,0,2,8,8,3,11.0,0,0,7,7,4,10.53,0,9.45,2.4,-1.64,22,Single,Not Dropout
1,4,4,2,1,11.0,1,13,19,18.0,19.0,1,0,0,1,0,0,18,0,1,7,11,4,,1,1,7,5,4,10.77,0,13.42,0.66,0.7,16,Single,Not Dropout
1,7,0,8,1,5.0,1,12,12,3.0,2.0,1,0,0,0,1,0,17,0,2,6,10,5,14.23,1,1,6,4,5,15.53,0,17.0,-0.4,1.19,12,Single,Not Dropout
6,6,4,8,1,16.0,1,25,10,2.0,3.0,0,0,0,1,0,0,26,0,0,8,11,5,6.97,0,0,8,9,3,8.78,0,9.84,-0.66,0.55,17,Other,Not Dropout
1,7,3,1,1,11.0,1,16,11,9.0,19.0,1,0,0,1,1,0,20,1,2,5,6,3,12.33,1,1,5,7,4,13.93,0,11.18,1.17,-1.36,13,Single,Not Dropout
1,13,4,13,0,9.0,1,22,18,,17.0,1,0,0,0,1,0,36,0,1,5,7,1,9.15,0,1,7,8,3,6.83,1,12.82,2.35,-3.13,20,Single,Dropout
1,13,3,16,1,7.0,1,2,24,14.0,11.0,1,0,0,1,0,1,25,0,1,7,6,3,6.26,0,0,8,8,2,5.8,1,13.67,-1.0,-3.17,13,Single,Not Dropout
2,11,2,10,1,13.0,1,27,11,5.0,7.0,1,0,1,1,1,0,30,0,0,5,6,3,13.68,0,0,5,7,4,13.62,0,12.92,1.09,-2.03,19,Married,Not Dropout
1,11,2,7,1,7.0,1,23,17,10.0,19.0,1,0,0,0,1,1,20,0,0,8,7,6,14.11,0,0,10,12,7,15.13,2,9.02,1.21,1.04,20,Single,Not Dropout
1,13,3,11,1,13.0,1,24,13,17.0,19.0,0,0,0,1,1,0,27,0,1,7,10,2,9.84,1,0,6,8,2,8.77,0,7.13,0.22,1.28,18,Single,Not Dropout
1,4,2,7,1,3.0,1,21,18,16.0,17.0,0,0,0,1,0,0,25,0,1,10,14,7,9.62,0,1,12,14,6,8.29,0,7.65,-0.61,0.41,19,Single,Not Dropout
1,7,2,7,1,14.0,1,16,24,18.0,15.0,0,0,0,1,1,0,31,0,0,5,4,2,9.39,1,1,8,11,4,10.11,0,13.45,1.46,-0.68,20,Single,Not Dropout
1,2,2,13,1,16.0,1,16,12,15.0,12.0,0,0,0,1,1,0,24,0,1,8,13,6,13.61,0,0,9,6,5,11.1,0,10.41,1.66,-1.62,14,Single,Not Dropout
1,12,3,11,1,4.0,1,19,12,2.0,8.0,1,0,0,1,0,0,20,0,0,5,7,1,10.04,0,1,5,7,2,8.98,0,9.66,1.11,-2.14,15,Single,Not Dropout
1,8,1,5,1,4.0,1,15,6,4.0,9.0,1,0,0,1,0,0,29,0,2,7,6,5,17.34,0,0,8,8,5,18.07,0,,1.19,-0.35,10,Single,Not Dropout
1,11,3,7,1,16.0,1,22,15,4.0,11.0,1,0,0,1,1,0,19,0,0,8,10,3,9.42,0,0,9,14,2,8.06,1,12.97,0.71,0.17,18,Single,Dropout
2,10,1,15,1,7.0,1,10,14,3.0,10.0,0,0,0,1,0,1,18,0,1,7,11,4,7.78,0,0,6,9,2,7.5,0,15.68,0.94,0.23,12,Married,Dropout
1,5,1,9,0,12.0,1,23,5,17.0,17.0,1,0,0,1,0,0,23,0,0,7,10,4,12.0,0,0,8,10,5,10.2,1,9.67,3.78,-1.05,14,Single,Not Dropout
1,3,2,2,1,4.0,18,10,29,14.0,4.0,1,0,0,1,0,1,21,0,0,7,10,0,1.77,0,0,7,8,1,4.86,1,8.75,1.52,-0.59,19,Single,Dropout
5,17,0,15,1,7.0,1,14,25,18.0,2.0,0,0,0,1,1,0,23,0,1,6,6,1,7.56,0,1,5,2,1,9.94,0,12.39,2.3,0.34,19,Other,Dropout
1,5,3,13,1,12.0,1,2,9,7.0,9.0,1,0,0,1,1,0,19,0,0,8,7,4,6.77,1,0,8,7,2,8.73,0,12.31,-0.03,0.15,5,Single,Not Dropout
1,2,4,5,1,15.0,1,27,28,19.0,4.0,0,0,0,1,1,0,30,0,0,8,9,6,13.17,0,0,8,8,5,7.88,1,10.14,-0.03,-0.84,27,Single,Not Dropout
3,6,5,17,1,7.0,1,20,8,18.0,16.0,1,0,0,1,0,0,30,0,0,6,7,4,9.77,0,1,4,6,3,9.8,0,13.31,1.37,-0.03,14,Other,Not Dropout
1,16,1,17,1,2.0,1,8,13,3.0,17.0,1,1,0,1,0,0,28,0,0,5,6,3,10.5,0,1,7,7,4,14.59,0,12.39,0.22,3.74,10,Single,Not Dropout
1,5,3,17,1,7.0,1,2,4,17.0,19.0,0,0,0,1,0,0,27,0,0,7,7,2,8.96,0,1,7,11,4,8.83,0,8.91,-0.17,-3.0,3,Single,Not Dropout
1,17,3,7,1,11.0,1,25,18,3.0,8.0,1,0,0,1,0,0,17,0,0,7,6,4,10.76,0,0,8,8,4,9.8,1,10.9,0.06,1.8,21,Single,Not Dropout
1,8,4,16,1,15.0,1,1,14,9.0,19.0,1,0,0,1,0,0,24,0,0,3,5,2,13.58,0,0,4,10,3,12.0,0,14.34,0.46,0.3,7,Single,Not Dropout
1,15,3,14,1,14.0,1,14,8,4.0,2.0,0,0,0,1,0,0,28,0,1,7,7,3,3.73,0,0,6,5,0,2.49,1,13.99,4.0,-0.58,11,Single,Dropout
1,12,4,15,1,13.0,1,1,9,12.0,19.0,0,1,0,1,1,0,31,0,0,5,8,3,14.23,0,0,8,10,5,12.64,2,12.02,3.9,-0.13,5,Single,Not Dropout
1,1,5,10,1,3.0,1,21,28,1.0,5.0,1,0,0,0,0,0,22,0,0,3,3,1,3.57,0,0,6,7,0,5.01,0,17.0,2.89,-2.94,24,Single,Dropout
1,9,0,5,1,9.0,1,6,20,17.0,1.0,1,0,0,1,0,1,31,0,0,7,8,4,8.59,0,0,6,6,4,8.71,0,12.4,2.84,-2.69,13,Single,Not Dropout
1,8,2,4,1,10.0,1,13,5,10.0,16.0,1,0,0,1,0,0,25,0,2,4,3,2,12.0,0,0,4,5,3,11.1,1,12.36,2.36,-0.19,9,Single,Not Dropout
2,4,3,17,1,8.0,1,17,4,17.0,10.0,1,0,0,1,1,0,17,0,0,9,11,5,11.26,0,0,9,8,6,12.53,1,10.73,-0.8,3.97,10,Married,Not Dropout
3,10,3,9,1,15.0,1,11,3,9.0,8.0,1,0,0,1,0,1,22,0,1,8,8,1,10.01,2,0,7,9,3,9.02,0,11.03,2.32,-1.83,7,Other,Not Dropout
2,2,2,16,1,16.0,1,20,8,11.0,4.0,1,0,0,1,1,1,18,0,3,7,6,4,13.28,0,1,7,6,4,8.88,0,12.81,-1.0,-0.28,14,Married,Not Dropout
1,12,1,10,1,4.0,1,15,22,15.0,8.0,0,0,0,1,0,0,19,0,0,9,10,4,6.74,0,0,12,13,4,7.16,0,9.93,3.37,1.88,18,Single,Not Dropout
1,14,3,10,1,16.0,1,13,2,19.0,12.0,0,0,0,1,0,0,29,0,0,8,7,6,11.96,2,0,7,9,6,17.78,0,13.37,1.92,-2.35,7,Single,Not Dropout
1,2,4,2,1,14.0,1,10,8,8.0,3.0,1,0,1,1,0,1,25,0,0,5,3,4,16.79,0,1,7,8,6,13.76,0,13.41,0.08,-1.2,9,Single,Not Dropout
1,9,0,7,1,12.0,1,12,2,10.0,18.0,1,0,0,1,0,0,20,0,0,8,11,4,8.26,0,0,9,9,5,6.36,0,7.84,1.77,-0.2,7,Single,Not Dropout
4,12,3,10,1,7.0,1,10,19,7.0,14.0,1,0,0,1,1,0,19,0,2,5,4,4,12.09,2,0,6,10,5,15.43,0,7.6,-0.22,-0.63,14,Other,Not Dropout
1,2,5,2,1,13.0,1,17,24,1.0,17.0,1,0,0,1,0,1,26,0,1,8,10,5,8.99,0,0,10,8,8,13.71,0,10.75,0.96,1.66,20,Single,Not Dropout
1,7,3,3,1,10.0,1,23,16,17.0,1.0,0,0,0,0,0,1,22,0,0,6,12,2,7.73,0,0,7,9,3,8.0,0,16.11,1.1,3.2,19,Single,Dropout
2,5,5,11,1,15.0,1,18,27,11.0,17.0,1,1,0,1,0,1,27,0,0,4,3,3,13.9,0,1,5,9,4,13.78,1,16.33,0.74,-2.13,22,Married,Not Dropout
1,1,2,5,1,12.0,18,1,20,8.0,17.0,0,0,0,1,0,0,18,0,1,7,9,7,18.23,0,0,8,11,7,17.38,0,7.0,3.71,-0.61,10,Single,Not Dropout
1,14,0,12,1,16.0,1,25,23,15.0,7.0,0,0,0,1,1,0,21,0,0,5,5,2,9.35,0,0,4,3,2,9.58,0,12.14,2.08,2.06,24,Single,Not Dropout
1,8,4,8,1,7.0,1,23,10,16.0,11.0,0,0,0,1,1,0,17,0,0,8,9,4,12.04,1,2,8,8,5,10.29,0,11.58,2.01,4.0,16,Single,Not Dropout
1,13,1,7,1,2.0,1,24,26,19.0,10.0,0,0,1,1,0,0,20,0,0,9,6,6,9.99,0,1,7,8,3,12.49,0,9.03,0.52,2.11,25,Single,Not Dropout
2,10,0,2,1,8.0,1,2,19,9.0,16.0,0,0,0,1,0,1,36,0,1,3,5,2,12.62,0,0,4,3,2,13.77,0,11.08,0.85,0.08,10,Married,Not Dropout
1,15,1,7,0,16.0,1,24,3,3.0,6.0,0,0,0,0,0,0,19,0,0,6,7,5,13.63,1,1,5,5,4,12.25,1,9.73,2.61,1.85,13,Single,Not Dropout
3,17,5,10,1,11.0,1,14,3,10.0,18.0,1,1,0,1,1,0,20,0,0,7,13,4,16.29,0,0,5,3,3,15.81,0,10.93,0.47,-0.36,8,Other,Not Dropout
2,11,4,10,1,12.0,1,25,27,9.0,11.0,0,0,1,0,1,0,18,0,1,7,4,2,5.56,2,0,8,10,0,1.15,0,11.05,0.47,2.27,26,Married,Dropout
2,6,1,5,0,11.0,1,23,8,4.0,1.0,1,0,0,1,1,1,22,0,0,7,7,4,9.47,0,0,7,10,4,9.19,0,8.62,1.38,-0.19,15,Married,Not Dropout
1,8,3,1,1,10.0,1,26,14,12.0,6.0,1,0,0,1,0,1,23,1,0,7,9,4,15.28,0,0,9,9,8,17.78,0,10.89,1.59,-0.77,20,Single,Not Dropout
1,15,2,16,1,1.0,1,4,23,8.0,3.0,0,0,0,1,0,0,30,0,1,3,6,2,10.86,0,0,4,4,2,11.84,0,10.81,0.77,0.95,13,Single,Dropout
2,8,1,17,1,7.0,1,17,23,17.0,16.0,0,0,0,0,1,0,21,0,0,9,10,6,9.98,0,1,11,10,6,11.69,1,13.28,0.68,-1.05,20,Married,Not Dropout
1,9,5,16,0,2.0,1,22,1,1.0,8.0,1,0,1,1,1,0,24,0,1,7,11,2,7.0,0,1,7,9,4,12.11,0,11.94,-0.66,2.51,11,Single,Dropout
1,4,4,5,1,6.0,1,18,18,14.0,9.0,0,0,0,1,0,0,17,0,0,5,6,4,13.49,0,1,5,5,3,14.24,1,13.55,2.24,2.73,18,Single,Not Dropout
1,17,2,11,1,12.0,1,24,27,12.0,7.0,1,0,0,1,0,0,18,0,0,5,6,3,,0,0,6,5,3,10.81,0,12.73,0.24,0.66,25,Single,Not Dropout
1,12,2,3,0,13.0,1,22,11,5.0,14.0,0,0,0,1,0,0,30,0,0,8,6,5,11.95,0,0,5,7,3,13.4,2,15.12,1.14,1.28,16,Single,Not Dropout
2,6,4,16,1,4.0,1,2,16,7.0,19.0,0,0,1,0,0,0,18,0,0,7,9,5,9.13,0,1,5,8,3,11.63,0,10.71,-1.0,0.67,9,Married,Not Dropout
3,10,2,1,0,11.0,1,6,8,17.0,17.0,1,0,0,1,1,0,28,0,0,7,11,3,6.05,0,0,7,8,1,7.51,0,13.89,2.19,-2.73,7,Other,Dropout
1,7,2,9,1,4.0,1,19,21,7.0,19.0,1,0,0,1,0,1,17,0,0,7,6,4,18.3,0,0,5,3,5,17.63,0,11.7,2.7,1.77,20,Single,Not Dropout
1,3,2,15,0,4.0,1,11,4,13.0,6.0,0,0,1,1,0,1,22,0,1,7,7,0,9.12,2,0,6,9,1,7.02,0,15.47,2.21,-3.6,7,Single,Dropout
2,15,2,13,1,16.0,1,11,16,10.0,,1,0,0,1,0,0,33,0,0,3,1,3,19.0,0,0,4,2,4,19.07,0,12.45,2.27,2.53,13,Married,Not Dropout
1,16,3,15,1,10.0,1,27,12,18.0,12.0,0,0,0,1,0,1,27,0,1,6,8,1,4.1,0,0,6,4,0,1.01,0,9.01,0.84,-0.43,19,Single,Dropout
1,15,0,9,0,4.0,1,3,19,13.0,6.0,1,0,0,1,0,0,17,0,1,7,8,4,9.96,0,0,8,8,4,10.27,0,11.34,3.79,-2.1,11,Single,Not Dropout
2,7,2,2,1,3.0,1,16,15,16.0,17.0,1,0,0,1,0,0,42,0,0,7,10,0,6.5,0,0,6,8,2,6.07,0,10.99,0.88,0.1,15,Married,Dropout
1,5,2,1,1,1.0,1,10,29,18.0,,0,0,0,1,1,0,17,0,0,5,6,5,15.37,0,0,6,6,5,16.38,0,9.37,3.27,1.97,19,Single,Not Dropout
1,1,1,3,1,8.0,1,2,29,3.0,19.0,1,0,0,1,0,1,34,0,1,6,7,3,8.66,0,0,5,9,2,8.92,0,10.28,0.51,2.45,15,Single,Dropout
1,13,2,1,1,,1,11,9,16.0,19.0,1,0,0,1,1,0,20,0,1,8,9,3,8.23,0,0,9,10,5,8.24,0,7.0,3.77,2.34,10,Single,Dropout
1,6,2,8,1,10.0,1,12,2,19.0,4.0,0,0,0,1,1,1,17,0,0,9,10,6,13.37,0,0,10,11,7,10.57,1,9.97,1.29,-1.57,7,Single,Not Dropout
1,16,2,1,1,7.0,1,14,15,1.0,3.0,1,0,0,1,0,0,20,0,0,7,8,5,16.03,0,0,10,8,10,15.21,0,13.28,-0.06,-2.04,14,Single,Not Dropout
1,15,5,4,1,11.0,1,5,18,9.0,13.0,1,0,0,1,0,0,19,0,1,8,10,7,15.81,0,0,10,14,8,15.53,0,12.95,-1.0,-0.62,11,Single,Not Dropout
1,3,3,8,1,4.0,1,22,22,5.0,14.0,0,0,0,0,1,1,20,0,0,7,11,5,8.09,0,0,8,9,5,9.82,0,,0.52,-0.23,22,Single,Not Dropout
1,16,3,13,1,3.0,1,11,16,19.0,,1,0,0,1,1,1,23,0,0,8,11,5,10.52,0,0,8,7,4,9.22,0,12.45,2.54,-0.05,13,Single,Not Dropout
2,3,1,12,0,2.0,1,17,18,7.0,4.0,0,0,0,1,0,1,26,0,0,6,11,4,13.85,0,0,6,6,5,11.52,0,14.8,0.1,-2.93,17,Married,Not Dropout
3,9,5,1,1,2.0,1,16,1,4.0,6.0,0,0,0,1,0,0,32,0,0,5,4,3,11.0,0,0,6,10,4,10.26,0,9.59,-0.98,0.02,8,Other,Not Dropout
1,9,0,16,1,2.0,1,17,23,2.0,3.0,0,0,0,1,0,0,24,0,0,10,9,7,11.19,1,0,9,10,6,12.15,0,7.71,0.94,1.36,20,Single,Not Dropout
1,17,3,10,1,5.0,1,15,10,16.0,3.0,1,0,1,1,1,0,23,0,0,10,13,7,10.26,0,0,11,12,6,8.94,1,11.55,3.54,-0.96,12,Single,Not Dropout
1,12,1,6,0,13.0,1,9,12,2.0,4.0,0,0,0,1,0,0,19,0,1,6,5,4,15.59,0,0,7,7,5,,1,14.98,3.52,0.08,10,Single,Not Dropout
1,15,4,7,1,10.0,1,15,13,6.0,12.0,1,0,0,1,0,0,21,0,0,7,11,6,9.84,1,0,8,10,7,16.91,0,14.82,-1.0,2.33,14,Single,Not Dropout
1,11,2,15,1,5.0,1,16,3,11.0,10.0,0,0,0,1,1,0,20,0,0,7,7,5,17.88,0,0,6,4,4,15.39,0,10.99,2.02,-2.76,9,Single,Not Dropout
2,15,1,8,1,15.0,1,1,15,1.0,7.0,0,0,0,1,0,0,17,0,1,6,7,2,9.61,0,1,6,7,2,8.48,0,13.44,1.87,0.82,8,Married,Not Dropout
4,15,0,5,1,13.0,1,21,12,4.0,11.0,0,0,0,1,1,0,38,0,0,6,6,3,8.15,0,0,7,7,4,8.13,0,11.45,-0.82,-3.82,16,Other,Not Dropout
1,15,4,8,1,13.0,1,13,7,19.0,13.0,1,0,0,1,1,0,24,0,0,8,9,4,11.57,1,0,9,7,4,11.23,2,16.66,1.15,-2.59,10,Single,Not Dropout
3,7,2,2,1,15.0,1,9,8,9.0,2.0,1,0,0,1,0,0,25,0,0,4,8,1,11.01,0,2,4,4,2,9.84,0,12.93,3.74,3.57,8,Other,Not Dropout
5,7,1,3,1,12.0,1,1,1,6.0,6.0,1,0,0,1,0,0,30,1,0,5,9,3,,0,0,5,3,4,13.58,0,7.47,1.71,-1.54,1,Other,Not Dropout
1,17,5,6,1,16.0,1,9,26,17.0,4.0,0,0,1,0,0,0,17,0,0,8,13,5,9.32,0,0,8,8,2,4.98,0,10.49,2.99,0.42,17,Single,Dropout
1,13,0,4,1,6.0,1,12,9,2.0,1.0,1,0,1,1,0,0,36,0,0,7,13,4,15.4,0,0,8,5,6,14.94,0,11.7,-0.64,-3.1,10,Single,Not Dropout
1,16,2,6,1,14.0,1,25,26,6.0,3.0,1,0,0,0,0,1,18,0,2,9,9,5,8.84,0,0,7,7,5,8.17,0,8.98,2.45,-0.61,25,Single,Not Dropout
5,10,0,2,1,2.0,1,19,25,17.0,15.0,1,0,0,1,0,1,18,0,0,6,5,4,17.25,1,0,5,4,4,13.84,1,12.13,1.08,0.85,22,Other,Not Dropout
1,16,0,11,1,5.0,1,13,14,15.0,17.0,1,0,0,1,1,0,20,0,0,7,8,6,20.0,0,0,6,7,6,20.0,0,10.18,0.72,1.49,13,Single,Not Dropout
1,13,0,2,1,15.0,1,4,24,9.0,4.0,1,0,0,1,1,0,29,0,0,6,8,4,14.91,0,0,7,8,6,13.11,1,13.21,0.05,1.17,14,Single,Not Dropout
2,13,1,4,1,3.0,1,8,7,19.0,15.0,1,0,1,1,1,1,36,0,0,9,7,6,14.67,1,0,11,13,6,12.54,0,8.87,0.36,-0.4,7,Married,Not Dropout
1,4,5,17,1,9.0,1,27,6,11.0,5.0,1,0,1,1,0,1,33,0,1,8,11,6,14.62,0,0,8,11,5,15.74,0,10.81,1.24,1.72,16,Single,Not Dropout
2,10,2,1,1,6.0,1,4,27,15.0,3.0,1,0,0,1,1,1,20,0,0,4,3,2,11.45,0,0,3,6,1,9.57,1,14.65,0.42,0.49,15,Married,Not Dropout
1,13,5,5,1,2.0,1,19,19,19.0,5.0,1,0,0,1,0,0,17,0,0,7,7,6,13.13,0,0,7,7,4,12.82,0,11.75,2.44,-3.44,19,Single,Not Dropout
5,13,1,9,1,4.0,1,15,20,10.0,18.0,0,0,0,1,0,0,21,0,0,8,10,4,7.98,1,0,7,8,2,11.43,0,12.1,-1.0,-0.5,17,Other,Dropout
2,17,4,6,1,9.0,1,7,27,10.0,7.0,0,0,0,1,0,1,19,0,0,6,8,2,8.8,0,0,6,5,2,9.66,0,9.04,2.53,-2.15,17,Married,Not Dropout
1,6,0,6,1,11.0,1,26,1,13.0,15.0,1,0,0,1,0,0,17,0,0,8,9,5,11.26,0,0,7,8,4,10.05,0,10.69,-1.0,-2.24,13,Single,Not Dropout
1,6,0,3,1,11.0,1,12,5,2.0,10.0,0,0,0,0,0,0,26,0,2,9,10,4,13.55,0,0,9,13,5,12.9,0,10.11,-0.02,-0.03,8,Single,Not Dropout
1,17,0,8,1,3.0,1,20,28,,9.0,1,0,1,1,1,0,23,0,0,6,8,3,10.02,0,2,5,4,3,11.92,0,11.15,2.46,-2.02,24,Single,Not Dropout
1,17,5,13,1,6.0,1,3,4,14.0,16.0,0,0,0,1,1,0,26,0,1,7,7,3,12.0,2,0,9,14,4,8.48,1,17.0,2.51,1.11,3,Single,Not Dropout
1,4,4,10,1,2.0,1,29,14,8.0,19.0,1,0,0,1,0,0,27,0,0,6,8,4,12.29,0,1,6,3,3,8.19,0,13.33,1.78,1.36,21,Single,Not Dropout
2,7,4,16,1,1.0,1,1,1,14.0,13.0,0,0,1,1,0,0,27,0,0,7,8,6,12.02,0,0,6,7,5,13.79,0,12.26,2.55,-5.0,1,Married,Not Dropout
1,17,5,12,1,7.0,1,10,10,8.0,17.0,0,0,1,1,0,0,23,0,0,5,6,2,9.13,0,1,5,4,2,9.98,0,10.43,1.6,2.12,10,Single,Dropout
1,4,1,14,1,10.0,1,27,5,4.0,3.0,0,0,0,1,0,1,33,0,0,8,11,3,13.75,1,0,10,6,4,11.25,0,10.11,0.94,-0.07,16,Single,Not Dropout
1,14,4,8,1,6.0,1,19,8,3.0,18.0,1,0,0,1,0,0,20,0,0,9,11,6,14.1,0,0,10,13,7,15.33,0,11.83,0.69,0.96,13,Single,Not Dropout
1,2,3,11,1,1.0,1,20,24,11.0,4.0,0,0,0,1,1,0,19,0,0,5,9,3,13.51,0,1,5,6,4,12.7,0,13.02,1.04,2.03,22,Single,Not Dropout
1,4,3,10,1,4.0,1,10,8,4.0,4.0,1,0,1,1,0,0,22,0,0,9,9,6,10.56,0,0,8,10,4,13.87,0,11.79,1.29,-2.52,9,Single,Not Dropout
1,14,3,14,1,7.0,1,23,24,8.0,17.0,1,0,0,1,0,0,26,0,0,6,7,0,3.74,0,0,6,5,0,3.76,0,9.78,0.83,0.05,23,Single,Dropout
1,11,2,9,1,6.0,1,28,26,10.0,10.0,0,0,0,0,1,0,27,0,0,5,3,3,9.31,0,0,4,7,3,12.05,0,11.89,0.03,1.32,27,Single,Dropout
2,10,0,7,1,14.0,1,19,16,1.0,5.0,0,0,0,1,0,0,21,0,0,6,5,6,16.77,0,0,7,7,7,18.18,0,13.4,-0.97,0.23,17,Married,Not Dropout
1,15,0,2,1,10.0,1,7,16,8.0,1.0,0,0,1,1,0,1,21,0,1,6,6,4,7.75,0,1,9,12,5,10.8,2,14.7,-0.11,3.4,11,Single,Not Dropout
1,6,3,15,1,16.0,1,27,10,6.0,5.0,0,0,0,1,1,1,31,0,0,6,8,4,13.3,0,2,6,6,3,6.92,0,14.37,2.62,-1.75,18,Single,Not Dropout
4,9,3,8,1,3.0,1,1,20,6.0,16.0,0,0,0,1,0,0,17,0,1,8,8,6,12.26,0,0,8,11,5,14.13,0,10.45,0.87,0.06,10,Other,Not Dropout
1,11,4,14,1,6.0,1,26,24,18.0,1.0,1,0,0,0,0,0,39,0,0,6,5,4,11.76,0,0,5,7,3,10.91,0,7.0,0.46,-0.05,25,Single,Not Dropout
1,13,3,12,1,2.0,1,1,26,,18.0,1,0,1,1,1,0,21,0,0,7,9,4,8.14,0,0,9,13,4,9.87,0,8.37,2.51,3.57,13,Single,Dropout
1,6,1,1,1,1.0,5,2,6,6.0,15.0,1,0,0,0,0,1,22,0,0,10,8,5,12.75,1,0,11,13,9,12.54,0,8.29,1.08,0.93,4,Single,Not Dropout
2,11,2,12,1,15.0,1,2,20,17.0,4.0,0,0,0,1,0,0,25,0,0,6,4,3,11.11,1,1,4,7,2,10.22,1,11.98,1.79,0.06,11,Married,Not Dropout
1,8,2,9,1,8.0,1,6,5,5.0,15.0,0,0,0,1,1,0,26,0,1,6,5,2,4.87,0,0,6,8,2,,0,8.83,0.67,4.0,5,Single,Dropout
2,10,5,5,0,11.0,1,22,15,7.0,10.0,0,0,0,1,0,0,19,1,0,6,8,0,1.4,0,0,6,9,0,1.48,0,9.65,0.77,1.8,18,Married,Dropout
1,15,3,5,1,5.0,1,12,3,18.0,7.0,0,0,0,1,0,0,25,0,0,8,7,3,10.4,0,0,8,9,4,8.99,1,10.53,-0.37,-1.11,7,Single,Not Dropout
1,7,3,11,1,1.0,1,3,16,2.0,10.0,1,0,0,1,0,0,17,0,0,6,7,2,4.15,0,0,6,7,1,6.4,0,17.0,1.17,-0.15,9,Single,Dropout
1,12,4,2,1,15.0,1,10,25,8.0,1.0,1,0,0,1,0,0,19,0,0,7,9,5,12.31,0,0,7,11,5,9.14,0,15.56,0.13,1.83,17,Single,Not Dropout
1,17,2,11,0,11.0,1,29,24,16.0,17.0,0,0,0,0,0,0,17,0,0,5,7,2,8.39,0,0,4,5,1,7.79,0,,-0.08,-1.69,26,Single,Dropout
1,13,5,15,1,12.0,1,16,21,18.0,15.0,1,0,1,1,1,1,24,0,1,6,10,4,13.96,0,0,6,4,4,9.3,0,16.28,1.4,1.84,18,Single,Not Dropout
1,17,4,2,1,9.0,1,22,17,19.0,4.0,1,0,0,1,0,0,22,0,0,8,9,5,12.27,0,0,9,11,6,11.16,0,11.83,1.31,2.7,19,Single,Not Dropout
4,10,5,1,1,7.0,1,8,19,17.0,2.0,0,0,0,0,0,0,17,0,0,4,8,2,8.35,0,1,4,8,2,10.08,0,9.59,0.11,1.28,13,Other,Dropout
1,5,4,2,1,7.0,1,16,3,19.0,9.0,1,0,0,1,0,1,19,0,1,3,5,2,8.84,1,0,2,3,1,11.7,1,12.65,0.79,-1.15,9,Single,Not Dropout
1,17,3,13,1,13.0,1,24,22,9.0,9.0,1,0,0,1,0,0,23,0,1,6,6,4,11.31,0,0,8,9,3,12.17,0,9.03,1.02,-0.64,23,Single,Not Dropout
1,11,0,15,0,4.0,1,20,20,7.0,15.0,0,0,0,1,0,0,28,0,1,6,5,5,12.0,0,0,7,7,5,15.75,0,7.0,2.82,1.43,20,Single,Not Dropout
1,5,3,17,0,6.0,1,1,5,8.0,16.0,1,0,0,1,1,0,17,0,0,6,7,3,9.37,0,1,5,5,3,10.91,1,7.0,-1.0,0.92,3,Single,Not Dropout
1,6,0,1,0,5.0,1,18,19,3.0,2.0,0,0,0,1,0,0,21,0,0,6,4,6,13.43,0,2,6,5,5,17.64,0,14.41,2.92,4.0,18,Single,Not Dropout
1,5,3,9,1,9.0,1,23,12,3.0,5.0,0,1,0,1,1,0,17,0,0,6,7,6,15.07,0,0,6,7,6,14.67,1,11.1,2.58,-1.59,17,Single,Not Dropout
1,15,4,1,1,16.0,1,4,15,19.0,12.0,1,0,0,0,0,0,27,0,0,6,7,2,10.71,0,1,6,4,3,12.96,0,8.66,1.22,1.4,9,Single,Not Dropout
1,2,3,7,1,15.0,1,12,24,4.0,8.0,0,0,1,0,0,0,19,0,0,9,12,4,7.08,0,1,10,7,3,9.11,0,12.44,1.82,-0.48,18,Single,Dropout
2,13,1,6,1,9.0,1,19,10,12.0,19.0,1,0,0,1,0,0,26,0,1,8,8,3,6.51,0,1,8,9,4,8.06,0,7.62,1.92,-4.89,14,Married,Dropout
2,10,0,11,1,4.0,16,1,27,5.0,13.0,1,0,0,1,1,0,21,0,0,6,8,3,11.5,2,1,5,8,3,13.49,0,8.66,-0.75,2.76,14,Married,Not Dropout
1,2,4,16,1,16.0,1,21,13,13.0,7.0,0,0,0,1,0,0,17,0,0,8,7,4,8.33,0,0,8,6,5,12.86,0,12.65,1.55,-0.44,17,Single,Not Dropout
1,11,4,14,1,6.0,1,25,15,9.0,13.0,0,0,0,1,1,0,23,0,0,2,5,1,7.57,0,0,1,6,0,11.81,1,16.38,0.63,2.84,20,Single,Dropout
1,13,2,2,0,6.0,1,16,1,2.0,9.0,1,0,0,1,1,0,17,0,0,7,11,6,16.65,0,0,8,11,5,12.03,0,8.0,-1.0,1.82,8,Single,Not Dropout
5,13,4,5,1,15.0,1,13,4,8.0,9.0,1,0,0,1,0,1,30,0,1,8,7,4,14.15,0,1,9,10,8,15.72,0,,0.09,1.79,8,Other,Not Dropout
3,9,4,5,1,5.0,1,3,9,,14.0,1,0,0,1,0,0,34,0,1,5,6,2,6.9,1,1,7,11,3,7.37,0,,2.73,-0.66,6,Other,Dropout
3,6,3,5,1,8.0,1,22,29,16.0,9.0,1,0,0,1,1,0,27,0,0,7,13,4,11.73,1,0,9,9,6,12.18,0,13.14,0.92,-1.06,25,Other,Not Dropout
1,3,0,7,1,15.0,1,28,8,6.0,14.0,1,0,0,1,0,0,19,0,0,5,5,4,10.39,1,1,6,7,5,13.11,0,12.31,2.47,4.0,18,Single,Not Dropout
1,1,5,11,1,6.0,1,26,12,6.0,8.0,0,0,0,1,0,0,23,0,0,7,5,6,14.05,0,0,7,5,7,18.37,1,10.29,1.57,0.9,19,Single,Not Dropout
1,7,2,13,1,10.0,1,16,25,14.0,12.0,0,0,0,1,1,0,25,0,0,4,5,3,9.1,0,0,3,4,1,8.29,1,11.09,-0.69,4.0,20,Single,Not Dropout
1,11,4,16,1,1.0,1,1,10,9.0,10.0,1,0,0,1,0,0,30,0,0,8,7,5,8.97,0,0,9,11,4,8.83,0,12.06,2.29,0.18,5,Single,Not Dropout
1,1,5,12,1,16.0,1,9,24,2.0,11.0,1,0,0,0,1,0,22,0,0,6,8,3,14.49,0,0,7,7,5,13.37,0,16.02,2.37,1.08,16,Single,Not Dropout
1,17,2,6,1,7.0,1,8,4,3.0,7.0,1,0,0,1,0,1,25,0,0,7,10,5,18.09,2,1,6,7,5,12.98,0,13.79,0.5,1.45,6,Single,Not Dropout
5,10,3,4,0,11.0,1,1,4,8.0,3.0,1,0,0,1,0,1,17,0,0,6,5,5,13.66,0,0,6,5,4,12.66,0,9.33,-0.88,2.58,2,Other,Not Dropout
1,6,0,7,1,9.0,1,4,1,6.0,5.0,0,0,0,1,1,1,24,0,1,8,6,5,10.45,1,1,8,12,6,13.37,0,7.54,0.96,-4.6,2,Single,Not Dropout
1,17,5,14,1,7.0,1,17,4,3.0,7.0,0,0,0,1,1,0,18,0,1,7,10,5,9.22,3,0,7,4,4,9.78,1,13.17,0.34,-0.72,10,Single,Not Dropout
2,4,0,17,1,7.0,1,3,18,15.0,7.0,1,0,0,1,1,0,23,0,0,8,12,5,10.79,0,0,8,12,3,10.52,0,8.19,1.04,1.37,10,Married,Not Dropout
1,17,3,7,1,1.0,1,2,3,9.0,9.0,0,0,0,1,0,1,17,0,1,5,5,2,,1,0,4,3,3,9.17,0,12.57,2.94,3.39,2,Single,Not Dropout
1,5,2,3,1,5.0,1,28,18,14.0,10.0,0,0,0,1,0,1,25,0,1,7,11,4,15.63,0,0,6,4,4,16.03,0,13.42,2.69,2.1,23,Single,Not Dropout
1,7,0,1,1,7.0,1,18,18,1.0,5.0,1,0,0,1,0,0,27,0,0,9,14,7,10.52,0,1,11,12,7,14.6,0,14.19,2.35,-0.67,18,Single,Not Dropout
2,8,2,2,1,6.0,1,24,7,8.0,8.0,0,0,0,1,0,1,22,0,0,9,11,5,9.03,0,0,9,10,4,10.79,0,8.64,1.96,1.13,15,Married,Not Dropout
1,17,5,11,1,5.0,1,8,2,10.0,6.0,1,0,0,1,0,0,18,0,0,2,3,1,13.63,0,0,3,4,3,14.83,0,13.6,0.98,4.0,5,Single,Not Dropout
1,5,1,11,1,11.0,1,11,5,11.0,12.0,0,0,0,1,0,0,26,0,2,7,9,2,9.92,0,0,5,5,3,8.86,0,14.34,2.9,0.7,8,Single,Not Dropout
1,17,1,11,0,14.0,1,18,5,19.0,10.0,0,0,0,1,1,0,32,0,1,4,7,2,,0,0,2,6,1,8.41,1,10.85,-0.04,-0.26,11,Single,Not Dropout
1,6,1,1,1,15.0,1,20,16,9.0,12.0,1,0,0,1,0,1,35,0,1,6,3,4,11.12,0,1,5,7,4,15.53,1,9.15,0.26,1.85,18,Single,Not Dropout
1,5,0,8,1,16.0,1,11,27,10.0,9.0,1,0,0,0,0,0,25,0,1,5,6,4,15.92,1,1,4,5,3,13.26,1,11.45,1.89,-0.14,19,Single,Not Dropout
1,11,1,4,0,11.0,1,27,13,18.0,19.0,0,0,0,1,0,1,25,0,1,7,5,3,13.47,0,0,6,6,4,9.93,0,11.74,4.0,0.8,20,Single,Not Dropout
1,12,3,6,1,7.0,1,21,19,8.0,10.0,0,0,0,1,1,0,17,0,1,6,5,6,15.16,0,1,5,11,4,13.45,0,13.94,0.98,1.3,20,Single,Not Dropout
2,6,4,11,1,11.0,1,7,9,8.0,12.0,0,0,0,1,0,0,31,0,1,5,7,2,2.11,0,1,6,6,1,6.34,0,11.66,2.76,-0.98,8,Married,Dropout
1,3,4,5,0,3.0,1,3,3,4.0,9.0,1,0,0,1,0,0,17,1,0,7,8,6,14.13,1,0,6,7,4,16.08,0,12.29,-0.31,-0.95,3,Single,Not Dropout
1,7,4,12,1,14.0,1,1,7,14.0,14.0,0,0,1,1,1,0,30,0,0,5,6,2,7.67,0,0,2,2,1,11.16,0,13.26,1.57,4.0,4,Single,Dropout
1,10,4,5,1,9.0,1,25,14,1.0,11.0,1,0,0,1,1,0,23,0,0,5,6,1,8.36,1,0,5,8,3,11.29,0,11.04,2.11,-2.07,19,Single,Not Dropout
2,1,2,9,1,3.0,1,24,25,5.0,2.0,1,0,0,1,0,0,17,0,0,6,7,4,14.37,1,0,5,6,3,11.25,0,,2.38,-1.88,24,Married,Not Dropout
1,2,5,8,1,7.0,17,14,8,8.0,14.0,1,0,0,1,0,1,25,0,0,6,7,3,12.83,0,0,8,7,4,7.6,1,9.19,0.85,0.47,11,Single,Not Dropout
1,16,1,7,1,5.0,1,21,29,,15.0,0,0,0,1,0,0,22,0,1,7,11,3,6.38,0,0,7,9,3,9.63,0,11.52,0.35,-1.71,25,Single,Not Dropout
2,1,4,3,1,6.0,1,26,19,1.0,8.0,0,0,0,1,0,0,20,0,0,7,9,1,8.78,0,0,9,11,2,6.11,0,10.95,-0.35,1.46,22,Married,Dropout
1,7,0,10,1,1.0,1,5,11,11.0,10.0,1,0,0,1,0,1,21,0,0,5,4,0,5.24,1,0,5,5,1,4.43,0,11.17,0.99,0.81,8,Single,Dropout
1,13,4,17,1,1.0,1,29,19,19.0,1.0,0,0,1,1,1,0,23,0,1,7,7,4,11.52,1,1,6,8,2,9.02,0,8.61,3.56,1.79,24,Single,Not Dropout
1,6,0,11,0,6.0,1,15,21,2.0,17.0,0,0,0,1,1,1,23,0,1,7,9,3,10.11,0,1,8,13,5,11.36,1,11.41,0.8,2.66,18,Single,Not Dropout
1,9,1,13,1,,1,13,20,10.0,15.0,1,0,1,1,1,0,17,0,0,6,6,2,13.92,0,0,5,9,5,13.57,0,9.72,4.0,1.09,16,Single,Not Dropout
1,2,2,14,1,16.0,1,5,26,,19.0,1,0,0,1,1,0,25,0,1,4,6,3,18.3,0,0,5,8,4,14.42,0,11.24,1.24,2.67,15,Single,Not Dropout
3,14,4,1,0,5.0,1,20,20,7.0,12.0,1,0,0,1,0,0,21,0,0,7,8,5,15.6,0,0,7,8,6,11.62,0,11.72,2.39,-3.57,20,Other,Not Dropout
1,11,0,14,1,6.0,1,18,1,11.0,5.0,1,0,1,1,0,0,33,0,0,7,8,6,15.37,1,0,5,6,3,15.71,0,16.04,4.0,0.15,9,Single,Not Dropout
1,15,1,5,1,15.0,1,1,11,7.0,6.0,1,0,0,1,0,1,28,0,2,8,12,3,4.86,1,0,9,12,4,8.38,2,9.97,1.41,-3.6,6,Single,Dropout
1,15,2,12,1,14.0,1,19,27,4.0,18.0,0,0,0,1,1,0,29,0,0,7,9,5,15.93,0,0,7,4,6,14.33,0,9.52,3.87,0.9,23,Single,Not Dropout
1,6,4,17,1,1.0,1,5,7,16.0,1.0,1,0,0,1,1,0,34,0,0,8,13,5,12.96,0,1,7,8,5,14.57,1,10.99,1.32,3.03,6,Single,Not Dropout
1,1,5,16,1,2.0,1,9,15,19.0,13.0,0,0,0,0,0,1,27,0,1,7,7,3,5.57,0,0,7,7,2,6.22,0,9.03,0.95,-2.52,12,Single,Dropout
1,6,3,8,1,2.0,1,18,15,8.0,2.0,0,0,0,1,0,0,22,0,2,6,5,5,13.94,0,0,5,5,4,14.99,1,7.0,1.4,-3.9,16,Single,Not Dropout
1,3,3,15,0,8.0,1,23,17,2.0,15.0,1,0,0,1,0,1,17,0,0,6,8,3,8.06,3,0,7,9,2,4.49,0,10.63,-0.88,-1.31,20,Single,Not Dropout
1,10,2,11,1,10.0,1,4,26,4.0,12.0,1,0,0,1,0,0,24,0,0,5,6,3,8.57,0,2,5,7,1,6.2,0,11.18,0.01,1.9,15,Single,Dropout
1,3,4,3,1,6.0,1,14,16,18.0,9.0,1,0,0,1,1,0,33,0,0,5,6,4,13.66,0,1,6,5,6,,1,11.86,-0.25,0.59,15,Single,Not Dropout
1,16,0,5,1,1.0,1,9,1,17.0,14.0,0,0,1,1,0,0,28,0,0,8,10,5,11.88,0,0,8,6,5,11.4,0,10.82,1.22,-1.02,5,Single,Not Dropout
1,11,0,17,0,4.0,1,21,8,10.0,7.0,1,0,0,1,1,0,20,0,2,6,4,1,10.17,0,0,4,7,1,8.43,0,9.53,2.05,0.63,14,Single,Dropout
1,5,1,16,1,10.0,1,25,19,17.0,11.0,0,0,0,1,0,1,23,0,0,8,5,4,10.16,0,0,9,11,5,5.74,0,12.3,0.43,-2.98,22,Single,Not Dropout
1,16,1,16,1,6.0,9,19,23,5.0,16.0,0,0,0,1,0,0,20,0,2,10,12,6,12.69,0,0,9,10,8,15.64,0,10.31,4.0,0.53,21,Single,Not Dropout
1,14,2,7,1,,1,24,19,,9.0,0,0,0,1,0,1,25,0,0,8,6,2,7.62,0,1,6,5,2,6.69,1,10.05,-0.99,-1.32,21,Single,Dropout
1,8,5,6,1,11.0,1,14,22,3.0,1.0,1,0,0,1,0,0,20,0,0,5,5,2,11.35,0,0,5,7,3,12.75,0,,-0.47,1.87,18,Single,Not Dropout
1,3,3,14,0,10.0,1,18,7,11.0,19.0,0,0,0,1,1,0,32,0,0,5,6,3,7.27,1,0,4,3,3,10.35,0,11.17,2.23,-2.85,12,Single,Not Dropout
1,6,2,1,1,8.0,1,9,3,14.0,11.0,0,0,0,1,1,0,24,0,0,7,8,7,20.0,0,0,8,8,8,20.0,1,14.91,0.7,0.31,6,Single,Not Dropout
1,10,1,16,1,16.0,1,29,28,19.0,9.0,0,0,0,1,0,0,25,0,0,7,10,2,6.39,0,0,6,9,1,7.01,0,8.77,-1.0,-0.51,28,Single,Dropout
1,14,3,11,1,14.0,1,6,17,15.0,2.0,1,0,0,1,0,1,18,0,0,9,11,3,3.98,0,1,9,11,1,7.73,0,16.07,1.85,2.35,11,Single,Dropout
2,5,1,11,1,1.0,1,27,22,13.0,2.0,0,0,0,1,0,0,20,0,0,6,7,3,12.27,0,0,7,9,3,9.62,0,12.73,1.69,-1.49,24,Married,Not Dropout
1,13,5,8,1,15.0,1,22,28,13.0,,0,0,0,1,0,0,17,0,0,4,6,2,9.47,0,1,4,7,2,8.88,0,8.75,1.51,-4.08,25,Single,Not Dropout
1,5,2,17,1,1.0,1,29,6,,18.0,0,0,0,1,0,1,32,0,1,5,4,3,10.81,0,0,6,5,3,10.84,0,10.88,1.14,1.43,17,Single,Not Dropout
1,5,3,13,1,8.0,1,19,26,8.0,14.0,0,0,0,1,0,1,20,0,0,8,7,4,8.14,0,0,9,12,5,,0,9.96,1.18,-2.54,22,Single,Not Dropout
1,8,5,1,1,15.0,1,11,11,10.0,8.0,1,0,1,1,0,0,24,0,0,7,15,6,13.91,0,0,6,9,5,13.42,1,12.95,3.55,-0.17,11,Single,Not Dropout
1,3,1,9,1,16.0,1,9,19,4.0,15.0,1,0,0,1,1,0,17,0,0,8,9,4,11.98,0,0,8,11,6,10.42,0,9.96,2.66,0.92,14,Single,Not Dropout
3,7,2,15,1,1.0,1,6,12,1.0,8.0,0,0,1,1,0,0,17,0,0,6,9,4,10.06,0,0,8,10,4,8.95,0,9.26,2.25,-4.63,9,Other,Dropout
1,7,3,2,1,2.0,1,29,6,16.0,17.0,0,0,1,1,1,0,21,0,0,5,4,3,10.08,0,0,4,5,2,12.04,0,12.74,2.74,-2.28,17,Single,Dropout
1,5,1,13,1,4.0,7,4,26,10.0,7.0,1,0,0,0,1,0,21,0,0,8,10,5,8.0,0,0,7,9,3,12.61,1,,1.11,2.36,15,Single,Dropout
1,14,0,5,0,5.0,1,24,11,17.0,14.0,1,0,0,0,0,0,24,0,0,4,4,3,14.56,0,1,5,8,3,17.58,0,7.0,1.67,2.09,17,Single,Not Dropout
1,6,1,9,0,5.0,1,21,1,3.0,9.0,1,0,0,1,0,1,35,0,0,7,7,5,13.66,0,1,6,7,4,14.28,1,14.47,-1.0,-0.15,11,Single,Not Dropout
1,12,0,16,1,7.0,1,4,5,8.0,13.0,1,0,1,1,0,1,17,0,2,9,14,7,15.94,0,0,11,14,5,14.51,0,11.05,4.0,-2.19,4,Single,Not Dropout
1,13,4,9,1,6.0,1,27,28,5.0,4.0,0,0,0,1,0,0,29,0,2,2,6,1,9.17,1,0,2,0,1,11.96,0,11.07,1.27,4.0,27,Single,Not Dropout
1,12,0,1,1,10.0,1,5,24,,18.0,1,0,0,1,0,0,26,0,1,5,6,3,12.64,1,0,4,2,3,13.76,1,14.05,2.86,0.78,14,Single,Not Dropout
3,5,1,1,0,14.0,1,5,20,8.0,,0,0,0,1,0,0,19,0,0,6,7,3,6.47,0,1,5,8,2,9.73,0,12.92,2.48,1.88,12,Other,Dropout
1,15,5,13,1,9.0,1,16,23,13.0,11.0,1,0,0,1,1,1,20,0,0,5,5,5,13.68,1,0,7,9,6,14.82,0,17.0,2.33,-1.27,19,Single,Not Dropout
1,5,3,16,1,6.0,1,3,19,2.0,14.0,0,0,0,1,1,0,30,0,0,6,5,4,13.58,0,0,4,6,3,13.95,0,9.77,0.77,-2.17,11,Single,Not Dropout
4,5,4,5,1,10.0,1,3,27,11.0,13.0,1,0,0,0,0,0,23,0,0,10,11,1,4.62,0,1,10,10,2,3.58,0,13.55,3.06,2.27,15,Other,Dropout
1,15,4,16,1,10.0,1,19,3,9.0,11.0,0,0,0,1,1,1,21,0,0,5,6,3,12.03,0,0,5,3,3,,1,9.8,2.37,-0.33,11,Single,Not Dropout
1,6,1,8,1,15.0,1,28,2,12.0,17.0,1,0,0,0,0,0,17,0,0,6,9,3,10.74,1,0,3,6,1,10.4,0,12.54,-0.39,0.56,15,Single,Not Dropout
1,12,3,1,1,,1,2,21,12.0,19.0,1,0,0,1,0,0,18,0,0,5,7,4,15.72,0,2,4,6,3,13.23,0,14.32,1.46,-0.3,11,Single,Not Dropout
1,1,1,10,1,5.0,1,19,28,3.0,15.0,0,0,0,1,0,0,17,0,0,4,3,1,11.39,1,0,4,8,2,8.0,0,10.21,1.37,3.13,23,Single,Not Dropout
1,11,3,17,1,15.0,1,18,17,1.0,4.0,1,0,0,1,1,0,28,0,0,7,4,4,10.93,0,0,6,3,3,8.65,1,17.0,0.6,-0.34,17,Single,Not Dropout
1,15,4,5,1,14.0,1,2,29,3.0,15.0,1,0,0,1,0,0,18,0,0,3,3,2,11.67,1,0,4,7,2,10.26,0,13.08,-0.35,1.18,15,Single,Not Dropout
1,13,5,17,1,3.0,1,5,12,5.0,10.0,0,0,0,1,0,0,17,0,1,4,2,3,11.51,0,1,5,8,4,11.24,0,10.63,-0.12,0.39,8,Single,Not Dropout
1,10,5,12,1,,1,13,20,14.0,11.0,0,0,0,1,0,0,24,0,2,6,7,3,10.13,0,1,6,8,2,13.4,0,7.0,2.12,-3.0,16,Single,Not Dropout
1,15,0,7,1,3.0,1,21,15,6.0,18.0,1,0,0,1,0,0,18,0,0,7,9,4,14.75,0,0,6,7,3,13.11,0,11.69,0.67,-1.7,18,Single,Not Dropout
1,6,1,12,1,8.0,1,7,26,19.0,11.0,0,0,1,1,1,0,32,0,1,5,7,3,13.7,1,1,4,4,3,13.0,1,15.41,1.93,0.67,16,Single,Not Dropout
1,7,3,7,1,1.0,1,13,19,2.0,17.0,1,0,0,1,0,0,23,0,0,5,5,3,9.32,0,0,6,8,2,11.29,3,12.48,1.01,-0.82,16,Single,Dropout
4,2,1,2,0,5.0,1,15,13,10.0,13.0,1,0,1,1,0,1,24,0,1,3,5,1,10.29,0,0,6,6,5,9.94,0,13.27,1.05,-0.48,14,Other,Not Dropout
1,12,3,15,1,10.0,1,21,8,14.0,2.0,1,0,0,1,0,0,24,0,0,7,11,4,,0,0,8,10,7,,0,11.14,-0.08,3.15,14,Single,Not Dropout
1,13,5,7,0,5.0,1,8,10,2.0,,1,0,0,1,0,1,26,0,0,6,8,1,6.33,0,1,7,7,3,6.36,0,,0.37,-0.62,9,Single,Not Dropout
1,13,1,10,1,1.0,1,20,3,10.0,10.0,1,0,0,1,0,0,27,0,1,6,8,3,7.86,0,0,5,5,1,8.97,0,11.41,1.1,4.0,11,Single,Dropout
1,13,5,13,1,7.0,1,25,5,2.0,,0,0,0,1,0,0,23,0,1,4,4,2,6.08,0,1,4,3,0,7.14,0,10.44,-1.0,-0.45,15,Single,Dropout
1,3,5,2,1,9.0,1,17,15,16.0,6.0,1,0,0,1,0,0,17,0,1,8,9,4,15.97,0,0,6,7,4,14.14,0,11.32,1.54,-1.21,16,Single,Not Dropout
1,12,5,13,1,13.0,1,21,1,9.0,4.0,1,0,0,0,1,1,22,0,2,5,9,4,,1,0,6,7,6,20.0,0,11.27,1.1,3.26,11,Single,Not Dropout
1,13,0,7,1,3.0,1,5,14,17.0,15.0,1,0,0,1,0,1,23,0,0,8,9,3,5.8,0,0,8,12,1,,0,12.89,-0.94,0.66,9,Single,Not Dropout
3,4,1,10,1,8.0,1,27,2,13.0,5.0,1,0,0,1,1,0,17,0,1,5,5,3,10.37,0,2,4,5,3,13.61,1,11.27,1.06,2.96,14,Other,Not Dropout
1,9,0,8,1,4.0,1,9,5,7.0,2.0,0,0,0,1,1,0,17,0,0,7,10,6,16.22,0,1,6,1,5,,0,14.15,-1.0,-2.44,7,Single,Not Dropout
1,16,0,14,0,3.0,1,6,21,3.0,10.0,1,0,0,1,1,0,17,0,0,5,6,2,7.51,0,0,5,11,1,8.48,0,17.0,0.56,-4.27,13,Single,Dropout
2,8,0,4,1,2.0,1,16,1,4.0,14.0,1,0,0,1,0,0,17,0,0,8,10,5,13.2,1,0,8,8,5,12.25,0,10.46,1.32,-5.0,8,Married,Not Dropout
6,13,2,2,0,13.0,1,12,10,1.0,4.0,1,1,0,1,1,0,20,0,0,4,6,2,14.33,0,0,4,2,3,13.19,2,15.97,2.48,-3.02,11,Other,Not Dropout
1,10,0,7,1,15.0,1,14,6,,7.0,1,0,0,1,0,0,18,0,0,7,9,4,9.34,0,1,7,10,2,13.27,0,13.22,4.0,-2.85,10,Single,Not Dropout
1,12,1,3,1,11.0,1,24,2,14.0,9.0,0,0,0,1,1,0,24,0,0,4,7,3,9.66,0,0,3,6,2,10.0,1,10.13,1.47,1.16,13,Single,Not Dropout
1,11,5,5,1,7.0,1,16,7,7.0,18.0,0,0,0,1,1,0,27,0,1,6,10,5,11.23,1,0,5,5,4,12.06,0,15.25,1.62,-0.41,11,Single,Not Dropout
1,12,5,12,1,16.0,1,11,4,3.0,3.0,0,0,0,1,1,0,25,0,0,7,10,2,7.95,1,0,6,5,2,12.32,0,13.17,-1.0,-0.68,7,Single,Not Dropout
1,14,5,14,1,8.0,1,24,3,2.0,18.0,1,0,0,1,0,0,26,0,0,4,8,2,7.56,0,1,2,4,1,10.15,0,,0.95,-2.73,13,Single,Dropout
6,16,0,12,0,9.0,1,11,20,9.0,3.0,1,0,0,0,1,0,29,0,0,7,8,5,9.03,0,2,7,7,2,10.55,0,7.0,0.56,1.87,15,Other,Not Dropout
6,6,3,6,1,11.0,1,28,4,4.0,11.0,0,0,0,1,0,1,21,0,0,8,7,8,15.38,0,0,6,7,5,17.22,1,13.22,-1.0,1.48,16,Other,Not Dropout
1,16,3,14,1,11.0,1,29,28,14.0,17.0,0,0,1,1,0,0,17,0,0,3,4,2,12.2,0,0,3,4,3,15.28,1,11.36,3.63,-3.37,28,Single,Not Dropout
1,11,0,7,0,8.0,1,14,15,7.0,18.0,1,0,0,1,0,0,17,0,0,7,14,5,12.47,1,0,5,2,3,16.54,1,12.59,1.82,-0.78,14,Single,Not Dropout
2,11,5,4,1,8.0,1,23,12,3.0,11.0,0,0,0,1,1,0,26,0,1,8,9,6,13.69,0,0,9,9,5,12.33,0,13.13,1.97,-1.7,17,Married,Not Dropout
3,6,2,13,1,6.0,1,21,26,6.0,10.0,1,0,0,0,1,0,24,0,0,5,2,1,2.96,1,0,5,5,1,6.05,0,12.62,3.55,3.68,23,Other,Dropout
1,8,5,9,1,11.0,1,25,23,9.0,15.0,0,0,0,1,0,0,27,0,0,5,11,4,11.44,0,0,3,4,2,12.71,0,12.76,-0.77,0.46,24,Single,Not Dropout
1,12,0,7,1,11.0,1,14,13,1.0,18.0,1,0,0,1,0,0,40,0,0,3,5,1,8.35,0,0,4,5,1,7.52,1,,-0.58,-0.02,13,Single,Dropout
2,7,3,12,1,7.0,1,12,29,3.0,1.0,1,0,1,1,1,0,24,1,0,5,4,3,8.1,0,0,5,3,2,10.3,0,10.83,3.17,0.44,20,Married,Dropout
1,5,0,13,1,12.0,19,9,16,19.0,5.0,1,0,0,1,1,0,22,0,0,8,7,5,12.16,0,1,9,9,4,12.36,1,16.06,-0.17,0.4,12,Single,Not Dropout
1,14,5,4,1,3.0,1,17,21,7.0,6.0,0,0,0,1,0,1,25,0,0,6,7,5,12.43,0,0,6,6,3,14.71,0,,2.17,0.57,19,Single,Not Dropout
5,8,3,2,1,7.0,1,18,29,15.0,16.0,0,0,0,1,1,1,17,0,1,7,10,7,17.71,1,0,5,6,4,18.15,1,9.59,1.62,-4.46,23,Other,Not Dropout
5,11,0,9,1,16.0,1,14,21,18.0,1.0,0,0,1,1,0,0,28,1,0,5,7,3,7.01,0,1,4,7,1,9.73,0,12.43,4.0,0.0,17,Other,Dropout
3,1,1,1,0,12.0,12,10,18,3.0,3.0,0,0,0,1,0,0,22,0,0,6,9,4,16.66,0,1,6,8,5,14.42,1,8.81,3.31,4.0,14,Other,Not Dropout
2,2,2,11,1,12.0,1,14,18,14.0,1.0,1,0,0,1,0,0,33,0,0,9,7,6,9.38,0,0,8,15,5,8.9,1,13.6,3.37,-2.01,16,Married,Not Dropout
1,15,0,8,1,14.0,1,15,19,,19.0,1,0,0,1,0,0,17,0,0,9,8,7,12.28,0,1,10,9,7,13.65,0,8.87,-1.0,1.95,17,Single,Not Dropout
1,3,0,4,1,10.0,1,4,29,1.0,1.0,0,0,0,1,0,0,23,0,0,7,8,2,12.0,0,0,8,11,5,12.16,0,11.08,2.16,1.28,16,Single,Not Dropout
1,14,5,11,1,11.0,1,20,21,6.0,6.0,1,0,0,1,0,0,19,0,0,6,9,3,,0,1,7,9,4,10.58,0,10.74,2.68,-0.21,20,Single,Not Dropout
1,16,5,7,1,8.0,1,25,9,3.0,10.0,1,0,0,1,0,0,17,0,0,5,5,2,10.1,0,0,4,4,1,10.43,0,13.65,1.19,-1.97,17,Single,Dropout
1,9,3,7,1,14.0,1,10,1,1.0,7.0,1,0,0,1,1,0,27,0,0,8,5,4,9.59,0,0,8,10,4,7.36,0,9.51,0.35,1.14,5,Single,Not Dropout
1,16,5,4,1,12.0,1,12,23,6.0,2.0,1,0,0,1,0,0,21,0,1,6,9,4,12.77,0,1,6,9,5,10.09,0,12.63,1.03,-0.8,17,Single,Not Dropout
1,8,3,12,1,9.0,1,3,15,4.0,8.0,1,0,0,1,0,0,31,0,0,9,5,5,12.01,1,0,8,8,7,14.9,0,8.01,2.42,-0.21,9,Single,Not Dropout
1,17,0,16,1,3.0,1,17,13,18.0,16.0,0,0,0,0,1,1,20,0,0,3,3,3,20.0,0,1,5,8,5,,0,14.27,-0.55,0.92,15,Single,Not Dropout
1,5,4,11,1,13.0,1,13,28,5.0,6.0,0,0,1,1,0,0,21,0,0,6,9,4,14.34,0,0,6,8,4,14.88,0,11.42,3.69,-2.0,20,Single,Not Dropout
1,8,0,5,1,6.0,1,25,5,15.0,10.0,1,0,0,1,0,0,35,0,1,6,9,2,7.14,1,1,5,6,1,2.88,0,,-1.0,-0.78,15,Single,Dropout
1,7,4,15,1,6.0,1,27,2,1.0,9.0,1,0,0,1,0,0,17,0,0,7,5,4,15.69,1,0,7,13,7,18.54,0,12.05,0.25,1.5,14,Single,Not Dropout
1,14,2,3,1,,1,23,22,12.0,5.0,0,0,0,0,0,0,18,0,0,4,7,3,12.25,0,0,4,3,3,13.52,0,12.26,-0.5,-0.08,22,Single,Not Dropout
2,1,0,5,1,4.0,1,7,27,14.0,1.0,0,0,0,1,0,1,17,0,0,6,10,4,10.85,1,1,8,10,5,12.7,0,10.24,1.24,-3.84,17,Married,Not Dropout
1,15,1,1,1,3.0,1,6,25,3.0,16.0,0,0,0,1,1,0,20,0,0,8,10,2,8.74,0,0,9,12,1,7.92,0,15.68,0.5,0.82,15,Single,Dropout
1,1,4,15,1,2.0,1,15,26,9.0,19.0,1,0,0,1,1,0,27,0,0,7,8,3,11.9,0,1,6,8,2,12.91,0,14.28,3.04,1.21,20,Single,Not Dropout
1,6,5,1,1,1.0,1,18,26,18.0,10.0,0,0,0,1,1,0,25,0,0,7,9,6,,1,1,8,8,8,17.77,0,7.29,0.9,1.43,22,Single,Not Dropout
1,11,3,10,1,5.0,1,1,20,12.0,16.0,0,0,0,1,0,1,24,0,1,5,5,3,9.53,0,1,5,6,4,12.93,0,11.72,1.64,-0.44,10,Single,Not Dropout
1,3,0,4,1,13.0,1,15,27,16.0,7.0,1,0,0,1,0,1,18,0,1,6,9,6,,0,0,4,2,4,13.68,0,10.86,1.03,-2.01,21,Single,Not Dropout
1,9,5,4,0,14.0,1,3,10,9.0,18.0,0,0,1,0,0,1,22,0,1,4,8,3,14.54,0,0,2,1,2,13.11,0,7.0,0.77,-2.58,6,Single,Not Dropout
1,17,4,11,1,4.0,20,8,22,,11.0,1,0,0,1,0,0,21,0,0,8,8,6,,1,0,7,10,4,10.6,0,11.91,1.48,-0.83,15,Single,Not Dropout
1,14,2,14,1,7.0,1,11,3,9.0,16.0,0,0,0,1,0,1,23,0,1,7,10,0,0.0,0,0,6,6,0,0.0,0,9.49,-0.63,1.53,7,Single,Dropout
1,1,3,1,1,14.0,1,2,16,,13.0,0,0,0,1,0,0,24,0,1,7,10,4,9.0,0,0,6,5,2,10.8,1,11.16,-0.13,-1.47,9,Single,Not Dropout
1,11,5,3,0,12.0,1,8,9,19.0,18.0,1,0,0,1,0,0,21,0,2,7,8,2,6.11,0,0,8,10,2,5.32,0,12.47,-0.35,3.79,8,Single,Dropout
1,11,2,5,1,15.0,1,19,28,9.0,11.0,1,0,0,1,0,1,23,0,0,8,5,7,15.19,2,0,9,9,9,16.82,0,13.43,1.64,-1.24,23,Single,Not Dropout
1,2,0,17,1,7.0,1,29,13,12.0,,1,0,0,1,1,0,22,0,1,10,11,5,15.34,0,0,8,10,6,10.77,0,12.33,1.4,2.94,21,Single,Not Dropout
1,12,0,1,1,3.0,1,23,7,12.0,18.0,0,0,0,1,0,0,19,0,1,6,1,3,9.51,0,0,6,11,3,10.16,0,7.0,1.51,0.84,15,Single,Not Dropout
2,9,3,4,1,3.0,1,9,17,8.0,15.0,0,0,0,1,1,1,23,0,0,6,10,2,11.87,1,1,7,8,3,,1,11.47,1.25,-1.12,13,Married,Not Dropout
1,12,5,7,1,12.0,1,28,3,8.0,7.0,1,0,0,1,1,1,17,0,0,7,9,5,18.31,0,0,8,8,6,15.05,0,7.0,1.78,-2.46,15,Single,Not Dropout
1,6,4,6,1,1.0,1,13,4,17.0,2.0,0,0,0,1,0,0,24,0,0,9,10,5,6.47,0,0,9,8,1,,0,8.74,0.61,1.07,8,Single,Not Dropout
1,5,3,1,1,8.0,10,11,13,4.0,8.0,1,0,0,0,1,0,17,0,0,8,11,5,5.77,0,0,7,6,2,8.08,0,16.48,1.01,-0.28,12,Single,Dropout
1,13,1,10,1,6.0,18,25,19,8.0,14.0,1,0,1,1,1,0,23,0,0,7,6,2,6.7,1,0,9,9,4,8.04,0,11.85,1.74,-1.57,22,Single,Dropout
1,13,2,11,1,15.0,1,12,17,13.0,17.0,1,1,0,0,1,0,26,0,1,8,11,5,11.34,0,0,10,8,7,11.32,1,7.0,0.17,0.11,14,Single,Not Dropout
2,3,0,4,1,16.0,1,22,2,2.0,15.0,0,0,0,1,0,0,17,0,0,7,9,4,10.52,0,2,9,12,3,,0,11.05,1.89,0.49,12,Married,Dropout
2,4,2,12,1,8.0,1,5,20,13.0,13.0,0,0,0,0,1,0,29,0,0,4,6,3,16.31,1,0,4,4,3,15.79,2,17.0,2.83,-1.87,12,Married,Not Dropout
1,10,3,1,1,10.0,1,10,2,16.0,11.0,0,0,0,1,0,0,34,0,2,8,8,4,10.52,0,0,8,10,4,,1,10.13,1.49,0.22,6,Single,Not Dropout
1,15,5,13,1,7.0,1,29,24,9.0,19.0,0,0,0,1,0,0,19,0,1,5,5,2,5.59,0,0,4,6,1,8.79,0,7.0,3.24,-4.6,26,Single,Dropout
3,4,5,5,1,13.0,1,8,2,12.0,,1,0,0,0,1,1,22,0,0,6,8,3,10.0,0,0,6,8,3,8.81,0,11.29,1.06,-2.85,5,Other,Not Dropout
1,4,4,4,1,5.0,1,25,1,10.0,16.0,1,0,0,1,0,1,30,0,0,5,4,0,8.51,0,1,4,5,2,10.82,0,17.0,2.75,1.92,13,Single,Dropout
1,14,0,4,1,12.0,1,14,16,13.0,11.0,0,0,0,0,0,0,17,0,0,6,5,3,9.03,0,1,6,9,3,10.03,1,10.31,0.08,-0.82,15,Single,Not Dropout
1,12,4,15,1,15.0,1,28,24,1.0,10.0,1,0,0,1,0,0,23,0,0,7,10,6,12.73,1,2,4,7,4,18.58,0,15.56,1.65,1.36,26,Single,Not Dropout
1,16,1,9,1,,1,13,23,12.0,8.0,1,0,0,1,1,0,21,0,0,9,11,5,9.55,0,0,9,10,3,9.59,0,11.44,2.0,1.12,18,Single,Not Dropout
1,14,3,12,1,4.0,1,15,18,9.0,13.0,1,0,0,1,0,0,28,0,0,6,5,2,8.37,0,0,8,7,2,9.64,0,17.0,2.6,2.01,16,Single,Dropout
1,17,5,4,1,7.0,1,12,6,1.0,19.0,1,0,1,1,0,0,22,0,1,9,10,4,12.05,0,0,9,13,7,9.93,0,11.07,1.93,1.41,9,Single,Not Dropout
4,4,5,1,1,14.0,1,7,28,16.0,8.0,1,0,0,1,0,0,26,0,1,3,4,2,6.65,1,2,0,0,0,9.42,0,10.93,3.4,1.82,17,Other,Not Dropout
1,5,3,1,1,11.0,1,25,1,3.0,3.0,1,0,0,0,0,0,18,0,0,4,4,2,12.25,0,3,5,8,3,12.77,0,13.11,2.27,-3.14,13,Single,Not Dropout
1,5,1,8,1,4.0,1,17,11,12.0,3.0,0,0,0,1,1,1,29,0,1,5,6,3,10.18,0,0,7,9,4,13.0,0,9.86,1.33,3.4,14,Single,Not Dropout
1,1,3,6,1,6.0,1,15,22,17.0,4.0,1,0,0,1,0,0,17,0,0,8,9,3,7.95,1,0,6,5,1,7.07,0,10.48,1.37,1.23,18,Single,Dropout
1,14,4,14,1,11.0,1,11,18,18.0,8.0,0,0,0,1,1,0,28,0,0,5,8,2,4.99,0,0,5,7,2,6.47,0,11.15,0.34,4.0,14,Single,Dropout
1,12,3,14,1,16.0,1,23,23,12.0,1.0,1,0,0,1,0,1,23,0,0,4,6,2,10.54,0,0,4,4,2,11.77,0,15.95,0.86,-0.36,23,Single,Not Dropout
1,2,2,6,1,8.0,1,11,23,14.0,6.0,0,0,0,1,0,0,17,0,1,10,10,7,,1,0,11,11,11,11.53,0,7.0,1.0,-1.8,17,Single,Not Dropout
1,4,2,8,0,2.0,1,7,28,12.0,14.0,1,0,1,0,1,0,23,0,0,6,6,5,19.01,0,1,7,11,7,16.42,1,8.42,1.54,2.36,17,Single,Not Dropout
1,4,3,7,1,2.0,1,3,15,15.0,13.0,1,0,0,1,1,1,27,0,1,9,11,4,8.03,0,1,9,8,4,8.02,0,15.67,1.01,1.77,9,Single,Dropout
1,7,0,12,1,1.0,1,26,24,19.0,13.0,1,0,0,1,1,1,17,1,0,8,5,2,7.65,0,0,8,9,3,7.91,0,11.7,-0.71,-3.62,25,Single,Dropout
1,8,5,11,1,3.0,1,3,5,9.0,13.0,1,0,0,1,1,1,18,0,0,8,7,5,14.21,0,1,10,13,9,14.26,1,8.69,2.94,-0.17,4,Single,Not Dropout
1,5,0,12,1,7.0,1,25,6,8.0,2.0,0,0,0,1,0,0,24,0,0,9,10,7,11.86,1,0,12,13,6,11.93,0,12.87,-1.0,-1.34,15,Single,Not Dropout
1,16,5,1,1,5.0,1,11,2,4.0,18.0,1,0,0,1,0,1,20,0,0,6,7,4,9.62,0,1,7,6,3,8.39,1,11.28,0.0,-1.09,6,Single,Not Dropout
1,4,0,6,1,5.0,1,1,6,19.0,6.0,1,0,0,1,1,0,25,0,0,4,7,2,12.89,2,2,4,6,2,16.58,0,9.96,3.0,0.14,3,Single,Not Dropout
2,10,3,17,1,13.0,1,27,4,18.0,2.0,0,0,0,1,1,1,22,0,0,7,5,5,14.3,0,1,6,6,5,14.53,0,9.05,0.09,-1.95,15,Married,Not Dropout
1,8,2,6,1,8.0,1,22,24,14.0,16.0,0,0,0,1,0,0,17,0,0,6,6,5,13.89,0,1,6,6,4,13.22,0,10.52,2.62,2.27,23,Single,Not Dropout
1,7,3,3,1,12.0,7,21,15,13.0,9.0,1,0,1,1,1,0,37,0,0,7,8,3,8.16,0,0,7,4,2,9.13,0,7.0,1.56,-1.69,18,Single,Dropout
1,15,2,4,0,9.0,1,16,13,4.0,7.0,1,0,0,1,0,0,21,0,0,8,8,5,11.95,1,1,8,11,6,10.78,0,10.04,1.96,-1.69,14,Single,Not Dropout
1,17,5,1,1,4.0,1,23,19,18.0,8.0,0,0,0,1,1,1,24,0,1,5,5,3,14.69,0,1,2,4,1,,0,14.15,0.64,-2.67,21,Single,Not Dropout
1,1,0,14,1,16.0,1,4,11,2.0,12.0,1,0,0,1,0,0,34,0,0,5,5,2,11.1,0,0,4,6,2,12.13,0,13.18,0.84,0.63,7,Single,Not Dropout
1,8,5,1,1,,1,7,17,12.0,11.0,0,0,0,1,0,0,28,0,1,6,8,3,13.8,0,0,6,5,4,12.46,0,10.36,2.14,-2.48,12,Single,Not Dropout
1,3,4,11,1,14.0,1,16,1,5.0,1.0,1,0,0,1,1,0,26,0,0,9,9,6,8.26,0,0,9,8,6,7.97,0,7.91,1.32,1.18,8,Single,Not Dropout
1,8,4,7,1,2.0,1,22,21,9.0,3.0,0,0,0,1,1,0,29,0,0,5,5,1,5.83,1,0,5,7,2,6.05,0,10.07,0.56,2.32,21,Single,Not Dropout
1,11,0,2,1,14.0,1,18,26,2.0,19.0,0,0,0,1,1,0,26,0,0,10,9,6,13.72,0,0,12,13,8,13.11,0,,1.17,-1.07,22,Single,Not Dropout
1,7,0,16,1,12.0,1,12,2,3.0,10.0,0,0,0,1,1,1,26,0,0,3,9,2,17.55,1,0,4,9,4,12.84,2,12.54,0.8,3.03,7,Single,Not Dropout
2,6,2,13,1,4.0,1,20,3,,19.0,0,0,0,1,0,0,26,0,0,9,10,6,14.43,0,1,10,12,6,12.23,0,12.81,-0.57,-0.6,11,Married,Not Dropout
3,6,1,14,1,13.0,1,2,4,8.0,13.0,0,0,0,1,0,0,22,0,1,7,11,2,6.33,0,0,8,7,2,7.16,0,13.44,1.33,2.42,3,Other,Dropout
1,6,4,16,1,12.0,1,15,18,17.0,15.0,0,0,0,1,0,0,29,0,0,7,7,4,15.71,0,2,9,8,9,17.0,0,14.12,2.19,1.72,16,Single,Not Dropout
3,6,5,16,1,15.0,1,12,23,12.0,6.0,0,0,0,1,1,0,27,0,0,7,8,4,13.27,0,1,11,13,8,11.97,0,13.52,1.19,-1.34,17,Other,Not Dropout
1,7,2,12,1,4.0,1,15,24,1.0,16.0,0,0,0,1,0,0,17,0,0,2,4,1,14.71,1,0,2,4,2,12.55,0,11.62,1.01,0.22,19,Single,Not Dropout
3,12,4,10,1,15.0,1,4,23,18.0,13.0,1,0,0,1,1,0,28,0,0,6,7,2,6.76,0,0,6,9,2,7.43,0,10.13,1.66,0.48,13,Other,Dropout
4,2,0,12,1,13.0,1,27,17,12.0,15.0,0,0,0,1,1,1,18,0,0,6,7,5,15.45,0,0,6,8,4,15.03,0,,-0.22,-1.86,22,Other,Not Dropout
1,1,4,8,1,6.0,1,25,21,16.0,6.0,0,0,1,1,1,0,24,0,1,8,9,7,11.96,0,1,9,9,7,13.91,1,11.23,-1.0,-2.33,23,Single,Not Dropout
1,9,0,4,0,6.0,1,28,9,18.0,,0,0,0,1,1,0,17,0,0,6,7,3,8.67,0,0,5,5,1,5.79,1,13.38,2.53,-1.21,18,Single,Dropout
5,12,4,7,1,5.0,1,25,22,10.0,,0,0,0,1,1,1,20,0,1,9,10,7,,1,1,9,8,5,13.3,1,,2.05,-1.5,23,Other,Not Dropout
3,5,2,8,1,8.0,1,20,6,4.0,18.0,0,0,0,1,1,0,21,0,1,10,13,3,10.16,0,0,9,12,3,6.58,1,12.08,-1.0,-5.0,13,Other,Not Dropout
5,4,2,1,1,15.0,1,9,28,9.0,18.0,0,0,1,1,0,0,26,0,0,7,6,4,12.4,0,1,8,9,5,9.51,0,8.78,0.97,4.0,18,Other,Not Dropout
1,11,1,15,1,14.0,1,4,2,14.0,7.0,0,0,0,1,0,0,19,0,0,7,11,6,,0,0,11,6,11,20.0,0,12.61,1.19,-1.01,3,Single,Not Dropout
1,7,2,16,1,3.0,1,18,28,1.0,1.0,0,0,0,1,0,0,17,0,0,4,6,3,9.87,0,1,4,6,2,14.08,0,9.58,0.59,2.71,23,Single,Not Dropout
2,13,5,8,1,3.0,1,28,14,18.0,5.0,1,0,0,1,0,1,20,0,0,7,7,3,,0,0,8,9,5,9.35,0,16.34,-0.02,1.24,21,Married,Not Dropout
1,3,4,9,1,1.0,1,11,19,7.0,6.0,1,0,0,1,1,0,21,0,0,6,9,1,9.13,0,0,8,8,3,,0,10.58,1.12,-1.59,15,Single,Dropout
1,3,2,15,0,10.0,1,29,5,13.0,1.0,1,0,0,1,0,0,27,0,0,9,12,3,11.49,0,0,8,10,6,10.02,0,11.98,0.13,1.73,17,Single,Not Dropout
1,10,1,8,1,6.0,1,5,10,19.0,,1,0,0,1,1,0,24,0,2,4,6,2,8.51,0,0,5,6,3,13.02,0,8.1,1.13,-1.8,7,Single,Not Dropout
1,7,3,12,1,13.0,1,9,26,17.0,9.0,0,0,0,1,1,0,18,0,0,5,6,2,6.04,1,0,6,8,1,5.41,0,12.75,-0.72,4.0,17,Single,Dropout
1,13,4,9,1,13.0,1,19,1,15.0,3.0,0,0,0,0,1,1,25,0,0,8,6,4,10.32,0,0,6,8,3,7.85,1,14.1,1.93,-1.38,10,Single,Dropout
1,9,1,5,1,4.0,1,15,6,6.0,12.0,1,0,1,1,0,0,34,0,0,9,9,7,12.78,1,0,9,11,8,12.09,0,9.24,3.45,-1.6,10,Single,Not Dropout
1,7,4,14,1,12.0,1,23,19,10.0,8.0,0,0,0,1,1,0,30,0,0,8,9,7,14.48,0,0,5,5,4,17.35,0,11.19,1.26,2.53,21,Single,Not Dropout
1,3,5,4,1,13.0,1,11,24,10.0,4.0,0,0,0,1,0,1,17,0,0,9,11,5,14.05,0,0,7,10,6,12.0,0,8.95,2.21,-0.14,17,Single,Not Dropout
2,3,5,4,1,16.0,1,23,13,17.0,9.0,0,0,0,1,0,0,38,0,0,7,8,4,12.4,1,0,6,3,6,15.49,0,10.93,0.87,3.35,18,Married,Not Dropout
1,13,3,12,1,12.0,1,9,3,1.0,12.0,1,0,0,1,1,0,30,0,0,9,11,4,9.6,1,1,7,9,5,13.22,1,13.82,3.38,-1.86,6,Single,Not Dropout
1,4,1,13,1,6.0,1,5,5,1.0,13.0,1,0,0,1,0,0,33,0,1,7,8,3,7.05,0,0,9,8,3,9.62,0,16.71,0.26,4.0,5,Single,Dropout
1,9,1,17,1,16.0,1,17,26,3.0,5.0,0,0,0,1,1,0,17,0,1,7,9,5,18.52,0,0,6,7,6,16.72,1,13.4,-1.0,-2.44,21,Single,Not Dropout
4,14,4,13,1,5.0,1,15,7,,12.0,0,0,0,1,1,0,21,0,0,7,12,3,6.23,0,0,7,9,3,8.23,0,8.24,-0.82,1.11,11,Other,Dropout
1,16,2,1,1,13.0,1,17,17,11.0,16.0,0,0,0,1,1,1,27,0,0,6,7,4,11.6,0,0,6,6,3,,0,11.21,-0.04,-1.47,17,Single,Not Dropout
1,5,0,15,1,7.0,1,1,28,14.0,12.0,0,0,1,1,1,0,17,0,0,7,8,4,10.53,1,1,7,8,2,8.51,0,13.42,1.43,-0.1,14,Single,Not Dropout
1,2,4,8,1,15.0,1,12,11,2.0,19.0,1,0,0,1,1,1,26,0,0,7,8,4,11.85,0,0,6,9,4,,0,7.0,0.77,2.7,11,Single,Not Dropout
1,14,0,1,1,13.0,1,3,2,1.0,18.0,1,0,0,1,1,1,33,0,3,7,10,4,18.61,0,0,6,4,6,14.5,0,12.31,4.0,-1.65,2,Single,Not Dropout
1,12,5,10,0,10.0,1,24,24,13.0,10.0,0,0,0,1,1,1,21,0,0,2,3,1,11.44,1,0,3,6,1,10.13,1,11.94,1.55,3.71,24,Single,Not Dropout
4,6,2,3,1,4.0,1,3,23,14.0,8.0,1,0,0,1,0,0,33,0,1,5,8,2,11.41,0,1,2,3,1,8.37,1,17.0,1.35,1.58,13,Other,Not Dropout
1,11,2,8,1,4.0,1,28,19,9.0,9.0,0,0,0,0,0,0,27,0,0,5,8,2,7.63,0,0,6,10,2,7.69,0,11.5,1.39,-3.93,23,Single,Dropout
1,4,0,9,0,16.0,1,2,27,2.0,10.0,0,0,0,1,0,0,17,0,0,4,9,2,14.16,0,1,3,2,2,12.96,0,15.35,3.03,-0.73,14,Single,Not Dropout
2,12,1,2,0,13.0,1,18,23,10.0,4.0,0,0,0,1,1,0,18,0,0,5,7,1,9.41,0,0,5,7,2,9.28,0,10.84,-1.0,0.26,20,Married,Not Dropout
1,13,5,15,1,9.0,1,10,20,13.0,19.0,0,0,0,1,1,0,30,0,0,8,9,5,10.24,1,0,9,11,5,14.56,0,13.23,2.08,0.39,15,Single,Not Dropout
2,6,3,9,1,15.0,1,4,10,5.0,11.0,1,0,0,1,0,0,17,0,0,7,9,5,11.74,0,1,9,6,6,11.66,2,12.37,-0.1,-2.08,7,Married,Not Dropout
1,8,5,17,1,13.0,1,11,2,6.0,3.0,1,0,0,1,0,0,29,0,1,8,9,3,9.09,0,0,7,9,2,11.26,1,15.93,1.65,-1.29,6,Single,Dropout
1,6,5,8,0,7.0,1,2,22,15.0,18.0,0,0,1,1,1,0,27,0,0,8,9,2,7.36,0,1,7,9,3,4.46,0,15.14,0.73,-2.61,12,Single,Dropout
3,1,0,11,1,14.0,1,21,25,5.0,19.0,0,0,0,1,0,0,25,0,0,8,12,5,12.84,0,0,6,6,5,14.17,0,10.33,1.33,3.23,23,Other,Not Dropout
1,3,2,14,1,13.0,1,26,21,2.0,11.0,0,0,1,0,0,1,20,0,0,6,6,3,10.3,0,1,6,10,3,9.46,0,7.5,1.9,-3.68,23,Single,Dropout
1,17,5,4,1,8.0,1,10,19,12.0,19.0,1,0,0,1,1,1,25,0,0,9,7,6,13.78,0,1,11,9,6,15.54,0,13.78,2.45,-3.64,14,Single,Not Dropout
5,8,2,16,0,1.0,1,13,21,1.0,19.0,0,0,0,1,0,0,33,0,1,5,6,0,2.49,1,1,4,3,0,2.31,0,15.97,1.9,-1.79,17,Other,Dropout
1,3,3,4,1,12.0,1,5,9,9.0,19.0,1,0,0,0,1,0,21,0,0,9,10,5,8.36,0,0,9,9,5,11.38,0,7.52,1.4,-1.23,7,Single,Dropout
1,1,3,17,1,6.0,1,14,4,11.0,,1,0,0,1,0,1,27,0,0,8,11,6,13.68,1,1,9,8,6,12.21,1,16.09,1.89,-1.36,9,Single,Not Dropout
1,7,4,11,1,6.0,1,28,19,2.0,2.0,0,0,0,1,1,0,35,0,2,8,9,2,4.7,0,0,8,10,2,3.81,1,9.33,1.13,-0.51,23,Single,Dropout
1,17,5,9,1,12.0,1,16,28,13.0,1.0,1,0,0,1,0,0,25,1,1,6,6,5,,0,0,7,9,7,20.0,0,15.08,1.98,2.4,22,Single,Not Dropout
1,7,5,4,1,13.0,1,26,4,16.0,11.0,1,0,0,0,1,0,20,0,0,5,5,2,11.83,0,4,5,4,3,11.09,1,11.41,2.84,-1.8,15,Single,Not Dropout
1,17,3,10,1,2.0,1,23,3,19.0,15.0,1,0,1,0,0,1,20,0,2,6,6,3,10.28,0,0,7,7,4,11.14,1,14.81,3.74,-1.25,13,Single,Dropout
1,9,3,10,1,14.0,1,4,21,6.0,16.0,0,0,0,1,1,0,17,1,0,4,3,2,11.03,0,1,3,3,2,9.71,0,12.61,2.85,1.45,12,Single,Not Dropout
1,13,2,17,1,5.0,1,2,13,7.0,13.0,1,0,0,1,0,0,17,0,0,8,7,3,8.86,0,0,8,10,2,,2,14.32,3.22,3.35,7,Single,Dropout
1,14,0,15,1,10.0,1,11,27,12.0,6.0,1,0,0,1,0,1,25,0,0,6,3,4,15.74,1,0,5,4,3,19.3,2,10.64,0.0,1.67,19,Single,Not Dropout
2,1,4,9,1,14.0,1,28,14,12.0,18.0,1,0,0,1,1,1,29,0,0,6,9,5,12.37,0,0,5,3,3,12.28,1,7.97,2.5,-4.6,21,Married,Not Dropout
1,1,0,7,1,4.0,1,5,16,12.0,12.0,0,0,0,0,0,0,20,0,0,3,4,2,10.8,0,0,3,4,1,10.59,0,14.35,1.53,0.14,10,Single,Not Dropout
2,16,4,7,1,4.0,1,2,2,6.0,13.0,1,0,0,1,0,0,29,0,2,4,9,3,11.46,0,0,4,5,3,14.0,1,14.42,0.06,2.73,2,Married,Not Dropout
1,16,2,7,0,16.0,1,28,28,2.0,5.0,0,0,0,1,0,1,28,0,1,11,9,7,13.63,0,1,12,15,6,12.34,0,10.5,0.32,-4.3,28,Single,Not Dropout
4,3,4,1,1,6.0,1,6,10,,15.0,0,0,0,1,0,0,18,0,0,5,10,1,7.78,0,2,5,11,3,8.99,0,12.63,2.74,0.02,8,Other,Not Dropout
1,11,5,1,0,16.0,1,11,13,19.0,3.0,1,0,0,1,1,0,19,0,0,8,9,3,11.55,0,0,8,8,4,11.75,0,10.06,2.57,-0.67,12,Single,Not Dropout
1,16,3,13,1,6.0,1,23,19,8.0,17.0,1,0,0,1,0,0,17,0,0,4,2,2,13.02,0,0,3,2,2,14.43,0,7.84,-0.36,4.0,21,Single,Not Dropout
2,17,3,5,1,10.0,1,3,25,9.0,17.0,1,0,0,1,0,1,27,0,0,4,1,2,14.93,0,0,4,6,3,10.42,0,12.48,1.03,0.74,14,Married,Not Dropout
1,6,2,7,1,9.0,1,5,24,12.0,13.0,1,0,0,1,0,0,23,0,0,6,6,3,2.6,0,0,7,8,2,7.6,0,13.19,-0.62,1.23,14,Single,Dropout
1,14,2,12,1,16.0,1,22,23,4.0,19.0,1,0,0,1,1,0,28,0,1,6,9,4,14.63,1,0,5,8,5,13.3,0,10.52,0.67,2.43,22,Single,Not Dropout
1,11,0,11,1,9.0,1,1,4,8.0,18.0,0,0,0,0,0,0,23,0,1,5,7,2,12.32,0,0,8,8,4,12.08,2,14.9,0.24,-5.0,2,Single,Not Dropout
1,16,0,7,1,9.0,1,21,3,9.0,2.0,1,0,0,1,0,0,17,0,0,6,6,4,,1,0,4,3,1,8.67,0,9.43,1.16,1.18,12,Single,Not Dropout
1,3,4,13,1,8.0,1,16,25,2.0,5.0,1,0,0,1,0,1,28,0,1,5,8,4,13.21,3,0,4,7,3,13.16,0,14.69,2.3,-1.6,20,Single,Not Dropout
1,11,5,3,1,7.0,1,7,27,12.0,3.0,1,0,0,0,0,1,17,0,1,8,9,4,6.94,1,1,7,8,3,10.36,0,8.61,0.09,-2.37,17,Single,Dropout
1,1,0,9,1,8.0,1,18,19,4.0,7.0,1,0,1,1,1,0,21,0,0,10,8,1,6.28,1,1,11,14,1,8.21,0,12.74,-0.22,-0.87,18,Single,Dropout
1,7,1,2,1,8.0,1,10,27,1.0,12.0,1,0,0,1,1,0,18,0,0,8,12,6,11.24,0,0,10,11,6,10.76,0,11.79,1.21,-0.49,18,Single,Not Dropout
1,1,3,10,1,13.0,1,28,10,12.0,3.0,1,0,0,1,1,0,32,0,0,4,3,3,,0,0,4,5,4,14.05,0,14.09,1.19,0.69,19,Single,Not Dropout
1,8,4,2,0,1.0,1,13,11,6.0,2.0,0,0,0,0,0,0,33,0,0,7,6,2,10.76,0,0,6,4,3,10.61,0,12.59,-0.53,1.81,12,Single,Not Dropout
1,14,4,17,1,9.0,1,22,5,,13.0,1,0,0,1,0,0,26,0,0,5,6,1,8.9,0,0,4,3,2,7.58,0,12.64,1.97,3.2,13,Single,Not Dropout
1,12,4,12,1,9.0,1,8,24,11.0,12.0,1,0,0,1,0,0,20,0,1,5,7,2,10.68,1,1,6,9,3,11.0,0,11.46,-0.06,-1.66,16,Single,Not Dropout
1,6,0,5,1,13.0,1,25,20,,7.0,0,0,1,1,0,1,33,0,0,8,8,5,11.37,0,0,7,12,3,14.12,0,12.97,3.11,-0.05,22,Single,Not Dropout
1,8,1,11,0,11.0,1,9,7,14.0,14.0,0,0,0,1,0,1,19,0,0,7,4,5,10.2,0,0,7,11,5,13.22,0,8.27,2.25,-5.0,8,Single,Not Dropout
1,7,2,6,1,7.0,1,15,29,1.0,12.0,0,0,0,1,1,0,17,0,1,7,7,3,15.29,0,0,7,11,7,13.28,0,7.0,2.95,-1.87,22,Single,Not Dropout
1,13,0,9,1,2.0,1,24,1,6.0,8.0,1,0,0,1,1,1,17,0,2,6,9,5,14.44,0,2,6,7,5,13.04,1,16.68,0.88,0.88,12,Single,Not Dropout
1,5,2,3,1,6.0,1,27,23,14.0,2.0,1,0,0,1,0,0,24,0,1,5,6,4,15.08,0,1,4,6,4,17.21,0,7.17,3.35,1.61,25,Single,Not Dropout
1,2,2,9,1,5.0,1,22,7,8.0,15.0,1,0,1,1,0,1,17,0,0,4,7,4,16.79,0,0,2,4,2,18.17,0,16.18,1.92,4.0,14,Single,Not Dropout
1,9,5,2,1,4.0,1,20,23,8.0,12.0,0,0,0,1,0,0,32,0,1,6,8,2,6.77,0,0,6,6,4,8.38,0,9.64,2.52,-0.45,21,Single,Not Dropout
1,15,1,3,1,12.0,1,21,15,5.0,3.0,0,0,0,1,0,0,20,0,0,6,6,4,7.27,0,0,7,8,4,8.07,1,15.42,2.69,-1.69,18,Single,Not Dropout
2,9,5,10,1,8.0,1,12,7,9.0,4.0,1,0,0,1,0,1,17,0,0,7,7,5,12.57,0,0,7,9,6,14.75,0,15.19,2.32,-0.27,9,Married,Not Dropout
1,4,4,9,1,13.0,1,20,2,6.0,6.0,1,0,0,1,1,1,30,0,0,8,9,2,4.84,2,0,9,8,0,6.0,0,11.21,-0.42,-0.44,11,Single,Dropout
1,1,4,5,0,3.0,1,17,19,18.0,4.0,1,0,0,1,0,0,28,0,0,6,7,4,15.58,0,0,6,8,5,12.28,0,11.23,0.76,-2.2,18,Single,Not Dropout
1,17,4,2,1,16.0,1,16,5,14.0,16.0,1,0,0,1,1,0,33,0,0,7,8,2,7.56,1,1,8,10,4,8.63,0,9.74,1.51,1.0,10,Single,Dropout
1,13,5,8,1,8.0,1,10,14,18.0,18.0,1,0,0,0,0,0,17,0,0,8,9,4,11.06,0,0,7,6,5,,0,11.62,0.13,-2.85,12,Single,Not Dropout
1,3,1,16,1,5.0,1,11,28,7.0,2.0,0,0,0,1,0,0,17,0,0,6,7,2,11.69,0,0,6,5,5,13.65,1,12.39,1.85,0.98,19,Single,Not Dropout
1,2,2,13,1,6.0,1,4,26,19.0,5.0,1,0,0,1,0,1,32,0,0,7,8,2,4.92,0,0,9,10,1,2.85,0,17.0,0.1,0.31,15,Single,Dropout
1,3,3,1,1,14.0,1,21,15,6.0,6.0,1,0,0,1,0,0,17,0,0,7,6,7,19.34,0,0,6,7,6,19.34,0,7.0,2.08,0.66,18,Single,Not Dropout
1,7,5,16,1,12.0,1,1,22,6.0,19.0,0,0,0,0,1,0,17,1,1,6,5,3,8.29,0,0,6,6,2,9.39,0,11.14,2.81,1.45,11,Single,Not Dropout
2,14,0,8,1,3.0,1,4,24,6.0,12.0,1,0,0,1,0,0,23,0,1,4,6,3,14.0,0,0,4,8,4,15.47,0,13.46,4.0,3.15,14,Married,Not Dropout
4,3,2,10,1,16.0,1,9,18,12.0,19.0,0,0,0,0,0,0,17,0,0,5,4,1,4.99,1,0,4,11,0,5.74,0,8.14,0.97,0.12,13,Other,Dropout
1,14,1,1,1,3.0,1,5,6,12.0,5.0,1,0,0,1,1,0,24,0,0,8,5,6,7.0,0,0,9,17,2,7.38,1,14.56,1.6,0.11,5,Single,Not Dropout
1,1,1,6,1,5.0,1,22,24,2.0,2.0,0,0,0,1,0,0,17,0,0,3,3,2,14.61,0,0,2,2,1,12.96,0,14.84,0.85,0.72,23,Single,Not Dropout
1,13,4,14,1,12.0,1,4,3,,10.0,1,0,0,1,1,1,31,0,1,9,11,3,10.2,0,0,10,10,4,8.76,0,13.73,2.33,-0.72,3,Single,Not Dropout
1,5,1,6,1,9.0,1,14,16,19.0,16.0,1,0,0,1,0,1,27,0,1,5,6,4,12.86,0,0,6,5,4,13.56,1,10.45,1.2,2.44,15,Single,Not Dropout
2,17,4,3,1,8.0,1,22,23,8.0,16.0,1,0,0,1,0,1,25,0,0,3,2,2,14.04,0,1,1,4,1,15.56,0,13.82,0.73,-2.8,22,Married,Not Dropout
1,9,5,2,1,15.0,1,18,17,14.0,9.0,0,0,0,1,1,0,21,0,0,5,8,3,7.47,0,1,6,5,3,9.15,1,11.16,4.0,0.92,17,Single,Not Dropout
3,5,4,16,1,13.0,1,18,11,13.0,6.0,1,0,0,1,0,1,17,0,0,2,3,2,10.2,0,0,2,4,1,13.27,0,10.53,2.45,-0.6,14,Other,Not Dropout
5,5,1,14,1,16.0,1,10,13,19.0,1.0,1,0,0,1,0,0,22,0,0,3,6,1,12.05,0,0,2,4,2,12.67,0,13.62,-0.63,1.23,11,Other,Not Dropout
1,15,0,1,1,5.0,1,14,14,13.0,9.0,1,0,0,1,0,0,17,0,0,6,7,3,,0,1,5,8,1,6.16,1,10.25,0.6,-1.68,14,Single,Dropout
1,7,2,16,1,14.0,1,23,22,9.0,11.0,1,0,0,1,0,0,35,0,0,3,5,2,,0,0,2,5,1,10.41,0,13.96,1.58,4.0,22,Single,Not Dropout
1,6,3,14,1,4.0,1,14,29,1.0,1.0,0,0,0,1,0,0,25,0,1,4,3,2,11.18,1,0,4,6,3,12.61,0,13.92,1.7,1.37,21,Single,Not Dropout
1,13,4,7,1,13.0,1,21,23,16.0,18.0,0,0,0,1,0,1,18,0,0,6,1,5,9.79,1,0,8,8,5,12.84,0,14.41,-1.0,-0.6,22,Single,Not Dropout
1,10,2,12,1,9.0,1,24,10,7.0,14.0,0,0,0,1,0,1,32,0,1,6,7,3,12.37,0,1,6,9,3,8.57,0,9.6,0.93,0.49,17,Single,Not Dropout
5,12,1,5,1,10.0,1,8,4,18.0,7.0,1,0,0,0,0,0,23,0,1,7,5,4,10.22,0,1,6,10,4,13.45,1,13.07,3.43,0.29,6,Other,Not Dropout
1,8,5,5,1,2.0,1,4,14,5.0,7.0,0,1,0,1,0,1,31,0,1,7,10,3,5.32,0,2,7,8,1,2.65,1,10.78,2.47,1.06,9,Single,Dropout
1,2,5,13,1,15.0,1,14,25,9.0,7.0,0,0,0,1,0,0,31,0,2,6,9,4,10.9,0,0,6,8,4,10.9,0,17.0,2.34,0.08,19,Single,Not Dropout
2,1,3,4,1,5.0,1,12,19,16.0,17.0,1,0,0,1,0,1,26,0,0,7,9,4,12.09,2,0,8,6,4,8.46,1,8.12,-1.0,2.46,15,Married,Not Dropout
1,1,4,7,1,10.0,1,5,10,3.0,14.0,1,0,0,1,1,0,17,0,1,8,7,7,12.72,0,1,7,7,6,14.71,0,11.92,-1.0,-5.0,7,Single,Not Dropout
1,10,5,7,1,3.0,1,23,3,6.0,2.0,0,0,0,1,0,0,20,0,0,6,7,1,6.98,0,0,3,3,2,12.34,0,11.32,1.01,-1.35,13,Single,Not Dropout
5,9,2,3,1,15.0,1,19,8,16.0,6.0,0,0,0,1,0,0,45,0,1,7,9,7,16.02,1,0,7,7,7,17.65,1,11.62,-0.02,0.14,13,Other,Not Dropout
1,13,0,15,0,6.0,1,20,21,7.0,15.0,1,0,0,1,1,0,20,0,0,2,4,1,12.99,2,0,2,6,1,11.25,1,8.21,0.54,-2.95,20,Single,Dropout
1,16,3,12,1,13.0,1,21,20,,7.0,0,0,0,1,0,1,21,0,1,6,5,2,7.93,0,0,5,5,1,8.39,0,9.58,0.4,0.94,20,Single,Not Dropout
1,3,2,15,1,13.0,1,13,14,11.0,16.0,0,0,1,1,0,0,20,0,0,9,6,6,16.91,0,0,9,10,9,16.02,0,7.93,1.38,1.93,13,Single,Not Dropout
4,17,4,9,1,9.0,1,15,10,16.0,10.0,0,0,0,1,0,0,17,0,0,5,7,3,12.91,0,0,6,7,4,11.45,2,7.83,0.53,4.0,12,Other,Not Dropout
1,16,4,3,1,2.0,1,7,6,11.0,15.0,0,0,0,1,1,0,27,0,0,7,8,4,10.98,1,0,6,8,4,14.18,0,10.65,3.33,2.01,6,Single,Not Dropout
1,11,2,5,1,5.0,1,22,29,1.0,11.0,1,0,1,1,1,0,17,0,1,7,9,4,8.52,0,1,7,7,4,10.94,0,17.0,-1.0,1.07,25,Single,Not Dropout
1,10,2,7,0,10.0,1,28,13,16.0,14.0,1,0,0,1,1,0,18,0,0,5,6,1,9.14,0,0,4,2,2,8.22,0,13.81,1.86,1.36,20,Single,Not Dropout
1,4,2,17,0,9.0,1,26,23,8.0,9.0,0,0,0,1,0,1,25,0,0,7,8,5,13.63,1,0,5,8,3,11.17,0,9.84,0.89,-0.85,24,Single,Not Dropout
3,4,3,5,1,10.0,1,12,14,8.0,5.0,0,0,0,1,0,1,21,0,0,5,6,3,7.1,0,0,5,7,3,8.26,1,11.14,1.68,-1.14,13,Other,Not Dropout
1,1,3,12,1,4.0,1,2,17,14.0,17.0,1,0,0,1,0,0,24,0,0,5,5,5,17.86,1,0,5,8,3,15.74,0,8.51,1.73,0.15,9,Single,Not Dropout
5,11,3,3,1,9.0,1,26,19,6.0,8.0,0,0,0,0,0,0,23,0,0,5,11,3,9.91,0,0,8,11,6,11.67,0,7.0,0.09,1.32,22,Other,Not Dropout
1,8,3,17,1,2.0,1,17,11,9.0,1.0,0,0,0,0,0,0,17,0,0,5,6,3,9.65,2,1,6,5,1,11.08,0,11.64,1.03,-1.81,14,Single,Not Dropout
1,4,5,11,1,8.0,1,23,28,12.0,8.0,1,0,0,1,0,1,32,0,0,4,4,2,9.58,0,0,5,7,2,9.31,0,10.96,1.97,2.01,25,Single,Not Dropout
2,3,1,8,1,2.0,1,9,14,12.0,8.0,1,0,0,0,0,0,30,0,0,5,7,3,8.07,1,0,4,4,2,7.29,0,11.05,0.29,0.8,11,Married,Dropout
1,2,1,6,1,11.0,1,25,23,14.0,5.0,1,0,0,1,0,0,17,0,0,6,8,4,12.79,0,0,7,4,5,11.49,0,10.39,2.06,0.81,24,Single,Not Dropout
1,11,4,7,1,10.0,1,25,27,2.0,17.0,1,0,1,1,0,1,26,0,1,6,7,3,9.31,0,0,7,7,2,10.06,2,10.25,2.51,-1.54,26,Single,Dropout
2,12,5,4,1,14.0,1,1,12,19.0,10.0,0,1,0,1,1,0,20,0,0,5,4,2,10.01,1,0,2,2,1,11.97,0,12.83,-0.8,0.53,6,Married,Not Dropout
1,11,3,11,1,8.0,1,17,7,12.0,8.0,1,0,0,1,0,1,30,0,0,11,9,11,19.7,0,0,12,15,12,20.0,0,8.65,-0.12,2.94,12,Single,Not Dropout
1,2,2,15,0,3.0,1,14,29,12.0,14.0,0,0,1,1,0,0,28,0,2,8,9,3,5.12,0,0,8,9,0,3.2,0,11.75,-1.0,2.14,21,Single,Dropout
5,1,2,5,1,4.0,1,20,23,17.0,13.0,1,0,0,0,0,0,31,0,0,3,4,2,10.92,0,0,2,4,1,8.82,0,7.02,3.05,0.82,21,Other,Dropout
1,2,2,13,1,14.0,1,8,23,10.0,10.0,0,0,1,1,0,0,17,0,1,7,7,2,6.83,0,0,7,9,1,4.24,1,16.48,0.16,-1.4,15,Single,Dropout
1,13,0,10,1,16.0,1,3,28,1.0,19.0,1,0,0,1,1,1,17,0,0,7,10,3,9.04,0,0,6,5,3,11.14,0,13.5,3.81,-0.73,15,Single,Not Dropout
1,13,3,14,1,1.0,1,8,1,3.0,19.0,0,0,0,1,0,1,17,0,1,12,15,6,12.33,0,0,12,11,10,8.27,1,9.82,0.75,0.02,4,Single,Not Dropout
1,6,1,14,1,11.0,1,16,28,19.0,10.0,1,0,1,1,1,0,39,0,0,7,10,1,7.7,0,0,7,9,2,5.86,1,10.61,4.0,-0.64,22,Single,Dropout
1,1,1,1,1,8.0,1,8,4,19.0,14.0,0,0,0,1,0,0,28,0,0,10,9,6,12.51,1,0,12,10,7,9.87,0,13.58,0.96,1.93,6,Single,Not Dropout
1,6,3,1,1,5.0,1,14,5,2.0,1.0,1,0,1,1,0,1,30,0,1,6,9,5,14.75,0,0,8,7,6,16.12,0,13.94,-0.5,-3.65,9,Single,Not Dropout
1,14,5,16,1,9.0,1,12,7,14.0,9.0,1,0,0,1,0,0,17,0,0,5,2,2,15.86,0,1,5,8,3,12.49,0,10.09,1.25,-1.6,9,Single,Not Dropout
1,3,1,3,1,15.0,1,21,4,13.0,9.0,1,0,0,1,0,0,27,0,0,4,5,3,16.08,1,1,5,6,3,14.6,0,10.08,0.52,0.39,12,Single,Not Dropout
1,14,5,10,1,4.0,1,12,3,4.0,8.0,1,0,0,1,0,0,17,1,0,8,11,6,14.53,0,0,10,7,8,16.37,1,9.95,0.78,-2.11,7,Single,Not Dropout
1,8,3,13,0,14.0,1,5,4,15.0,16.0,0,0,0,1,0,0,26,0,1,5,4,3,13.84,0,0,5,3,3,11.23,0,13.41,2.68,-2.16,4,Single,Not Dropout
1,3,5,9,1,2.0,1,19,15,9.0,12.0,1,0,0,1,1,0,23,0,1,5,3,0,5.39,0,0,5,8,0,3.8,2,10.79,2.25,1.56,17,Single,Dropout
1,16,2,1,1,12.0,1,7,11,5.0,9.0,0,0,0,1,1,0,21,0,0,7,8,4,12.3,0,0,8,10,4,11.71,0,12.91,1.56,-0.98,9,Single,Not Dropout
1,9,5,1,1,2.0,1,9,10,,9.0,1,0,0,1,0,0,20,0,1,6,10,2,2.92,0,0,6,6,1,2.57,0,12.53,0.74,-2.36,9,Single,Dropout
1,12,3,12,1,1.0,1,21,5,18.0,12.0,1,0,0,1,1,1,30,0,1,7,11,2,7.64,0,0,7,8,4,7.13,0,10.43,0.74,-1.2,13,Single,Dropout
2,2,4,16,1,1.0,1,8,29,5.0,5.0,0,0,0,0,1,0,20,0,0,4,7,1,6.9,0,1,4,7,1,6.55,0,8.08,2.06,-1.39,18,Married,Dropout
1,7,3,6,1,13.0,1,2,10,12.0,5.0,1,0,0,1,0,1,31,0,1,2,1,1,10.36,1,1,1,0,0,13.26,0,14.25,3.61,3.46,6,Single,Not Dropout
1,11,2,10,1,10.0,1,11,14,14.0,10.0,0,0,1,1,1,0,23,0,1,9,10,1,7.46,0,1,8,10,3,6.61,1,11.87,2.74,-2.51,12,Single,Dropout
3,11,3,16,0,12.0,1,12,5,,7.0,1,0,0,1,1,0,25,0,0,8,13,3,11.06,1,0,9,8,6,9.86,0,12.01,-0.77,1.27,8,Other,Not Dropout
1,2,5,15,1,3.0,1,20,7,13.0,13.0,0,0,0,1,0,0,26,0,0,6,9,5,14.26,0,0,6,8,4,14.85,0,11.46,2.52,2.43,13,Single,Not Dropout
1,11,4,10,1,15.0,1,21,7,14.0,18.0,0,0,0,1,0,0,26,0,0,6,4,2,10.05,0,1,7,10,1,4.87,0,8.28,0.48,-0.35,14,Single,Dropout
1,17,0,12,1,13.0,1,1,29,5.0,7.0,1,0,0,1,1,0,24,0,1,5,8,4,10.97,0,0,4,7,3,10.25,0,10.46,1.02,-2.73,15,Single,Not Dropout
1,14,4,17,0,8.0,1,22,6,2.0,11.0,0,0,0,1,0,0,36,0,0,6,6,0,1.94,1,0,7,8,0,,0,12.2,2.57,2.71,14,Single,Dropout
1,4,5,14,1,15.0,1,22,15,19.0,6.0,1,0,0,1,0,1,30,0,1,11,11,6,8.23,0,1,12,14,2,4.55,2,10.14,1.33,0.08,18,Single,Dropout
1,16,4,8,1,3.0,1,6,16,7.0,16.0,0,0,0,1,0,0,17,0,0,10,12,6,14.14,1,0,9,11,7,16.48,1,12.47,2.47,0.36,11,Single,Not Dropout
1,12,2,12,1,5.0,1,10,3,19.0,5.0,1,0,0,1,0,1,22,0,0,7,7,3,3.6,0,0,6,6,2,9.85,0,11.17,0.86,-2.13,6,Single,Not Dropout
2,1,2,6,1,1.0,1,23,11,6.0,10.0,1,0,0,1,0,1,32,0,1,3,3,1,12.23,0,0,5,3,2,10.82,0,7.92,-1.0,0.01,17,Married,Not Dropout
3,3,4,16,1,3.0,1,17,3,6.0,7.0,1,0,0,1,0,0,18,0,1,7,10,3,,0,0,7,11,2,6.72,0,7.0,0.36,-1.9,10,Other,Dropout
1,16,3,2,1,14.0,1,10,6,1.0,15.0,0,0,0,0,1,0,23,0,2,6,9,1,6.68,0,1,7,8,0,7.49,0,12.55,-1.0,-4.66,8,Single,Dropout
1,4,2,4,1,7.0,1,23,20,9.0,5.0,0,0,0,1,0,1,23,0,0,6,8,2,8.23,0,0,5,6,0,5.43,0,9.43,1.79,-2.93,21,Single,Dropout
1,2,2,6,1,,1,19,17,18.0,4.0,0,0,0,1,1,0,33,0,0,6,11,3,10.79,0,1,8,10,5,11.37,0,10.74,0.58,-3.8,18,Single,Not Dropout
6,8,2,4,1,15.0,1,15,15,18.0,15.0,0,0,0,1,0,0,17,0,0,10,11,8,6.72,0,0,10,15,4,9.99,0,9.33,0.74,0.38,15,Other,Not Dropout
1,9,0,11,1,13.0,1,1,7,6.0,11.0,0,0,0,1,0,0,18,0,0,7,9,6,14.03,1,0,7,4,4,17.07,1,14.2,0.81,-1.38,4,Single,Not Dropout
1,10,0,13,1,7.0,1,19,19,8.0,13.0,0,0,0,1,0,1,26,0,0,8,8,3,8.58,0,0,9,14,4,9.7,0,7.98,2.44,3.01,19,Single,Not Dropout
1,12,0,16,0,6.0,1,6,27,13.0,16.0,1,0,0,1,0,0,25,0,1,7,6,3,10.69,0,0,10,11,5,13.66,0,13.88,1.86,1.2,16,Single,Not Dropout
1,17,2,9,1,2.0,1,27,25,19.0,6.0,1,0,0,0,0,1,26,0,0,7,5,2,10.12,0,0,6,7,3,7.76,0,7.84,-1.0,0.58,26,Single,Dropout
1,13,3,11,1,14.0,1,6,6,12.0,5.0,0,0,0,1,1,1,25,0,0,8,11,5,16.34,0,0,8,7,4,15.55,0,12.98,-1.0,3.61,6,Single,Not Dropout
1,1,2,11,1,16.0,1,1,20,4.0,19.0,1,0,0,1,0,1,22,0,0,6,6,2,6.23,0,0,8,6,2,7.95,1,11.09,2.65,-3.06,10,Single,Dropout
1,2,5,1,1,,1,11,8,7.0,3.0,0,0,0,1,0,0,26,0,1,4,10,2,12.13,0,0,4,6,2,13.5,0,11.73,1.59,4.0,9,Single,Not Dropout
3,1,1,13,1,8.0,1,11,25,14.0,13.0,1,0,0,1,0,0,24,0,0,9,8,7,14.64,1,0,9,9,5,11.06,1,12.24,0.91,-1.95,18,Other,Not Dropout
1,7,2,1,1,14.0,1,11,14,1.0,8.0,1,0,0,1,0,0,22,0,0,4,3,2,7.04,0,1,7,7,3,7.77,0,11.04,1.24,2.65,12,Single,Dropout
1,6,1,10,1,6.0,1,27,22,12.0,3.0,0,0,0,1,1,0,23,0,3,7,9,4,10.57,0,0,9,8,5,11.67,2,13.28,1.39,-3.03,24,Single,Not Dropout
1,16,1,17,1,7.0,1,8,16,15.0,,1,0,0,1,0,0,20,0,0,10,9,4,,0,0,12,9,7,13.55,0,10.39,1.26,0.48,12,Single,Not Dropout
1,7,3,14,0,15.0,1,25,20,7.0,16.0,0,0,0,1,0,0,19,0,0,7,5,4,7.45,0,0,6,7,2,7.12,0,8.36,2.21,2.91,22,Single,Not Dropout
1,1,1,9,1,7.0,1,5,28,11.0,5.0,0,0,0,1,0,0,26,0,2,7,9,2,8.11,0,0,8,9,4,6.76,0,10.27,-0.3,1.21,16,Single,Not Dropout
1,16,1,6,0,15.0,1,18,4,14.0,15.0,0,1,0,1,0,1,17,0,0,7,4,2,6.47,1,0,7,9,0,8.86,0,10.38,0.74,0.19,11,Single,Dropout
1,5,4,15,1,3.0,1,4,27,12.0,15.0,0,0,0,1,1,1,27,0,0,8,9,8,18.65,1,1,8,9,8,19.46,1,12.1,1.1,4.0,15,Single,Not Dropout
1,16,4,15,1,8.0,1,7,15,1.0,10.0,1,0,0,1,1,0,21,0,0,9,10,2,8.98,0,0,9,10,3,11.47,0,8.53,1.44,-2.52,11,Single,Dropout
1,14,1,7,1,8.0,1,5,5,12.0,19.0,1,0,0,1,0,0,22,0,0,4,7,1,6.59,1,0,5,4,1,9.77,0,13.9,0.93,0.15,5,Single,Dropout
1,15,0,2,1,5.0,1,10,13,5.0,5.0,0,0,0,1,0,0,22,0,0,9,11,1,6.03,0,3,9,12,3,5.25,0,14.94,0.95,-2.54,11,Single,Dropout
1,14,1,10,1,16.0,1,14,2,15.0,2.0,1,0,0,0,0,1,26,0,1,6,13,2,7.59,0,0,5,5,3,5.79,0,10.74,1.92,-0.25,8,Single,Dropout
1,3,3,11,1,8.0,1,25,16,5.0,16.0,1,0,0,1,1,0,32,0,0,5,5,2,10.34,0,0,4,5,3,14.24,0,12.97,2.64,-1.98,20,Single,Not Dropout
1,11,5,16,1,15.0,1,22,14,,7.0,1,0,1,1,0,0,34,0,0,4,2,3,14.36,0,1,3,3,2,9.92,1,16.95,1.53,-0.28,18,Single,Dropout
1,8,0,16,1,4.0,1,21,12,3.0,3.0,0,0,0,1,0,0,29,0,0,7,14,4,11.97,1,1,7,10,4,14.96,1,11.92,-0.57,-1.64,16,Single,Not Dropout
1,11,0,4,1,6.0,7,15,13,17.0,19.0,0,0,1,1,0,0,23,0,0,5,6,2,13.59,0,0,6,9,5,12.12,1,8.23,0.58,-1.48,14,Single,Not Dropout
1,13,3,5,0,8.0,1,9,18,1.0,8.0,1,0,0,1,0,1,28,0,0,6,5,3,10.02,0,0,7,7,4,12.05,0,10.65,-1.0,-0.51,13,Single,Not Dropout
6,9,5,17,1,10.0,1,9,24,13.0,17.0,1,0,1,1,1,0,17,0,0,6,4,4,8.12,0,0,7,11,4,8.9,0,9.81,2.03,1.2,16,Other,Not Dropout
3,6,3,6,1,4.0,1,4,12,7.0,16.0,0,0,1,1,0,0,27,0,0,7,7,6,15.12,0,0,7,10,5,18.72,0,12.09,0.86,-1.04,8,Other,Not Dropout
1,16,5,8,1,6.0,1,20,1,4.0,6.0,1,0,0,1,1,0,25,0,2,8,7,7,11.51,1,0,9,14,7,11.04,0,14.61,2.6,-0.97,10,Single,Not Dropout
1,12,3,6,1,10.0,1,23,17,5.0,,1,0,0,1,0,0,17,0,0,8,7,3,13.04,0,0,6,10,4,12.43,0,7.0,1.64,-1.47,20,Single,Not Dropout
1,16,0,7,0,5.0,1,16,28,1.0,9.0,1,0,0,1,0,0,20,0,1,8,5,5,10.51,0,1,9,10,3,9.67,0,14.99,1.84,-0.52,22,Single,Not Dropout
1,5,2,10,1,13.0,1,17,12,3.0,12.0,0,0,0,1,1,0,25,0,1,9,9,6,14.03,0,0,10,9,7,,0,12.16,-0.62,-4.94,14,Single,Not Dropout
1,15,4,5,1,8.0,1,11,4,8.0,6.0,1,0,0,1,0,1,25,0,0,6,8,3,10.49,0,0,5,7,4,12.18,0,13.33,-0.13,-1.19,7,Single,Not Dropout
2,6,3,8,1,16.0,1,28,27,3.0,1.0,1,0,0,1,1,0,29,0,0,5,4,4,8.75,1,1,3,1,2,10.88,0,12.62,0.83,0.98,27,Married,Not Dropout
2,8,1,6,1,4.0,1,26,13,19.0,4.0,1,1,1,0,0,1,33,0,1,6,6,5,9.6,0,1,6,9,4,12.97,1,9.86,0.51,-3.4,19,Married,Not Dropout
1,15,1,2,1,14.0,1,12,11,16.0,7.0,1,0,1,1,1,0,22,0,0,5,5,4,12.62,1,0,6,8,3,12.35,1,12.75,0.77,0.55,11,Single,Not Dropout
1,7,3,14,1,8.0,1,22,9,9.0,11.0,0,0,0,1,0,1,17,0,0,4,5,2,,0,0,2,2,0,4.47,0,14.16,-0.22,2.96,15,Single,Dropout
2,5,2,16,1,2.0,1,11,22,2.0,17.0,0,0,1,0,0,0,28,0,2,6,10,3,9.07,0,0,5,6,3,11.02,0,14.69,1.96,0.3,16,Married,Dropout
1,16,3,9,1,12.0,1,4,5,19.0,4.0,0,0,0,0,1,1,31,0,0,8,9,1,8.25,1,0,8,12,2,8.36,1,14.4,0.93,-0.3,4,Single,Dropout
3,17,2,4,1,4.0,18,9,18,14.0,14.0,1,0,0,1,1,0,31,0,0,8,7,4,14.35,0,0,9,11,7,11.73,1,10.22,2.59,2.22,13,Other,Not Dropout
1,6,2,11,1,3.0,6,25,11,4.0,15.0,1,0,0,1,1,0,26,0,0,6,7,0,5.82,1,1,7,8,1,5.81,0,14.95,-0.82,0.32,18,Single,Dropout
6,6,3,10,0,9.0,1,14,12,2.0,16.0,0,0,1,0,0,0,35,0,0,8,10,4,9.9,0,3,9,9,6,9.15,0,14.25,3.24,2.48,13,Other,Dropout
1,4,0,10,1,13.0,1,26,7,12.0,16.0,1,0,0,1,1,0,21,0,0,6,5,4,10.76,0,0,6,7,3,,0,13.91,1.02,-1.06,16,Single,Not Dropout
1,1,2,11,0,5.0,1,10,24,1.0,2.0,0,0,0,1,0,1,33,0,0,2,1,1,9.14,0,0,4,7,2,7.76,0,,0.01,3.41,17,Single,Dropout
1,10,2,13,1,10.0,1,14,14,12.0,5.0,1,0,0,1,0,1,17,0,1,4,3,2,12.37,2,0,5,7,4,8.59,1,10.13,0.83,-0.07,14,Single,Not Dropout
1,5,4,1,1,1.0,1,3,27,9.0,18.0,0,0,0,1,0,0,17,0,0,7,8,4,13.03,0,1,6,5,6,16.55,0,11.88,0.01,1.48,15,Single,Not Dropout
1,15,4,2,1,3.0,1,23,25,17.0,13.0,1,0,0,1,1,1,17,0,1,3,3,2,9.37,1,0,3,5,2,9.69,0,13.74,0.82,0.31,24,Single,Not Dropout
2,3,2,2,1,13.0,1,10,23,8.0,5.0,1,0,0,1,0,1,20,0,0,4,2,3,19.14,0,0,4,3,3,10.59,0,7.75,2.66,2.32,16,Married,Not Dropout
1,11,1,3,1,1.0,1,3,14,9.0,19.0,1,0,0,1,0,1,23,0,1,4,4,2,15.94,2,0,4,5,2,16.64,1,8.55,0.74,3.7,8,Single,Not Dropout
2,9,1,17,1,6.0,1,7,28,11.0,7.0,1,0,0,1,0,1,17,0,1,6,7,2,7.59,0,0,4,1,1,7.12,0,11.78,1.35,-0.52,17,Married,Dropout
1,11,1,13,0,9.0,1,20,17,19.0,6.0,1,0,1,1,0,0,24,0,1,7,10,4,13.36,1,0,6,6,3,8.56,0,8.73,0.65,-1.75,18,Single,Not Dropout
1,2,1,12,1,2.0,1,24,13,14.0,16.0,1,0,0,1,0,0,27,0,0,3,1,2,10.88,0,0,4,4,2,12.27,1,10.52,0.87,-4.0,18,Single,Not Dropout
1,8,4,12,1,16.0,1,28,11,13.0,19.0,0,0,0,1,0,0,25,0,1,8,7,5,13.26,0,1,7,6,4,11.43,0,11.21,0.63,0.13,19,Single,Not Dropout
1,11,0,1,1,9.0,1,7,27,6.0,8.0,1,0,0,1,0,0,22,0,0,6,5,1,4.66,0,1,6,6,1,7.73,1,7.0,-0.56,0.05,17,Single,Dropout
1,6,0,4,1,6.0,1,18,8,10.0,13.0,1,0,0,1,0,0,30,0,0,4,2,1,7.62,0,0,3,6,1,6.42,1,12.1,3.72,3.08,13,Single,Dropout
1,15,3,14,1,16.0,1,14,26,4.0,13.0,1,0,0,1,1,0,18,0,0,6,2,4,16.48,0,0,3,3,2,14.02,0,11.03,1.67,0.9,20,Single,Not Dropout
1,10,1,8,1,9.0,1,21,7,8.0,5.0,1,0,0,1,0,0,22,0,0,5,7,3,13.33,1,0,5,3,3,11.66,0,7.47,3.69,-4.11,14,Single,Not Dropout
1,7,4,9,1,11.0,1,20,23,16.0,11.0,0,0,0,1,0,0,20,0,0,5,6,3,10.97,0,0,5,9,3,10.51,0,9.93,2.09,-1.15,21,Single,Not Dropout
2,1,4,13,1,2.0,1,3,9,2.0,2.0,1,0,0,1,0,0,27,0,0,4,6,2,14.19,0,2,3,3,2,12.95,0,13.47,-1.0,-0.7,6,Married,Not Dropout
1,3,4,2,1,3.0,1,5,25,4.0,17.0,0,0,0,1,1,0,20,0,0,6,8,2,4.54,0,0,5,9,1,3.91,0,10.54,1.71,-0.12,15,Single,Dropout
2,9,2,14,1,1.0,1,18,25,12.0,16.0,0,0,0,1,0,0,25,0,0,6,6,3,9.59,1,0,7,6,3,9.0,0,11.46,1.17,1.19,21,Married,Not Dropout
1,7,2,12,1,9.0,2,16,22,16.0,3.0,1,0,0,1,1,1,28,1,0,6,6,3,9.04,0,1,6,9,3,9.62,0,12.14,0.85,-1.08,19,Single,Not Dropout
1,15,2,7,1,14.0,1,26,29,19.0,12.0,1,0,0,1,0,0,20,0,0,6,9,2,9.85,0,0,7,10,2,7.9,0,7.0,0.75,1.77,27,Single,Dropout
1,14,1,9,1,15.0,1,25,15,12.0,,1,0,0,1,1,0,17,0,0,7,9,3,8.14,0,0,9,12,1,2.0,2,15.13,3.03,3.03,20,Single,Dropout
1,3,3,2,1,10.0,1,2,25,13.0,2.0,1,0,0,1,0,1,22,0,1,6,7,5,16.19,0,0,7,9,5,13.7,1,12.62,-0.37,-1.88,13,Single,Not Dropout
1,11,5,4,1,1.0,1,17,17,,13.0,1,0,0,1,0,0,18,0,2,3,2,2,10.82,0,0,4,7,1,8.59,0,12.51,0.82,4.0,17,Single,Dropout
1,8,1,5,1,11.0,1,12,2,8.0,16.0,0,0,0,1,1,0,19,0,0,6,7,4,10.6,0,1,5,6,3,11.44,0,13.11,1.86,1.7,7,Single,Not Dropout
1,2,0,15,1,11.0,1,14,13,6.0,17.0,0,0,0,1,0,0,17,0,0,5,6,3,14.6,1,0,5,6,3,12.95,0,11.22,0.29,-0.87,13,Single,Not Dropout
1,12,3,2,1,10.0,1,2,1,3.0,7.0,1,0,1,1,1,0,17,0,0,8,8,7,15.76,1,1,7,10,5,13.61,0,11.39,1.46,-1.55,1,Single,Not Dropout
1,10,2,5,1,12.0,1,25,20,8.0,18.0,0,0,0,1,0,0,28,0,1,7,8,6,11.1,1,0,6,11,5,13.31,1,17.0,2.72,1.79,22,Single,Not Dropout
1,2,4,3,1,9.0,1,5,5,5.0,11.0,0,0,0,1,0,0,17,0,1,8,10,4,11.21,1,1,8,15,4,10.56,0,7.7,2.06,2.98,5,Single,Not Dropout
2,8,5,5,1,12.0,1,28,10,12.0,8.0,1,0,0,1,0,0,30,0,0,5,7,1,7.81,0,0,5,6,1,8.24,1,13.05,-1.0,0.4,19,Married,Dropout
1,13,5,1,1,8.0,1,28,26,15.0,7.0,1,0,0,0,0,0,19,0,0,8,11,5,14.47,0,0,7,7,5,14.12,0,8.75,0.12,2.72,27,Single,Not Dropout
4,6,2,5,1,3.0,1,24,22,19.0,14.0,1,0,0,1,0,0,26,0,0,4,7,4,13.37,2,0,4,5,4,12.36,0,15.09,-0.04,3.67,23,Other,Not Dropout
2,7,5,13,1,2.0,1,4,10,17.0,8.0,1,0,0,1,0,0,21,0,0,6,9,6,18.82,2,0,5,5,5,20.0,0,11.69,2.09,3.03,7,Married,Not Dropout
4,2,0,14,1,15.0,1,12,15,7.0,8.0,1,0,0,1,0,0,27,0,0,5,5,4,15.15,0,0,5,6,4,15.91,0,7.82,0.49,3.0,13,Other,Not Dropout
2,4,2,7,0,8.0,1,1,17,18.0,8.0,1,0,0,1,1,1,21,0,0,7,10,3,8.98,0,0,7,8,3,7.18,1,,1.26,-0.25,9,Married,Not Dropout
1,17,1,13,1,6.0,1,18,11,18.0,7.0,0,0,0,1,1,0,24,0,0,9,11,6,7.22,0,0,8,10,4,9.68,0,14.24,0.42,-0.79,14,Single,Not Dropout
1,11,5,11,1,5.0,1,26,22,10.0,8.0,1,0,0,1,0,0,30,0,0,7,10,0,3.74,1,0,6,8,0,2.44,0,12.36,0.99,-0.8,24,Single,Dropout
1,3,3,16,0,1.0,1,16,5,4.0,1.0,0,0,0,1,1,1,26,0,1,4,5,2,8.93,2,1,5,7,2,7.4,0,13.77,3.71,-0.86,10,Single,Not Dropout
2,9,2,14,0,16.0,1,1,13,15.0,17.0,1,0,0,1,1,0,19,0,1,5,7,2,6.61,0,0,7,5,2,7.81,0,15.19,4.0,-1.18,7,Married,Dropout
1,4,0,4,1,2.0,1,9,8,,5.0,1,0,0,1,1,0,17,0,0,12,11,8,15.86,0,2,12,12,7,13.3,0,13.53,1.57,-2.89,8,Single,Not Dropout
1,8,4,11,0,4.0,1,5,20,7.0,9.0,1,0,0,1,1,0,22,0,2,8,10,5,15.23,0,0,8,7,6,14.77,0,10.37,-0.21,4.0,12,Single,Not Dropout
3,3,3,14,1,8.0,1,13,19,11.0,4.0,1,0,1,1,1,1,26,0,0,5,8,5,19.33,0,0,5,7,5,19.37,0,15.02,1.51,-1.42,16,Other,Not Dropout
1,11,5,6,1,6.0,1,11,24,17.0,11.0,1,0,0,1,0,1,24,0,0,8,12,8,20.0,0,0,7,4,7,20.0,0,,3.34,-0.5,17,Single,Not Dropout
1,10,2,10,1,1.0,1,25,11,19.0,6.0,1,0,0,1,0,0,18,0,1,7,8,4,11.07,0,0,8,12,6,12.91,1,10.21,1.56,-0.14,18,Single,Not Dropout
1,11,0,7,1,6.0,1,7,7,16.0,4.0,0,0,0,1,0,0,24,0,0,11,16,5,11.82,0,1,12,14,4,9.06,1,12.64,-1.0,-0.22,7,Single,Not Dropout
1,8,2,6,1,13.0,1,9,1,10.0,6.0,1,0,0,1,0,0,27,0,1,6,7,2,9.13,2,0,5,7,3,9.13,0,12.55,0.97,-0.57,5,Single,Not Dropout
1,5,3,4,1,5.0,1,7,25,2.0,18.0,1,0,0,1,0,0,31,0,1,6,8,4,8.88,0,0,6,5,2,8.38,1,11.85,-0.64,0.84,16,Single,Not Dropout
2,5,1,1,1,14.0,1,26,10,16.0,17.0,1,0,0,1,0,0,22,0,0,6,7,6,18.35,0,0,6,7,5,18.44,0,8.02,-0.13,0.79,18,Married,Not Dropout
1,4,0,13,1,6.0,1,9,22,17.0,16.0,1,0,0,1,1,0,38,0,2,6,10,0,0.0,3,0,7,5,0,1.72,0,14.6,1.02,0.87,15,Single,Dropout
1,8,4,14,1,1.0,1,29,11,9.0,4.0,1,0,0,1,0,1,32,0,0,5,6,4,16.88,0,0,6,9,5,14.41,0,13.46,0.02,-1.07,20,Single,Not Dropout
1,8,3,12,1,2.0,1,20,10,11.0,13.0,1,0,0,1,0,0,24,0,0,4,4,2,9.56,0,1,5,6,2,7.86,1,9.96,1.87,-1.16,15,Single,Dropout
1,12,2,5,0,13.0,1,9,7,17.0,16.0,1,0,0,1,0,0,25,0,0,5,8,3,8.82,0,1,6,10,3,11.66,0,12.82,2.53,2.95,8,Single,Not Dropout
1,1,3,1,1,7.0,1,18,23,3.0,13.0,1,0,0,1,1,1,31,0,0,8,8,1,2.26,0,1,8,12,0,2.28,2,12.38,-0.58,1.27,20,Single,Dropout
3,5,4,11,1,16.0,1,4,9,16.0,17.0,0,0,0,1,0,0,17,0,0,6,8,4,13.05,0,1,6,8,5,14.5,1,7.45,2.55,1.41,6,Other,Not Dropout
2,15,0,4,1,13.0,1,27,9,10.0,4.0,0,0,0,1,1,1,18,0,0,5,3,3,16.4,1,1,6,9,4,10.95,0,11.29,2.38,0.23,18,Married,Not Dropout
1,16,2,10,1,1.0,1,28,21,14.0,9.0,1,0,0,1,1,0,17,0,1,4,7,1,8.18,2,0,4,8,2,5.03,0,12.34,1.32,-0.72,24,Single,Dropout
1,16,1,17,1,5.0,1,9,16,4.0,7.0,1,0,0,1,0,0,21,0,0,8,5,8,16.64,0,1,8,6,6,12.69,1,15.8,1.65,3.03,12,Single,Not Dropout
1,6,0,1,1,12.0,1,5,22,12.0,14.0,0,0,1,0,0,0,18,0,0,9,9,8,13.26,0,0,12,13,10,13.54,0,11.75,2.05,1.64,13,Single,Not Dropout
1,3,0,10,1,2.0,1,13,4,6.0,3.0,1,0,0,1,0,0,21,0,1,5,3,3,10.18,1,1,3,4,1,8.55,1,,2.65,3.26,8,Single,Dropout
1,4,2,17,1,16.0,1,23,28,10.0,7.0,1,0,0,0,0,0,23,0,0,5,4,1,1.92,0,0,6,9,2,3.2,0,10.81,-1.0,-1.28,25,Single,Dropout
1,3,3,6,1,3.0,1,19,7,10.0,14.0,0,0,0,1,0,1,17,0,1,5,6,1,9.33,0,0,4,6,2,10.33,0,10.96,2.48,0.64,13,Single,Not Dropout
1,17,3,14,1,13.0,15,2,4,19.0,1.0,1,0,0,0,0,1,31,0,0,8,8,6,17.58,0,1,6,7,4,16.38,0,7.25,2.77,0.57,3,Single,Not Dropout
6,16,4,15,1,14.0,1,1,4,13.0,5.0,1,0,1,1,0,0,30,0,0,8,10,3,8.72,1,0,6,4,4,8.9,0,11.38,1.51,0.46,2,Other,Dropout
1,14,2,9,1,9.0,1,7,10,11.0,14.0,1,0,1,1,0,1,20,0,1,7,8,4,13.93,0,0,7,7,6,17.31,2,10.51,2.39,2.4,8,Single,Not Dropout
2,13,3,6,0,13.0,1,22,13,8.0,5.0,1,0,0,1,1,1,32,0,1,4,5,3,5.3,0,0,6,8,3,5.48,0,10.09,-1.0,-3.08,17,Married,Dropout
1,6,4,12,1,15.0,1,8,3,7.0,12.0,1,0,0,1,0,0,25,0,0,7,6,4,11.0,0,1,9,10,5,11.04,2,10.18,2.4,-5.0,5,Single,Not Dropout
3,9,3,11,1,12.0,1,26,19,13.0,8.0,1,0,1,1,0,0,30,0,0,7,9,3,,0,0,6,6,2,8.04,1,9.05,-0.48,2.35,22,Other,Dropout
1,15,5,9,0,12.0,1,9,18,17.0,9.0,0,0,0,1,1,0,17,1,0,7,8,3,12.86,0,0,6,7,4,12.53,0,9.18,2.58,0.09,13,Single,Not Dropout
1,14,1,4,1,7.0,1,26,23,11.0,7.0,1,0,0,0,0,1,21,0,1,4,6,3,11.3,0,0,4,7,2,12.64,0,11.56,3.97,2.24,24,Single,Not Dropout
3,9,4,13,0,5.0,1,27,1,13.0,18.0,1,0,0,1,0,0,27,0,0,4,7,3,17.64,0,2,4,6,3,16.74,1,13.14,3.55,-0.16,14,Other,Not Dropout
4,15,4,4,1,14.0,1,22,3,7.0,14.0,1,0,0,1,0,0,22,0,0,3,6,2,10.94,1,0,5,5,3,10.94,2,,3.41,-2.21,12,Other,Not Dropout
1,6,3,3,1,4.0,1,6,6,11.0,14.0,0,0,0,1,1,0,22,0,1,8,10,3,4.35,0,2,9,14,4,6.37,0,12.51,0.89,-0.06,6,Single,Dropout
1,8,0,2,1,7.0,1,3,13,11.0,16.0,1,0,0,1,0,0,22,1,1,8,9,6,,0,0,9,10,5,15.13,0,7.42,2.78,-0.44,8,Single,Not Dropout
1,15,3,8,1,9.0,1,6,18,13.0,9.0,1,0,0,1,0,0,25,0,1,3,6,1,12.95,1,0,3,3,2,6.76,0,12.32,0.9,-0.82,12,Single,Not Dropout
1,7,5,3,0,7.0,1,19,6,7.0,2.0,0,0,1,1,0,1,24,0,1,5,6,2,11.13,0,1,3,3,2,9.26,0,14.97,3.23,3.6,12,Single,Not Dropout
1,13,3,6,1,6.0,1,21,11,7.0,2.0,1,0,0,1,1,0,32,0,0,5,5,1,11.83,0,0,3,5,2,14.1,0,12.25,1.89,1.23,16,Single,Not Dropout
2,8,0,5,0,10.0,1,29,15,7.0,10.0,1,0,0,1,0,0,17,0,0,8,11,5,11.93,0,0,7,10,4,14.48,0,14.7,-1.0,-1.42,22,Married,Not Dropout
1,6,1,8,1,6.0,1,28,16,8.0,17.0,1,0,0,1,0,0,24,0,1,6,9,3,11.94,1,1,5,9,2,10.5,0,10.66,2.38,-0.76,22,Single,Not Dropout
1,4,3,14,0,16.0,1,9,16,6.0,10.0,0,0,0,1,1,0,27,0,0,9,10,6,13.42,0,0,7,10,3,11.59,0,10.02,-0.94,2.4,12,Single,Not Dropout
1,11,4,8,0,3.0,1,12,19,4.0,19.0,0,0,0,1,1,1,17,0,1,6,8,4,9.14,0,1,7,9,6,11.18,0,10.13,3.84,-0.61,15,Single,Not Dropout
1,9,2,10,1,7.0,1,23,22,10.0,10.0,1,0,0,1,0,0,21,0,2,4,6,4,14.08,1,0,4,3,4,13.19,0,12.87,2.37,0.9,22,Single,Not Dropout
1,7,5,3,0,14.0,1,23,25,17.0,13.0,0,0,0,0,0,0,24,0,0,5,6,3,14.2,0,0,4,7,3,13.79,1,9.15,1.02,2.29,24,Single,Not Dropout
1,13,4,2,1,8.0,1,10,28,1.0,2.0,0,0,0,0,0,0,32,0,0,5,3,0,3.74,0,2,3,5,0,1.64,0,10.74,3.69,4.0,19,Single,Dropout
1,1,1,17,1,12.0,1,1,12,,15.0,1,0,0,1,0,0,24,0,0,8,7,4,11.73,2,0,9,12,5,8.89,0,12.53,1.53,-1.17,6,Single,Not Dropout
1,2,1,11,1,11.0,1,3,10,16.0,17.0,1,0,0,1,0,0,28,0,1,10,10,3,9.33,0,0,10,12,7,14.33,1,15.0,-0.05,2.05,6,Single,Not Dropout
4,17,5,1,1,6.0,1,24,9,16.0,10.0,1,0,0,0,0,0,28,0,0,7,8,4,9.35,0,1,5,6,3,,0,9.34,1.59,0.22,16,Other,Dropout
1,12,3,10,1,12.0,18,11,11,17.0,18.0,1,0,0,1,1,0,17,0,0,5,4,2,7.94,0,0,4,5,1,5.58,0,15.22,3.64,0.52,11,Single,Dropout
2,10,5,1,1,4.0,1,21,16,7.0,5.0,0,0,0,1,0,0,23,0,0,7,4,2,9.56,1,0,9,11,4,11.47,0,15.39,1.87,0.58,18,Married,Not Dropout
1,1,5,2,1,12.0,1,24,18,2.0,10.0,1,0,0,1,0,0,20,0,0,3,4,1,11.68,0,0,4,5,3,11.81,0,8.75,-1.0,1.12,21,Single,Not Dropout
1,11,2,7,1,3.0,1,27,3,19.0,18.0,1,0,0,1,0,0,32,0,1,6,7,3,10.87,0,0,6,4,4,15.51,0,10.28,1.63,4.0,15,Single,Not Dropout
1,8,0,12,1,12.0,1,15,29,14.0,12.0,1,0,0,1,0,0,27,0,0,3,6,1,10.77,1,0,3,8,2,12.62,0,10.04,1.87,0.5,22,Single,Not Dropout
1,11,5,11,1,2.0,9,19,2,7.0,,1,0,0,1,1,0,28,0,0,7,12,2,6.97,0,0,6,5,1,2.9,0,8.93,1.4,2.39,10,Single,Dropout
1,1,3,14,1,14.0,1,6,12,17.0,8.0,0,0,0,1,0,0,26,0,0,6,4,5,16.37,0,0,6,3,4,10.58,0,,-1.0,-0.74,9,Single,Not Dropout
1,10,0,4,0,11.0,1,28,14,7.0,11.0,1,0,0,1,0,0,24,0,0,8,10,7,10.21,2,0,7,7,3,13.63,1,13.76,0.11,0.61,21,Single,Not Dropout
1,10,3,4,0,1.0,1,26,11,15.0,8.0,1,0,0,0,0,0,28,0,0,8,14,6,15.95,0,0,7,6,5,15.51,0,11.69,1.92,-4.08,18,Single,Not Dropout
1,5,0,10,0,2.0,1,12,7,19.0,13.0,0,0,0,1,1,0,23,0,1,5,3,2,5.2,0,0,6,13,2,9.32,0,11.37,3.4,-5.0,9,Single,Dropout
1,1,1,15,1,3.0,18,11,16,15.0,2.0,0,0,0,1,0,1,31,0,2,8,7,8,20.0,0,0,10,11,10,20.0,0,15.68,-0.08,4.0,13,Single,Not Dropout
1,17,2,13,1,16.0,1,22,1,13.0,10.0,1,0,0,1,1,1,17,0,0,4,7,3,9.94,0,0,4,7,3,11.46,0,10.18,0.07,2.33,11,Single,Not Dropout
1,13,2,12,0,10.0,1,13,22,4.0,18.0,1,0,0,1,0,0,29,0,0,11,12,3,6.06,0,0,12,13,7,6.05,1,11.86,-0.02,-1.52,17,Single,Dropout
1,11,3,2,1,5.0,1,22,20,18.0,2.0,0,0,0,1,0,0,21,0,0,4,6,4,20.0,0,1,2,0,2,18.47,1,11.25,2.03,1.1,21,Single,Not Dropout
1,14,5,15,1,5.0,1,3,23,9.0,9.0,1,0,0,1,0,0,27,0,1,8,10,7,14.52,0,0,9,12,8,10.45,0,9.67,2.03,1.8,13,Single,Not Dropout
1,12,2,17,1,1.0,1,8,24,12.0,13.0,0,0,0,1,1,0,17,0,0,9,11,6,11.71,0,0,9,8,5,11.12,0,9.46,2.04,1.43,16,Single,Not Dropout
1,3,4,10,1,4.0,1,23,26,12.0,2.0,0,0,0,1,0,0,25,0,0,7,9,5,,1,2,6,8,4,14.03,0,12.34,0.59,-5.0,24,Single,Not Dropout
1,8,5,6,1,14.0,1,27,5,5.0,1.0,0,0,0,1,1,0,22,0,0,4,6,3,13.85,0,0,4,2,3,17.78,0,15.7,0.33,-2.49,16,Single,Not Dropout
1,16,4,12,1,10.0,1,1,25,12.0,4.0,0,0,0,1,1,0,23,0,0,5,4,3,11.03,0,0,7,8,4,11.08,0,12.68,2.02,-0.65,13,Single,Not Dropout
1,5,1,11,1,6.0,1,23,17,8.0,5.0,0,0,0,1,0,0,17,0,0,4,7,1,4.34,0,1,5,6,2,5.78,0,8.87,3.18,-1.77,20,Single,Dropout
4,17,4,16,1,1.0,1,3,4,7.0,17.0,1,0,0,1,0,1,23,0,0,6,10,4,10.07,1,2,6,7,3,8.71,0,9.71,1.56,-0.84,3,Other,Not Dropout
1,2,1,2,1,6.0,1,26,29,17.0,3.0,0,0,0,1,1,1,24,0,1,8,11,5,13.5,0,0,10,11,9,15.56,0,12.02,1.8,-2.39,27,Single,Not Dropout
3,6,2,9,1,7.0,1,8,24,14.0,13.0,0,0,0,1,0,0,17,0,0,7,9,4,12.94,1,0,7,7,4,9.6,0,9.81,0.03,1.75,16,Other,Not Dropout
2,6,3,13,1,2.0,16,11,8,10.0,7.0,1,0,0,1,0,1,17,0,0,6,11,3,8.76,1,1,8,4,3,6.99,0,12.38,-0.35,0.39,9,Married,Not Dropout
1,11,1,6,1,,1,21,26,1.0,11.0,0,0,0,1,0,0,24,0,0,4,5,2,11.35,0,0,4,7,2,11.93,0,12.94,2.03,-1.52,23,Single,Not Dropout
1,3,0,15,1,,1,25,22,14.0,18.0,0,0,0,1,0,0,25,0,0,9,12,4,12.14,0,0,9,12,9,,0,10.59,0.64,-0.62,23,Single,Not Dropout
1,4,5,2,1,16.0,1,13,13,15.0,17.0,0,0,0,1,0,0,23,0,2,6,10,4,15.76,0,0,8,10,7,16.09,0,7.0,1.22,0.26,13,Single,Not Dropout
5,12,4,2,1,6.0,1,10,5,4.0,2.0,1,0,0,1,1,0,23,0,0,6,6,2,3.43,0,0,5,3,1,6.65,0,11.41,2.37,3.17,7,Other,Dropout
1,5,0,14,1,5.0,1,29,22,,2.0,1,0,0,1,1,0,23,0,1,7,11,2,6.09,0,0,10,10,3,7.66,0,14.1,1.91,-1.09,25,Single,Dropout
1,15,2,3,0,14.0,1,28,28,8.0,7.0,0,0,0,1,1,0,20,0,0,3,2,2,8.8,0,0,2,3,1,,1,12.58,0.41,0.77,28,Single,Not Dropout
1,15,1,8,1,6.0,1,16,6,14.0,16.0,0,0,0,1,0,1,22,0,0,6,5,3,8.15,0,0,7,6,3,10.46,0,15.57,2.24,-1.8,11,Single,Not Dropout
1,6,5,5,1,11.0,1,1,1,16.0,15.0,1,0,0,1,0,1,17,0,0,6,5,4,8.65,0,1,7,9,3,7.8,1,13.52,2.58,-2.98,1,Single,Not Dropout
1,10,5,12,0,12.0,4,29,7,14.0,12.0,1,0,0,1,1,0,19,0,0,6,3,4,9.41,0,0,5,8,2,11.29,0,10.23,3.22,3.96,18,Single,Not Dropout
1,6,4,1,1,15.0,1,18,9,18.0,17.0,0,0,0,1,1,0,23,0,0,8,8,5,13.39,0,1,6,6,4,13.55,0,10.07,0.84,-1.64,13,Single,Not Dropout
1,6,2,7,1,6.0,1,17,11,2.0,4.0,1,1,0,1,0,1,30,0,1,4,5,2,8.5,1,0,2,5,0,8.8,1,10.81,0.98,-2.76,14,Single,Dropout
2,12,0,17,1,10.0,1,4,29,7.0,14.0,0,0,0,1,1,0,22,0,1,6,6,2,9.37,0,0,6,6,2,5.89,0,10.49,-0.09,0.57,16,Married,Dropout
1,5,1,7,1,3.0,1,29,28,2.0,19.0,0,0,0,1,0,0,35,0,0,5,3,4,7.3,0,1,6,7,1,10.97,1,12.03,2.35,-1.91,28,Single,Dropout
1,3,0,11,1,13.0,1,21,20,4.0,19.0,1,0,0,1,0,0,35,0,2,6,2,2,4.79,0,0,6,7,3,6.67,0,8.52,2.48,0.79,20,Single,Dropout
1,5,4,17,1,1.0,1,7,7,8.0,14.0,0,0,0,1,0,0,23,0,2,8,7,4,10.96,0,1,7,10,4,9.15,0,9.61,1.39,-2.5,7,Single,Not Dropout
2,16,0,11,1,12.0,1,11,7,1.0,14.0,1,1,0,1,0,0,21,0,0,6,5,3,11.8,0,1,5,6,3,12.82,1,10.7,3.45,2.86,9,Married,Not Dropout
2,5,4,13,1,4.0,1,10,3,8.0,5.0,1,0,1,1,0,0,37,0,0,6,11,5,14.26,0,0,6,10,4,17.56,0,,1.75,-0.91,6,Married,Not Dropout
1,7,5,17,1,8.0,1,26,23,3.0,15.0,1,0,1,1,0,1,27,0,0,2,3,0,10.5,0,0,2,1,1,5.85,0,13.57,0.16,-0.46,24,Single,Dropout
1,11,1,11,1,,1,14,7,3.0,5.0,0,0,0,1,0,0,26,0,0,8,13,5,12.71,0,0,7,13,3,9.88,0,10.33,1.44,2.2,10,Single,Not Dropout
1,2,4,15,0,12.0,1,26,27,16.0,9.0,0,0,0,0,1,0,19,0,0,3,3,2,14.23,0,0,2,0,2,14.44,0,7.0,0.96,1.82,26,Single,Not Dropout
2,5,5,9,1,8.0,1,20,18,15.0,3.0,1,1,1,1,1,0,20,0,1,5,8,1,6.73,0,1,4,6,1,4.69,0,14.09,1.96,0.8,19,Married,Dropout
1,3,2,14,1,,1,11,15,9.0,6.0,0,0,0,1,0,0,17,0,2,5,6,4,11.8,0,0,6,6,3,13.28,0,10.82,4.0,3.74,13,Single,Not Dropout
1,16,2,11,1,6.0,1,12,27,11.0,2.0,1,0,0,1,1,0,32,0,1,2,1,1,7.73,0,0,1,0,1,12.25,0,10.92,3.34,0.86,19,Single,Not Dropout
1,16,1,6,1,1.0,1,24,5,6.0,9.0,0,0,0,1,0,0,26,0,0,7,9,5,10.63,1,1,8,10,4,9.83,1,13.51,2.85,-3.47,14,Single,Not Dropout
1,13,2,10,1,10.0,1,15,14,10.0,2.0,0,0,0,1,1,1,21,0,1,6,7,1,6.33,0,0,6,8,1,,1,14.36,-0.67,0.04,14,Single,Dropout
1,5,5,6,1,12.0,1,20,8,15.0,15.0,1,0,1,1,0,1,20,0,0,7,7,5,10.23,0,0,9,12,6,12.53,0,12.59,3.19,-0.15,14,Single,Not Dropout
1,11,3,7,1,11.0,1,4,6,10.0,13.0,1,0,0,1,0,0,17,0,0,7,5,3,6.27,0,0,7,7,0,5.05,0,11.56,2.28,-2.71,5,Single,Dropout
1,12,1,5,1,5.0,1,13,28,16.0,13.0,1,0,0,1,1,1,23,0,0,7,12,5,9.87,0,2,8,9,4,10.56,0,10.86,3.22,1.41,20,Single,Not Dropout
2,15,3,9,1,12.0,1,17,18,10.0,14.0,1,0,0,1,1,0,24,0,0,7,9,4,15.06,0,0,6,9,4,12.93,0,8.83,-1.0,-2.91,17,Married,Not Dropout
1,3,4,6,1,9.0,1,10,5,7.0,15.0,0,1,0,1,0,0,17,0,2,7,6,3,11.25,0,0,5,6,3,11.82,0,12.17,0.23,-0.54,7,Single,Not Dropout
1,13,0,11,1,4.0,1,25,4,18.0,13.0,0,0,0,1,1,0,17,0,1,8,10,6,15.39,2,0,10,10,9,18.19,1,8.45,2.19,-1.94,14,Single,Not Dropout
1,4,4,7,1,2.0,1,7,10,18.0,12.0,1,0,0,1,1,0,19,0,1,7,7,3,10.01,0,0,8,9,2,9.81,0,11.4,-1.0,1.83,8,Single,Not Dropout
5,10,1,9,1,6.0,1,25,25,5.0,4.0,1,0,0,1,1,1,30,0,0,7,11,2,5.73,0,0,5,9,2,12.38,0,16.44,3.37,-3.47,25,Other,Dropout
1,15,1,3,0,1.0,1,2,5,9.0,14.0,1,0,0,1,0,0,20,0,0,6,6,3,10.64,0,0,7,7,4,9.7,1,7.83,2.09,0.67,3,Single,Not Dropout
1,2,2,7,1,12.0,1,13,22,15.0,10.0,0,0,0,1,0,0,17,0,1,7,8,7,15.79,0,0,8,9,8,19.86,0,12.6,1.45,2.7,17,Single,Not Dropout
1,3,3,7,1,1.0,1,16,4,5.0,3.0,0,0,0,1,0,0,17,0,1,7,7,3,10.58,0,0,9,8,3,10.54,0,10.48,0.01,-2.27,10,Single,Not Dropout
1,14,5,17,1,1.0,1,8,10,15.0,10.0,1,0,1,1,0,0,33,0,0,7,9,6,15.85,0,0,6,7,6,20.0,0,9.52,0.3,0.42,9,Single,Not Dropout
1,1,1,8,1,3.0,1,16,16,18.0,7.0,1,0,0,1,0,1,21,0,0,6,7,2,9.51,1,0,6,9,3,10.96,2,10.25,-0.33,-3.44,16,Single,Not Dropout
1,12,1,1,1,6.0,1,27,4,5.0,4.0,1,0,0,1,0,0,17,0,0,10,13,4,7.6,0,1,9,7,4,10.1,0,11.79,0.9,-1.92,15,Single,Dropout
1,9,2,6,1,1.0,1,13,12,3.0,11.0,1,0,0,1,0,0,17,0,0,9,11,7,16.7,1,1,9,9,8,17.52,0,17.0,2.47,-2.07,12,Single,Not Dropout
1,6,5,13,1,11.0,1,16,8,18.0,18.0,1,0,0,1,0,0,23,0,0,5,11,3,11.8,1,0,5,8,3,10.53,0,13.64,0.73,4.0,12,Single,Not Dropout
1,15,5,3,1,3.0,1,28,2,19.0,1.0,1,0,0,1,0,1,24,0,0,6,7,3,11.09,0,0,7,7,2,12.83,1,13.12,2.49,-1.89,15,Single,Not Dropout
4,15,2,3,1,13.0,1,27,1,17.0,3.0,0,0,0,1,1,0,26,0,2,9,8,4,17.49,1,1,7,7,6,13.73,0,10.14,-0.69,-1.52,14,Other,Not Dropout
1,6,4,7,1,9.0,1,1,5,12.0,18.0,1,0,0,1,0,0,39,0,1,5,5,4,13.8,0,0,5,5,4,15.55,0,8.75,-1.0,0.39,3,Single,Not Dropout
1,1,5,7,1,2.0,1,22,22,2.0,14.0,0,0,1,1,0,0,17,0,0,4,4,2,9.24,0,0,2,4,1,7.59,0,9.58,2.85,-1.4,22,Single,Dropout
1,3,5,9,0,7.0,1,25,2,18.0,5.0,0,0,0,1,1,0,21,0,3,11,10,6,13.63,1,0,12,13,11,,0,14.74,0.28,2.2,13,Single,Not Dropout
1,2,4,1,1,3.0,1,28,15,4.0,8.0,1,0,0,0,1,0,25,0,1,5,9,2,8.46,0,1,5,8,2,8.21,0,10.17,0.98,0.13,21,Single,Not Dropout
1,17,3,13,1,16.0,18,24,1,4.0,2.0,1,0,0,0,1,1,20,0,0,3,3,1,4.6,0,1,3,3,1,5.7,0,12.14,-0.0,-0.4,12,Single,Dropout
1,11,5,4,1,10.0,1,3,7,14.0,17.0,1,0,0,1,1,0,17,0,0,5,7,3,7.09,0,0,6,7,3,10.5,0,11.62,1.58,-0.71,5,Single,Not Dropout
1,12,1,13,1,13.0,1,23,6,8.0,13.0,0,1,0,1,1,0,26,0,0,6,4,2,6.23,1,1,6,7,3,7.13,1,11.89,3.59,-2.28,14,Single,Dropout
1,4,2,10,1,6.0,1,25,10,17.0,5.0,1,0,0,1,0,1,19,0,0,8,9,4,10.55,0,0,8,10,4,10.72,1,11.23,0.12,2.53,17,Single,Not Dropout
2,15,4,4,1,3.0,1,16,22,17.0,4.0,0,0,0,1,0,1,17,0,0,6,2,4,8.88,0,0,5,3,2,9.51,0,12.83,-1.0,1.31,19,Married,Not Dropout
6,13,0,8,1,4.0,1,1,13,16.0,14.0,0,0,0,1,1,1,18,0,0,4,6,3,14.04,0,1,4,5,3,15.77,0,9.6,-0.43,3.84,7,Other,Not Dropout
1,13,3,1,1,7.0,1,6,1,16.0,11.0,1,0,0,1,0,0,32,0,1,1,1,1,,0,0,0,2,0,15.38,0,13.16,1.27,2.09,3,Single,Not Dropout
1,8,5,12,1,13.0,1,8,5,,,1,0,0,1,0,0,31,0,0,7,11,4,8.14,0,0,6,1,2,10.35,1,16.77,-0.45,-1.06,6,Single,Not Dropout
1,12,1,6,1,7.0,1,26,9,17.0,5.0,1,0,0,1,0,0,17,0,3,6,9,3,11.47,0,0,6,6,3,7.55,0,11.61,-0.02,-1.18,17,Single,Not Dropout
1,10,4,7,0,15.0,1,4,9,18.0,19.0,1,0,0,1,0,0,17,0,0,8,11,4,6.06,0,0,6,7,2,10.64,0,10.67,-1.0,3.45,6,Single,Not Dropout
1,7,2,3,0,6.0,1,22,17,6.0,,1,0,0,1,0,0,28,0,0,5,4,4,11.67,0,0,5,7,4,11.94,0,11.12,1.6,-0.35,19,Single,Not Dropout
1,11,5,7,1,4.0,1,6,11,9.0,4.0,0,0,0,0,1,0,35,0,1,6,8,1,9.8,0,1,6,10,3,9.51,0,13.49,2.25,0.06,8,Single,Not Dropout
1,6,3,7,1,8.0,1,25,22,12.0,14.0,1,0,0,1,1,0,37,0,0,5,10,3,11.17,0,0,5,11,3,11.38,0,8.41,-0.04,-0.48,23,Single,Not Dropout
1,17,0,4,1,2.0,1,1,8,17.0,11.0,1,0,0,1,0,0,17,0,0,5,4,4,16.22,0,0,2,3,2,14.25,0,14.71,0.23,-0.05,4,Single,Not Dropout
3,13,4,17,0,11.0,1,7,20,,8.0,0,0,0,1,0,1,31,0,1,7,6,5,16.19,1,0,6,8,5,17.15,1,11.82,1.47,0.57,13,Other,Not Dropout
1,13,0,5,1,2.0,1,3,3,5.0,14.0,0,0,0,1,1,0,23,1,0,5,6,2,5.75,0,0,6,7,3,8.54,0,12.48,1.95,2.76,3,Single,Not Dropout
1,13,1,4,1,11.0,1,17,29,7.0,11.0,1,0,1,1,0,1,17,0,2,3,5,2,12.95,0,0,4,7,3,15.0,0,11.27,1.3,4.0,23,Single,Not Dropout
1,8,5,10,1,7.0,1,23,29,16.0,8.0,1,0,0,1,0,0,18,0,2,9,11,4,13.72,1,0,9,10,6,13.95,0,11.53,1.34,-0.29,26,Single,Not Dropout
1,17,5,6,1,6.0,1,13,8,10.0,5.0,0,0,0,1,0,0,18,0,0,7,9,2,9.92,0,0,6,11,2,9.62,0,9.18,0.68,-0.36,10,Single,Not Dropout
1,4,0,8,1,10.0,1,16,7,5.0,14.0,1,0,0,1,0,1,26,0,0,7,8,4,14.12,1,0,7,11,6,16.74,0,9.17,2.1,0.06,11,Single,Not Dropout
5,10,2,13,1,12.0,1,19,1,14.0,11.0,1,0,0,1,1,1,17,0,1,9,9,2,4.42,0,1,9,10,0,7.34,0,8.28,1.85,1.37,10,Other,Dropout
1,2,0,2,1,,1,14,29,13.0,17.0,0,0,1,1,1,0,29,0,1,6,11,5,15.23,0,0,6,6,4,12.73,0,7.84,-0.01,-0.52,21,Single,Not Dropout
1,6,1,9,1,5.0,1,22,2,10.0,9.0,0,0,0,1,1,0,26,0,0,6,10,3,11.29,0,0,7,8,4,12.23,0,14.72,0.68,-3.24,12,Single,Not Dropout
1,10,5,1,1,13.0,1,9,1,12.0,6.0,1,0,0,1,1,0,29,0,1,4,6,2,5.72,0,0,5,5,1,4.53,0,11.12,2.0,-3.2,5,Single,Dropout
1,9,1,1,0,14.0,1,6,3,5.0,1.0,1,0,0,1,0,0,19,0,0,8,12,3,8.23,0,0,8,9,5,10.16,1,12.51,1.98,3.38,4,Single,Not Dropout
1,16,3,2,1,16.0,1,6,9,4.0,6.0,0,0,0,1,0,0,25,0,1,3,4,3,16.23,1,1,4,3,3,19.63,0,12.56,-0.23,-1.18,7,Single,Not Dropout
1,11,4,3,0,16.0,1,6,29,16.0,14.0,1,0,0,1,0,0,17,0,0,7,6,7,17.64,1,1,6,10,6,19.9,0,11.86,1.13,-2.09,17,Single,Not Dropout
2,7,5,6,1,13.0,1,2,5,13.0,6.0,0,0,0,1,0,0,27,0,2,7,10,4,8.56,0,0,7,7,1,,1,13.4,0.62,4.0,3,Married,Dropout
1,8,2,16,1,5.0,1,2,17,19.0,11.0,1,0,1,1,0,0,22,0,0,4,3,2,12.87,0,1,5,7,3,10.12,0,15.01,-1.0,1.27,9,Single,Not Dropout
1,11,4,16,1,12.0,1,2,19,18.0,5.0,0,0,0,1,1,1,22,0,0,9,14,4,8.24,0,0,11,8,5,8.6,1,11.85,3.37,-0.99,10,Single,Not Dropout
1,14,2,2,0,13.0,1,5,24,7.0,18.0,0,0,0,1,0,0,23,0,0,3,2,2,10.54,0,0,3,2,1,13.79,0,9.76,0.69,-2.54,14,Single,Not Dropout
2,5,0,17,1,5.0,1,19,21,9.0,18.0,1,0,0,1,0,0,17,0,0,4,8,4,14.78,0,0,7,12,5,14.15,0,14.63,0.07,2.83,20,Married,Not Dropout
1,10,1,11,1,14.0,1,7,29,17.0,16.0,0,0,0,1,0,0,30,0,0,6,11,3,10.77,0,1,5,7,3,7.79,0,7.76,1.13,-2.89,18,Single,Not Dropout
1,10,4,10,1,12.0,1,17,20,1.0,14.0,1,0,0,1,0,0,23,0,1,8,6,4,9.62,0,0,9,13,3,,0,13.22,0.56,-2.98,18,Single,Not Dropout
1,1,4,14,1,8.0,1,3,25,17.0,11.0,0,0,0,1,0,1,30,0,1,4,2,2,7.93,1,0,5,6,3,12.05,0,11.89,3.08,0.86,14,Single,Not Dropout
1,16,3,9,1,14.0,1,24,10,4.0,1.0,0,0,1,1,1,1,30,0,0,8,10,4,11.96,1,1,10,10,5,9.96,0,,2.8,-2.5,17,Single,Not Dropout
1,10,4,5,1,2.0,1,11,12,5.0,1.0,0,0,0,0,1,0,18,0,0,8,12,5,14.59,1,0,8,11,4,14.69,0,8.7,1.16,-2.43,11,Single,Not Dropout
1,5,4,10,1,11.0,1,13,22,10.0,9.0,1,0,0,0,0,0,21,0,0,6,9,3,10.93,0,0,7,8,5,12.43,0,13.29,2.47,0.92,17,Single,Not Dropout
1,11,2,13,1,13.0,1,20,26,14.0,15.0,0,0,0,1,0,0,17,0,0,7,6,5,14.12,0,0,7,8,5,14.16,0,10.72,1.23,0.73,23,Single,Not Dropout
1,12,1,12,1,1.0,1,29,1,7.0,3.0,0,0,1,1,1,0,30,0,0,8,12,6,11.99,1,0,8,13,7,14.84,1,10.09,-1.0,-3.37,15,Single,Not Dropout
1,16,5,3,1,7.0,1,23,13,18.0,11.0,1,0,0,1,1,0,25,0,0,9,15,5,12.94,0,0,9,13,3,10.37,0,15.53,1.22,1.27,18,Single,Not Dropout
2,1,5,16,1,9.0,1,12,24,15.0,19.0,0,0,0,1,0,1,24,0,1,5,4,3,10.65,1,1,3,7,3,12.82,0,14.17,0.41,-3.68,18,Married,Not Dropout
2,8,0,5,1,4.0,1,11,4,15.0,16.0,1,0,0,1,0,0,21,0,0,5,7,2,14.37,0,0,5,5,4,12.73,0,12.72,0.17,0.37,7,Married,Not Dropout
1,4,4,14,1,15.0,1,10,11,15.0,11.0,0,0,0,1,1,0,17,0,0,6,8,3,7.86,0,0,6,1,4,7.87,0,12.25,2.01,-2.67,10,Single,Not Dropout
1,10,0,6,1,11.0,1,3,16,1.0,11.0,0,0,0,1,0,0,31,0,1,4,5,2,8.4,1,0,4,4,2,13.18,0,9.38,4.0,0.93,9,Single,Not Dropout
1,9,5,2,1,5.0,1,10,3,16.0,2.0,1,0,0,1,1,1,35,0,0,9,8,5,14.92,0,0,8,9,7,15.4,0,9.55,0.11,0.1,6,Single,Not Dropout
2,9,3,17,1,7.0,1,23,27,12.0,1.0,1,0,0,1,1,0,31,0,3,7,6,4,,1,1,7,6,4,7.92,0,12.91,1.53,-1.21,25,Married,Not Dropout
1,17,4,11,1,2.0,1,9,11,4.0,7.0,0,0,0,1,1,0,22,0,1,6,4,4,13.85,1,0,6,6,4,14.61,0,8.5,1.32,-1.59,10,Single,Not Dropout
1,10,4,4,1,2.0,1,12,23,15.0,16.0,1,0,0,1,1,0,25,0,1,8,11,2,8.25,1,0,7,10,3,7.58,3,14.39,3.92,0.11,17,Single,Dropout
1,7,3,1,1,12.0,1,3,13,3.0,1.0,1,0,0,0,0,1,29,0,0,8,8,4,13.2,0,1,8,7,5,14.49,0,14.75,0.59,-1.33,8,Single,Not Dropout
2,2,1,3,1,16.0,1,8,12,12.0,16.0,1,0,0,1,1,0,24,0,0,8,12,5,13.2,0,0,8,7,6,13.07,0,14.27,3.59,-1.73,10,Married,Not Dropout
1,5,4,3,0,5.0,1,2,29,11.0,5.0,1,0,0,1,0,1,35,0,0,7,9,4,13.49,0,1,7,7,4,10.93,0,13.11,-1.0,-0.58,15,Single,Not Dropout
1,16,3,16,1,4.0,1,14,25,1.0,2.0,1,0,0,1,0,0,30,0,0,9,10,3,9.54,0,0,10,11,5,8.32,0,9.23,0.31,1.52,19,Single,Not Dropout
5,8,3,4,1,11.0,1,9,15,8.0,2.0,1,0,0,1,1,1,40,0,0,4,8,1,8.29,1,0,5,10,2,6.1,1,9.12,2.39,-2.97,12,Other,Dropout
1,16,1,3,1,9.0,1,29,14,3.0,13.0,0,0,0,1,0,0,24,0,2,7,8,5,15.68,1,0,6,6,4,16.39,0,14.92,-1.0,-1.37,21,Single,Not Dropout
2,10,0,15,1,3.0,1,18,23,18.0,1.0,0,0,0,0,0,0,17,0,0,9,9,3,4.53,0,0,8,12,2,9.03,0,12.51,0.8,2.51,20,Married,Dropout
1,10,3,15,1,11.0,5,11,20,16.0,10.0,0,0,0,1,1,0,23,0,1,6,9,2,7.52,0,0,7,8,2,4.3,0,13.44,-0.75,-1.0,15,Single,Dropout
1,8,2,4,0,4.0,1,16,29,19.0,18.0,1,0,0,0,1,0,21,0,0,5,5,3,12.68,0,0,4,6,3,13.31,0,14.81,-0.73,4.0,22,Single,Not Dropout
2,10,3,12,1,2.0,11,28,10,10.0,,0,0,0,1,0,0,24,0,0,6,7,2,8.32,0,0,5,8,3,9.1,0,16.85,3.6,2.49,19,Married,Not Dropout
1,2,2,10,1,8.0,1,6,4,7.0,7.0,1,0,1,1,0,0,34,0,0,6,8,4,12.16,1,0,7,13,4,11.32,0,9.42,2.6,-1.24,5,Single,Not Dropout
1,1,5,10,1,,1,8,6,19.0,17.0,0,0,0,0,1,0,20,0,0,8,9,1,7.35,0,0,7,6,1,5.45,0,14.83,1.43,-1.95,7,Single,Dropout
1,9,4,6,0,9.0,1,16,16,6.0,2.0,0,0,0,1,0,0,18,0,1,6,8,4,12.77,0,2,7,9,3,9.66,0,7.25,2.97,1.44,16,Single,Not Dropout
1,11,2,13,1,11.0,1,4,10,8.0,5.0,1,0,0,1,0,0,19,0,1,8,10,5,11.69,0,0,6,9,5,,0,10.71,1.88,4.0,7,Single,Not Dropout
1,10,4,15,1,4.0,1,16,24,3.0,4.0,0,0,0,1,0,0,36,0,1,7,8,4,2.27,0,1,7,5,1,5.09,0,8.43,2.55,-2.05,20,Single,Dropout
1,8,3,13,0,8.0,1,5,26,16.0,1.0,0,1,0,1,0,0,20,0,0,8,8,5,11.03,0,0,8,6,5,13.14,0,12.87,1.6,3.35,15,Single,Not Dropout
1,5,3,16,0,12.0,1,26,6,3.0,19.0,1,0,0,1,0,0,25,0,0,6,5,5,13.21,0,0,7,5,5,14.26,0,16.15,0.64,2.13,16,Single,Not Dropout
1,13,3,2,1,9.0,1,23,29,1.0,4.0,0,0,0,1,1,1,34,0,2,6,6,0,7.26,1,0,4,1,2,9.1,0,9.66,0.2,-1.97,26,Single,Dropout
1,11,5,12,1,4.0,1,2,19,16.0,2.0,0,0,0,0,1,0,27,0,0,4,4,3,6.9,0,1,2,2,1,13.55,3,7.07,0.87,3.15,10,Single,Not Dropout
1,1,1,17,1,16.0,1,16,8,16.0,18.0,1,0,0,1,0,0,17,0,0,2,4,1,11.94,0,0,3,5,2,14.44,0,8.97,-1.0,0.02,12,Single,Not Dropout
1,8,2,10,1,2.0,1,7,6,17.0,19.0,1,0,0,0,0,0,20,0,1,6,11,2,13.22,0,0,6,6,3,10.8,0,8.38,1.36,1.18,6,Single,Not Dropout
1,13,1,17,1,15.0,16,17,5,17.0,5.0,0,0,0,1,0,1,19,0,0,2,3,1,11.3,0,1,1,2,1,12.15,0,7.0,3.32,-0.05,11,Single,Not Dropout
2,14,3,6,1,12.0,1,16,14,3.0,8.0,0,0,0,1,0,1,17,0,0,6,10,1,7.44,0,0,6,6,2,6.27,0,12.85,0.0,-3.63,15,Married,Dropout
1,5,5,16,1,2.0,1,29,3,7.0,13.0,1,0,0,1,1,0,20,0,0,7,7,4,7.74,0,1,6,9,4,10.6,0,12.41,1.03,-1.74,16,Single,Not Dropout
1,16,3,16,1,5.0,1,6,4,15.0,9.0,1,0,0,1,0,0,17,0,0,6,7,2,7.59,1,0,5,7,2,9.16,0,9.97,-1.0,1.13,5,Single,Not Dropout
1,12,1,11,1,6.0,12,15,22,6.0,16.0,1,0,1,1,0,0,25,0,0,1,2,0,10.23,0,0,3,5,2,11.07,1,12.73,1.32,2.42,18,Single,Not Dropout
2,8,5,12,1,16.0,1,28,15,15.0,5.0,1,0,0,1,0,0,23,0,0,6,8,4,14.38,1,0,5,9,5,14.53,1,13.21,4.0,-0.96,21,Married,Not Dropout
1,11,4,9,1,9.0,1,4,16,18.0,16.0,1,0,1,1,0,1,19,0,0,7,7,2,4.5,0,0,5,6,1,8.03,0,15.6,1.44,-1.18,10,Single,Dropout
1,15,2,6,1,5.0,1,8,10,19.0,11.0,1,0,0,1,0,0,17,0,1,9,12,6,14.13,0,2,9,11,7,13.03,0,12.3,2.58,2.76,9,Single,Not Dropout
1,4,0,10,1,15.0,1,21,17,15.0,1.0,0,0,0,1,0,0,31,0,0,7,9,7,17.18,0,2,6,6,6,17.09,2,8.81,0.51,4.0,19,Single,Not Dropout
1,3,2,17,1,2.0,1,4,10,16.0,12.0,1,0,1,0,1,0,20,0,0,6,7,3,16.79,2,0,3,2,3,17.95,0,13.44,2.04,1.75,7,Single,Not Dropout
1,8,4,1,1,14.0,1,7,2,12.0,1.0,0,0,0,1,0,0,30,0,1,7,7,7,16.76,0,0,8,10,7,16.58,1,8.89,0.33,-0.36,4,Single,Not Dropout
5,2,3,4,0,14.0,1,28,17,2.0,17.0,0,0,0,1,0,0,22,0,1,10,8,6,12.06,0,0,11,12,6,13.28,0,12.4,1.49,1.4,22,Other,Not Dropout
1,15,1,9,1,7.0,1,17,3,9.0,19.0,0,0,0,1,0,1,32,0,0,6,6,4,10.65,1,0,6,7,4,10.74,0,15.8,-1.0,1.05,10,Single,Not Dropout
1,17,0,6,0,1.0,11,2,20,19.0,3.0,0,0,0,1,0,1,27,1,1,4,7,1,5.89,0,0,4,6,0,4.6,0,12.14,2.77,1.4,11,Single,Dropout
1,11,5,11,1,,1,25,27,18.0,11.0,0,0,0,1,1,1,24,0,0,5,3,3,10.79,1,0,4,5,2,12.3,1,13.39,1.89,2.17,26,Single,Not Dropout
1,17,2,7,1,16.0,1,16,20,5.0,7.0,1,0,0,0,0,0,18,0,0,5,3,4,13.2,0,0,5,6,5,14.13,0,7.6,2.2,1.21,18,Single,Not Dropout
1,2,4,12,1,7.0,1,14,17,15.0,2.0,1,0,0,1,0,0,31,0,0,4,4,1,9.25,0,0,5,2,2,7.88,0,15.01,0.6,4.0,15,Single,Dropout
1,11,2,2,1,3.0,1,29,28,6.0,13.0,1,0,0,1,1,0,22,0,1,5,4,1,10.53,0,1,2,1,0,9.21,0,7.0,1.87,0.66,28,Single,Dropout
1,8,0,6,1,5.0,1,10,7,8.0,1.0,1,0,0,1,0,0,18,0,0,11,18,7,12.31,0,0,11,12,5,14.67,1,16.03,3.25,-1.46,8,Single,Not Dropout
1,5,2,12,1,3.0,1,11,23,13.0,1.0,1,0,0,1,0,0,22,0,0,4,6,2,7.38,0,1,5,6,0,4.55,1,16.93,0.15,2.1,17,Single,Dropout
6,6,4,9,1,10.0,1,17,7,10.0,16.0,1,0,0,1,1,0,23,0,2,5,5,5,17.2,0,0,3,4,3,16.77,0,10.76,2.26,0.21,12,Other,Not Dropout
1,10,2,13,1,9.0,1,8,1,12.0,6.0,1,0,0,1,1,0,28,0,0,11,14,4,12.19,1,0,12,11,6,13.48,0,10.32,1.18,1.09,4,Single,Not Dropout
1,11,3,11,1,6.0,1,4,7,2.0,18.0,1,0,0,1,0,0,17,0,0,7,8,6,13.77,1,0,9,9,6,11.75,0,11.15,3.38,1.78,5,Single,Not Dropout
1,3,2,6,1,11.0,1,5,15,6.0,12.0,0,0,0,1,1,0,37,0,2,7,8,4,13.93,0,1,6,1,4,14.52,0,14.56,0.18,2.27,10,Single,Not Dropout
1,11,2,8,1,10.0,1,9,2,16.0,10.0,0,0,0,1,1,1,26,0,1,7,12,4,10.95,1,0,5,7,2,10.17,1,7.43,0.46,-3.53,5,Single,Not Dropout
1,16,1,17,1,1.0,1,3,9,,8.0,1,0,0,1,0,0,23,0,0,7,4,3,14.26,0,1,6,9,4,10.09,0,10.96,2.57,1.16,6,Single,Not Dropout
2,1,1,17,1,7.0,1,15,2,16.0,8.0,1,0,0,1,1,1,26,0,0,5,4,3,5.3,1,1,5,9,1,6.5,1,12.4,0.97,-1.26,8,Married,Not Dropout
1,15,1,1,1,14.0,1,29,8,19.0,5.0,1,0,0,1,1,0,17,0,1,7,9,2,,1,0,10,9,1,,0,15.67,1.89,-0.07,18,Single,Dropout
2,11,4,12,1,13.0,1,8,21,7.0,14.0,1,0,0,1,0,0,24,0,0,7,6,3,9.36,0,0,6,5,3,10.27,0,8.95,2.26,-4.68,14,Married,Not Dropout
2,6,2,9,1,14.0,1,2,5,6.0,12.0,0,0,0,1,0,1,27,0,1,3,2,3,15.71,1,0,2,5,2,17.11,0,13.05,1.5,1.7,3,Married,Not Dropout
1,13,4,1,1,16.0,7,2,8,6.0,1.0,1,0,0,1,1,0,21,0,0,5,8,4,15.04,1,0,5,8,4,15.75,0,,-1.0,1.75,5,Single,Not Dropout
1,11,1,11,1,1.0,1,5,4,11.0,7.0,1,0,0,1,1,1,26,0,1,3,3,2,12.18,0,0,3,3,1,9.2,1,14.15,2.13,2.21,4,Single,Not Dropout
1,14,1,1,1,5.0,1,17,12,5.0,18.0,0,0,0,1,1,0,28,0,0,5,7,2,10.78,0,1,5,6,3,11.83,0,13.97,0.28,0.5,14,Single,Not Dropout
1,2,5,6,1,8.0,1,14,23,8.0,10.0,1,0,0,1,0,1,19,0,0,7,8,1,6.04,0,0,5,7,0,6.18,1,9.86,-0.89,-2.06,18,Single,Dropout
3,2,5,12,1,9.0,1,12,16,4.0,5.0,0,0,0,1,0,0,30,0,1,5,7,5,11.84,0,1,4,2,4,,0,17.0,3.63,-3.51,14,Other,Not Dropout
1,11,2,14,1,13.0,1,22,6,8.0,5.0,1,0,0,1,1,0,23,0,0,6,7,4,11.42,0,0,7,9,4,12.81,0,15.45,2.83,2.11,14,Single,Not Dropout
5,6,1,8,1,12.0,1,12,10,19.0,4.0,1,0,0,1,0,0,34,0,1,1,4,0,9.56,0,1,3,6,1,11.04,0,8.67,-0.49,1.75,11,Other,Not Dropout
1,5,4,14,1,12.0,1,18,20,9.0,17.0,1,0,0,1,0,0,31,0,0,4,7,1,5.1,0,0,2,3,0,7.07,0,9.66,-1.0,0.12,19,Single,Dropout
1,8,0,15,1,3.0,1,29,14,15.0,6.0,0,0,0,1,0,0,25,0,0,4,4,1,4.47,0,0,5,9,1,1.66,0,13.46,0.87,-0.17,21,Single,Dropout
1,13,2,8,1,11.0,1,5,14,9.0,6.0,1,0,0,0,0,0,18,0,0,3,1,2,10.83,0,0,0,0,0,13.23,0,10.26,3.54,2.11,9,Single,Not Dropout
1,4,3,3,1,13.0,1,4,26,9.0,2.0,1,0,0,1,0,0,22,0,0,7,8,4,2.09,0,2,7,5,1,5.19,0,11.15,-0.18,-2.54,15,Single,Dropout
1,17,4,12,1,13.0,1,7,24,13.0,17.0,0,0,0,1,1,0,29,0,0,6,6,4,14.13,0,0,6,7,4,16.0,0,15.99,0.58,-0.83,15,Single,Not Dropout
1,8,0,1,1,10.0,1,5,8,3.0,8.0,0,0,0,1,1,0,20,0,0,8,8,5,10.91,1,0,8,6,4,15.67,0,14.49,-0.33,2.89,6,Single,Not Dropout
1,3,0,16,1,2.0,1,25,21,7.0,14.0,1,0,1,1,1,0,26,0,0,9,7,3,5.59,0,0,7,9,2,9.49,0,10.62,1.66,-3.16,23,Single,Dropout
3,2,1,7,0,3.0,1,26,23,3.0,14.0,0,0,0,1,1,0,26,0,0,9,9,6,11.91,0,0,10,13,6,10.55,0,10.93,1.05,1.71,24,Other,Not Dropout
1,15,0,13,1,12.0,1,17,27,4.0,7.0,0,0,0,1,0,1,22,0,1,7,8,2,,0,0,7,6,3,5.83,0,7.0,0.1,-2.02,22,Single,Not Dropout
1,2,3,13,1,14.0,1,4,8,14.0,10.0,0,0,0,0,0,0,18,0,0,7,7,5,13.95,0,1,6,9,5,14.26,0,12.69,-0.89,-1.15,6,Single,Not Dropout
1,8,5,9,1,14.0,1,25,22,4.0,2.0,1,0,0,1,1,1,33,0,0,7,8,7,20.0,0,0,6,8,6,20.0,0,7.0,1.53,-0.36,23,Single,Not Dropout
1,12,1,17,1,7.0,1,27,6,4.0,13.0,0,0,0,1,1,0,26,0,0,4,6,2,12.06,1,0,5,5,2,10.55,1,8.82,2.4,0.66,16,Single,Not Dropout
3,9,2,14,1,10.0,1,12,13,11.0,13.0,1,0,0,1,0,0,21,0,0,7,11,6,11.45,0,0,7,8,6,13.97,0,8.37,0.4,0.16,12,Other,Not Dropout
1,5,1,16,0,3.0,1,20,3,7.0,5.0,1,0,0,1,0,0,18,0,0,5,9,4,15.6,0,1,5,6,5,13.89,0,14.19,2.09,1.05,11,Single,Not Dropout
1,2,0,2,1,,1,18,18,3.0,4.0,1,0,0,1,0,1,28,0,0,4,4,2,7.2,0,1,5,6,1,13.05,0,12.39,1.11,1.46,18,Single,Not Dropout
1,13,4,9,1,4.0,1,16,20,19.0,8.0,1,0,0,1,0,0,23,0,0,3,3,1,12.09,0,0,2,2,1,13.24,0,13.08,4.0,-1.84,18,Single,Not Dropout
1,9,1,17,1,13.0,1,11,13,18.0,,0,0,0,1,0,1,29,0,0,2,0,1,7.52,1,0,1,1,0,5.04,0,7.88,3.11,-0.57,12,Single,Dropout
1,1,3,14,0,13.0,1,9,12,12.0,10.0,0,0,0,1,1,0,17,0,0,6,9,4,9.78,0,0,9,8,4,12.44,1,14.88,1.81,-0.55,10,Single,Not Dropout
2,4,4,8,1,1.0,1,8,8,10.0,2.0,1,0,0,1,0,1,25,0,1,5,6,3,9.62,0,0,3,2,1,8.99,0,11.6,1.31,2.12,8,Married,Not Dropout
1,10,5,2,1,15.0,1,11,23,16.0,11.0,1,0,0,1,0,0,20,0,0,5,9,5,10.17,2,0,2,2,2,17.54,0,8.22,1.36,-0.7,17,Single,Not Dropout
1,3,1,5,1,13.0,1,23,27,19.0,14.0,1,0,0,1,0,0,33,0,0,4,5,2,6.81,0,0,3,6,2,10.45,1,10.43,1.21,-2.7,25,Single,Dropout
1,7,3,10,1,7.0,1,24,4,2.0,4.0,0,0,0,1,1,0,25,0,0,5,5,2,6.23,0,1,5,2,1,8.5,0,16.09,1.06,-0.96,14,Single,Dropout
1,3,5,11,1,,1,4,8,2.0,9.0,1,0,0,1,0,0,17,0,0,4,5,2,6.05,0,2,5,6,3,10.36,0,9.6,-1.0,2.18,6,Single,Dropout
4,14,2,16,1,2.0,1,2,18,7.0,16.0,0,0,0,1,0,0,29,0,0,6,7,5,13.38,2,0,5,9,5,13.62,0,12.41,3.64,0.8,10,Other,Not Dropout
1,11,0,2,1,15.0,1,14,11,6.0,7.0,1,0,0,1,0,1,30,0,0,8,8,3,13.05,1,0,9,5,5,13.56,2,11.67,-0.45,1.01,12,Single,Not Dropout
1,14,1,7,1,2.0,1,23,1,18.0,2.0,0,0,0,1,1,0,21,0,0,5,6,1,6.86,0,0,4,6,1,6.09,0,9.74,3.06,-2.32,12,Single,Dropout
1,1,4,5,1,15.0,1,17,1,10.0,18.0,0,0,1,1,1,0,18,0,0,8,7,4,15.56,0,2,9,9,5,15.75,0,12.99,-0.37,2.93,9,Single,Not Dropout
1,7,4,17,1,11.0,1,25,7,16.0,2.0,1,0,0,1,0,0,17,0,1,5,9,1,6.79,0,0,6,7,1,2.43,0,12.76,0.6,1.13,16,Single,Dropout
6,5,1,3,1,15.0,1,21,29,13.0,2.0,0,0,0,1,1,1,30,0,0,3,1,2,6.85,0,0,2,3,1,8.93,0,11.18,1.33,0.86,25,Other,Not Dropout
1,11,1,4,1,6.0,1,21,18,14.0,5.0,0,0,0,1,0,0,17,0,0,9,12,5,12.11,0,0,10,13,6,9.9,0,11.07,1.34,-0.72,19,Single,Not Dropout
1,14,1,6,1,15.0,1,16,8,19.0,15.0,1,0,1,1,0,0,23,0,0,3,3,1,7.99,0,0,2,2,1,5.48,0,8.97,-0.93,3.12,12,Single,Dropout
1,4,1,2,1,7.0,1,2,2,12.0,13.0,1,0,0,1,1,0,17,0,1,5,0,1,6.3,0,0,5,5,2,3.75,0,7.34,2.39,-3.05,2,Single,Dropout
1,14,4,11,1,6.0,1,6,22,15.0,5.0,0,0,1,1,0,0,34,0,1,8,5,4,14.79,2,0,8,8,7,15.73,0,13.72,0.41,-3.29,14,Single,Not Dropout
1,10,5,9,1,6.0,1,22,11,6.0,2.0,1,0,0,1,1,0,31,0,2,9,10,5,13.79,0,0,9,11,6,14.28,1,9.76,1.99,-1.28,16,Single,Not Dropout
1,15,0,10,1,16.0,1,9,12,5.0,19.0,0,0,0,1,0,0,25,0,1,6,6,3,11.65,1,0,6,6,3,12.32,1,12.73,3.89,-0.69,10,Single,Not Dropout
1,2,4,16,1,8.0,1,21,17,12.0,1.0,1,0,0,1,1,0,29,0,1,5,7,1,10.75,0,0,5,6,3,15.62,1,12.36,1.15,0.01,19,Single,Not Dropout
1,17,4,8,1,8.0,1,10,7,18.0,18.0,0,0,0,1,0,0,22,0,0,10,10,4,3.81,0,0,6,9,2,6.06,1,11.79,1.5,0.76,8,Single,Dropout
1,8,3,6,1,11.0,1,1,22,1.0,9.0,0,0,0,1,0,0,18,0,0,8,10,5,10.94,0,0,8,9,5,15.04,0,,-0.39,2.17,11,Single,Not Dropout
1,5,5,7,1,9.0,1,20,10,10.0,4.0,1,0,0,1,0,0,17,0,1,8,9,5,7.56,0,1,6,5,4,12.92,1,8.06,1.25,0.1,15,Single,Not Dropout
1,4,0,14,1,9.0,1,26,21,4.0,7.0,1,0,0,1,1,0,28,0,1,7,9,5,11.49,0,0,6,2,4,11.56,0,10.84,-0.47,-0.97,23,Single,Not Dropout
1,17,4,9,1,7.0,1,13,16,17.0,6.0,0,0,0,1,1,1,17,0,0,7,10,4,13.16,0,1,8,12,5,12.54,0,11.41,0.95,-0.49,14,Single,Not Dropout
2,16,0,3,1,3.0,1,4,5,10.0,3.0,1,0,1,1,1,0,38,0,0,7,9,5,15.87,1,1,8,10,6,15.5,0,12.91,1.67,1.64,4,Married,Not Dropout
1,3,5,12,1,16.0,1,13,19,1.0,9.0,1,0,0,1,1,0,17,0,1,6,6,3,9.36,0,0,8,7,6,,2,11.19,-0.55,-1.1,16,Single,Not Dropout
1,8,2,13,1,8.0,1,28,3,1.0,13.0,0,0,0,1,0,1,29,0,1,3,7,2,10.93,0,1,3,4,1,11.65,0,9.52,-0.08,-0.19,15,Single,Not Dropout
1,13,0,5,1,16.0,1,10,21,13.0,9.0,1,0,0,1,0,0,31,0,0,4,5,1,5.81,0,0,3,8,1,7.27,0,7.81,2.09,-1.08,15,Single,Dropout
1,11,4,10,1,8.0,1,3,11,5.0,13.0,0,0,1,1,0,1,17,0,0,8,8,6,13.45,0,0,6,5,4,12.21,0,10.67,0.85,1.22,7,Single,Not Dropout
1,4,4,10,1,10.0,1,23,20,1.0,,1,0,0,1,1,0,20,0,0,8,8,2,6.57,0,0,9,12,2,6.61,1,8.35,0.85,1.3,21,Single,Not Dropout
1,7,2,3,1,9.0,1,7,7,3.0,3.0,0,0,0,1,0,0,22,0,0,7,9,2,8.14,0,0,6,10,3,9.86,0,13.53,3.09,2.08,7,Single,Not Dropout
2,7,1,1,1,16.0,1,2,12,3.0,15.0,0,0,0,1,0,0,44,0,2,4,7,1,8.31,1,0,3,3,2,9.81,0,7.88,-0.44,-0.23,7,Married,Not Dropout
1,5,0,13,1,2.0,1,21,9,7.0,5.0,1,0,0,1,0,0,22,1,0,7,9,1,8.49,0,2,7,6,2,9.28,0,12.06,-0.69,-0.07,15,Single,Dropout
1,17,5,11,1,9.0,1,10,8,14.0,1.0,1,0,0,0,0,1,17,0,0,7,9,4,7.83,0,1,8,9,4,10.92,0,15.5,1.6,-2.29,9,Single,Not Dropout
1,4,1,13,1,3.0,1,4,10,17.0,7.0,1,0,1,1,0,0,26,0,0,3,3,2,14.14,0,0,3,3,2,10.34,0,14.67,4.0,-3.35,7,Single,Not Dropout
1,13,5,7,1,14.0,1,2,2,11.0,8.0,0,0,0,1,0,0,17,0,0,9,12,3,8.83,1,1,9,11,3,7.27,0,12.23,1.98,-0.77,2,Single,Dropout
1,16,3,9,1,9.0,1,6,12,19.0,19.0,1,0,0,1,1,0,23,0,0,8,9,6,8.54,2,2,7,7,3,12.19,0,11.1,1.09,-0.47,9,Single,Not Dropout
2,14,4,17,1,15.0,1,5,4,16.0,7.0,1,0,0,1,0,1,20,0,1,4,4,2,12.04,0,2,4,4,2,,0,13.72,1.59,-0.35,4,Married,Not Dropout
1,14,4,4,1,5.0,1,1,16,4.0,15.0,0,0,0,1,0,0,26,0,0,6,3,1,1.63,0,0,4,6,0,0.01,0,15.92,0.61,2.15,8,Single,Dropout
1,3,5,12,1,3.0,1,11,3,14.0,,0,0,0,1,0,0,20,0,1,6,8,6,19.43,0,1,4,1,4,18.4,0,8.97,2.88,-2.66,7,Single,Not Dropout
1,3,0,3,1,11.0,1,24,1,5.0,7.0,1,0,0,1,0,0,19,0,0,9,9,5,11.66,0,1,8,10,4,11.22,0,7.86,0.02,-3.32,12,Single,Not Dropout
1,14,5,2,1,3.0,1,12,13,19.0,4.0,0,0,0,0,1,0,29,0,1,5,4,2,9.45,1,1,4,4,1,,0,8.77,0.72,-3.59,12,Single,Dropout
2,13,0,17,1,6.0,1,2,9,17.0,19.0,0,0,0,1,0,0,25,0,0,4,2,1,11.89,1,0,3,4,2,11.89,0,10.19,3.38,-0.85,5,Married,Not Dropout
1,13,5,3,1,6.0,1,26,26,2.0,9.0,1,0,0,1,0,0,23,0,1,6,9,3,10.24,0,0,7,5,4,7.21,0,10.87,1.36,3.32,26,Single,Not Dropout
1,8,1,12,0,4.0,1,19,8,4.0,9.0,0,0,0,1,0,0,17,0,1,4,5,2,11.71,1,1,6,11,3,9.87,0,16.05,2.24,2.55,13,Single,Not Dropout
1,9,5,9,1,3.0,1,28,12,9.0,14.0,0,0,0,1,1,0,27,0,0,8,10,5,11.15,1,0,7,8,1,9.2,0,12.0,-0.13,2.2,20,Single,Not Dropout
1,1,0,14,1,11.0,1,17,7,15.0,8.0,0,0,0,1,0,0,20,0,1,6,7,4,14.67,1,0,6,9,4,15.14,0,10.33,0.26,-1.16,12,Single,Not Dropout
1,5,2,10,1,13.0,1,14,26,11.0,11.0,0,0,0,1,0,0,25,0,1,4,5,4,15.63,0,1,3,2,3,20.0,0,15.86,1.24,-2.46,20,Single,Not Dropout
1,9,3,12,0,7.0,1,15,23,2.0,18.0,1,0,0,1,0,0,17,1,0,5,6,3,12.52,1,0,4,4,2,,2,11.12,1.43,0.97,19,Single,Not Dropout
1,3,5,16,1,5.0,1,1,5,12.0,1.0,0,0,0,0,0,0,25,0,0,5,4,3,12.51,0,0,6,7,4,15.43,1,13.82,0.75,3.6,3,Single,Not Dropout
4,3,0,15,0,3.0,1,11,8,13.0,14.0,0,0,0,1,1,0,24,0,1,6,9,2,8.71,0,0,7,8,3,4.52,0,9.09,-0.81,-0.38,9,Other,Not Dropout
1,1,0,13,1,11.0,1,13,6,18.0,8.0,1,0,0,1,0,0,22,1,0,3,2,2,16.3,0,3,4,6,3,15.65,0,14.76,1.67,-1.75,9,Single,Not Dropout
1,4,3,3,0,13.0,1,9,5,6.0,11.0,1,0,0,1,1,0,18,0,3,4,4,1,7.2,0,0,4,5,1,7.51,0,10.96,1.35,-1.02,7,Single,Not Dropout
1,17,0,3,1,9.0,1,25,7,1.0,18.0,0,0,0,1,1,0,30,0,0,7,9,4,,0,0,5,6,2,10.77,0,10.76,2.64,-0.8,16,Single,Not Dropout
1,12,4,9,1,7.0,1,28,25,,12.0,1,0,0,0,0,0,19,0,0,9,12,4,6.99,1,0,7,8,4,9.91,1,7.0,-1.0,3.73,26,Single,Dropout
2,17,0,12,1,11.0,1,14,14,14.0,8.0,1,0,0,1,0,0,28,0,0,5,5,2,7.52,0,0,3,4,2,7.14,1,9.96,-0.36,-0.19,14,Married,Dropout
1,5,5,12,1,15.0,1,23,12,10.0,19.0,1,0,0,1,0,0,29,0,0,6,9,2,9.02,0,1,7,7,5,11.55,1,8.03,0.19,2.41,17,Single,Not Dropout
1,11,3,14,0,16.0,1,7,6,14.0,12.0,1,0,0,1,1,1,18,0,0,10,12,4,5.71,0,0,9,9,3,7.84,0,11.98,-1.0,1.41,6,Single,Not Dropout
2,16,5,2,1,4.0,1,27,6,4.0,3.0,1,0,0,1,0,0,27,0,0,7,8,6,15.63,0,1,7,10,5,14.67,0,8.91,1.9,1.24,16,Married,Not Dropout
1,6,0,3,1,8.0,1,21,17,3.0,2.0,1,0,0,1,0,0,20,0,0,3,4,1,6.64,0,0,5,4,2,6.46,1,7.13,0.33,2.55,19,Single,Dropout
1,12,1,3,1,15.0,1,22,22,8.0,7.0,1,0,0,0,0,0,27,0,1,7,8,3,11.82,0,0,6,5,3,9.63,0,,0.39,2.71,22,Single,Dropout
4,12,2,10,1,11.0,1,18,17,17.0,14.0,1,0,0,1,0,0,17,0,2,7,8,2,8.34,0,1,7,8,2,9.92,0,9.55,1.18,-0.51,17,Other,Dropout
1,15,0,11,1,14.0,1,25,20,10.0,8.0,0,0,0,1,0,0,22,0,0,5,8,2,7.2,0,0,5,7,1,8.38,0,9.42,-0.5,-2.33,22,Single,Dropout
1,17,0,2,1,16.0,1,16,8,13.0,4.0,0,0,0,1,1,0,23,1,0,4,6,3,,0,0,2,10,1,10.53,0,17.0,0.61,-0.47,12,Single,Not Dropout
3,11,1,15,0,2.0,1,28,28,19.0,19.0,1,0,0,0,0,0,23,0,0,8,8,6,11.6,2,0,9,9,6,10.28,1,9.81,2.38,-0.85,28,Other,Not Dropout
2,10,4,6,0,10.0,1,20,24,6.0,4.0,1,0,0,0,1,0,25,0,1,1,1,1,17.39,0,0,2,3,2,18.46,0,14.07,-1.0,2.89,22,Married,Not Dropout
1,15,4,12,1,9.0,1,14,26,10.0,2.0,1,0,0,0,0,0,18,0,1,5,6,4,16.14,0,1,6,6,6,15.04,0,8.36,-0.03,0.94,20,Single,Not Dropout
1,12,0,13,1,5.0,1,7,20,14.0,8.0,1,0,0,1,0,0,20,0,0,6,6,4,14.49,0,1,7,8,3,10.15,1,12.26,1.69,-3.45,13,Single,Not Dropout
1,7,0,1,0,11.0,1,27,21,3.0,3.0,0,0,0,1,0,0,27,0,2,5,2,3,10.4,0,0,5,7,3,9.84,0,13.05,3.67,-1.64,24,Single,Not Dropout
2,11,3,15,1,2.0,1,2,3,8.0,12.0,0,0,0,1,0,1,21,0,0,6,9,4,13.26,1,1,6,5,3,10.09,0,7.0,2.36,-1.08,2,Married,Not Dropout
1,10,2,17,1,,1,2,5,11.0,9.0,1,0,1,1,0,0,20,0,0,4,5,0,6.83,1,1,5,7,1,9.47,0,8.03,1.3,1.73,3,Single,Dropout
1,4,4,17,1,7.0,1,1,4,6.0,18.0,0,0,1,1,0,0,18,0,1,7,8,2,5.59,1,0,8,7,1,2.71,0,,3.52,-1.09,2,Single,Dropout
1,9,1,3,1,7.0,1,4,15,5.0,4.0,0,0,0,1,0,0,20,0,0,12,16,3,8.98,0,0,12,12,6,5.52,0,10.39,-0.06,2.28,9,Single,Not Dropout
4,11,2,7,1,10.0,1,8,18,9.0,6.0,1,0,0,1,1,0,17,0,0,5,5,4,13.51,0,1,4,7,4,15.35,0,11.68,2.63,-2.4,13,Other,Not Dropout
2,16,1,4,1,16.0,1,15,4,17.0,14.0,0,0,0,1,0,0,27,0,0,7,9,3,12.78,0,0,4,4,2,10.91,0,14.28,1.92,-4.08,9,Married,Not Dropout
1,10,1,8,1,16.0,1,9,22,8.0,14.0,1,0,0,1,1,0,20,0,0,7,8,5,13.6,0,0,9,10,5,,1,14.88,2.49,0.38,15,Single,Not Dropout
1,3,4,17,1,,1,14,16,16.0,7.0,0,0,0,1,0,0,17,0,0,7,9,4,13.4,0,0,9,12,5,12.54,0,9.86,4.0,-3.82,15,Single,Not Dropout
4,17,2,13,1,6.0,1,13,18,13.0,18.0,1,0,0,1,0,1,22,0,0,5,5,1,10.18,0,0,4,9,2,10.83,0,11.43,0.25,-0.52,15,Other,Not Dropout
3,10,3,14,1,16.0,1,13,27,3.0,17.0,1,0,0,1,0,0,17,0,1,6,9,2,8.2,0,0,7,10,4,9.33,0,10.12,0.73,0.41,20,Other,Not Dropout
1,5,0,8,1,16.0,1,2,17,18.0,12.0,1,0,0,1,1,1,18,0,2,7,12,7,18.62,0,0,4,5,4,19.24,0,10.97,1.03,2.22,9,Single,Not Dropout
1,13,3,16,0,14.0,1,16,1,12.0,15.0,1,0,0,1,1,0,31,0,0,8,7,6,,2,1,9,8,6,13.81,0,9.84,2.8,1.62,8,Single,Not Dropout
1,7,2,16,1,14.0,1,9,23,11.0,11.0,1,0,0,1,1,1,17,0,0,8,11,3,7.45,0,0,8,7,4,3.13,0,10.38,-0.81,-2.49,16,Single,Dropout
1,7,5,14,1,14.0,1,16,26,14.0,9.0,0,0,1,1,1,1,22,0,1,9,10,0,7.21,0,0,8,7,2,5.89,2,,2.75,-2.19,21,Single,Dropout
1,15,2,14,0,,1,2,3,1.0,11.0,1,0,0,1,0,0,36,0,2,5,7,4,11.07,0,0,7,7,6,14.63,0,10.12,-1.0,-2.66,2,Single,Not Dropout
1,15,0,12,1,12.0,1,26,16,5.0,17.0,0,0,0,1,1,0,24,0,1,7,9,5,6.06,0,1,7,8,2,7.19,0,7.0,1.77,-1.23,21,Single,Not Dropout
1,9,4,2,1,11.0,1,21,14,16.0,1.0,1,0,0,1,0,0,20,0,1,6,4,2,10.29,0,0,7,8,3,12.53,0,10.8,-0.28,2.8,17,Single,Not Dropout
2,7,0,5,1,11.0,1,11,5,12.0,2.0,0,0,0,1,0,0,17,0,1,8,7,2,2.49,0,0,10,10,1,2.55,0,7.0,0.76,4.0,8,Married,Dropout
1,15,5,14,1,7.0,1,11,9,8.0,10.0,1,0,0,1,0,0,24,0,2,3,4,1,8.42,0,1,3,5,2,11.12,0,12.35,0.55,0.55,10,Single,Dropout
1,3,2,6,0,,1,10,25,9.0,12.0,1,0,1,1,0,0,18,0,0,8,11,6,12.61,0,1,9,11,5,15.05,0,10.99,1.51,-0.31,17,Single,Not Dropout
1,13,4,3,1,11.0,1,29,12,12.0,4.0,1,0,1,1,0,0,26,0,0,7,7,5,12.37,0,0,7,8,3,8.9,0,16.98,1.41,-0.68,20,Single,Dropout
1,10,3,17,1,10.0,1,21,16,10.0,12.0,1,0,1,1,0,0,19,0,0,8,10,2,9.09,0,0,8,10,2,5.43,0,14.08,3.09,-1.54,18,Single,Dropout
1,15,2,9,1,12.0,13,14,23,9.0,,1,0,0,1,0,0,25,0,0,6,7,2,8.87,2,1,5,12,2,9.25,0,7.0,-0.57,-4.1,18,Single,Not Dropout
1,8,3,15,1,2.0,1,19,13,11.0,5.0,0,0,0,0,0,0,32,0,0,6,7,3,8.02,0,0,6,8,3,10.05,0,,1.27,2.73,16,Single,Not Dropout
1,15,1,5,1,15.0,1,2,26,6.0,9.0,1,0,0,1,1,0,27,0,0,5,6,5,8.96,0,0,5,8,3,12.7,0,10.66,1.5,0.99,14,Single,Not Dropout
1,1,0,7,1,,1,25,15,11.0,1.0,1,0,0,1,0,0,17,0,0,6,5,2,3.9,0,0,6,9,1,7.36,1,12.12,0.67,-0.63,20,Single,Dropout
3,13,4,6,1,16.0,1,18,29,14.0,13.0,1,0,0,1,0,0,24,0,0,3,4,2,13.39,0,1,4,4,3,13.94,0,13.88,1.27,0.94,23,Other,Not Dropout
1,2,5,7,0,2.0,1,9,5,14.0,11.0,0,0,0,1,1,0,29,0,0,6,6,3,9.26,1,1,6,9,3,9.57,0,12.96,0.83,0.78,7,Single,Not Dropout
3,11,5,8,1,4.0,1,21,26,12.0,11.0,1,0,0,1,1,0,17,0,2,5,6,4,,1,1,4,4,2,10.8,1,12.83,3.35,2.2,23,Other,Not Dropout
3,4,1,6,1,16.0,1,1,4,9.0,10.0,1,0,0,1,0,0,33,0,0,6,6,2,7.74,0,2,7,6,2,8.86,0,10.15,2.27,0.71,2,Other,Dropout
2,17,2,14,1,12.0,1,15,24,13.0,14.0,1,0,1,1,0,0,24,0,1,5,10,4,13.14,0,0,4,7,4,13.75,0,10.54,1.95,-0.29,19,Married,Not Dropout
1,14,2,6,1,11.0,1,28,20,14.0,13.0,0,0,0,1,0,1,26,0,0,7,5,4,12.91,0,1,7,12,6,15.86,1,12.33,4.0,0.16,24,Single,Not Dropout
1,2,4,8,1,7.0,1,23,17,6.0,13.0,0,0,0,0,1,0,21,0,1,6,4,3,12.46,0,0,6,6,3,7.34,1,12.32,0.94,-1.64,20,Single,Not Dropout
1,16,3,15,1,9.0,1,2,26,10.0,5.0,1,0,0,1,0,1,23,0,1,3,5,2,10.87,0,1,4,6,2,10.32,0,12.67,2.27,-2.09,14,Single,Not Dropout
1,5,4,8,1,9.0,1,18,19,13.0,14.0,1,0,0,0,1,0,18,0,1,6,9,6,16.39,0,0,6,4,6,17.57,1,,0.24,1.71,18,Single,Not Dropout
1,10,5,1,1,4.0,1,20,21,13.0,,1,0,1,1,0,0,32,0,0,8,12,6,13.51,0,1,9,14,7,14.51,1,11.32,1.12,4.0,20,Single,Not Dropout
4,2,2,1,1,10.0,1,16,22,10.0,1.0,1,0,0,1,1,0,34,0,0,8,8,6,14.55,1,0,8,8,8,18.08,0,14.0,0.73,-1.9,19,Other,Not Dropout
1,2,3,8,1,9.0,1,10,25,5.0,19.0,0,0,0,1,1,0,36,0,0,5,6,3,14.26,1,0,8,10,6,,1,9.91,1.29,-3.36,17,Single,Not Dropout
2,5,3,12,1,6.0,1,20,7,18.0,4.0,0,0,1,0,0,0,17,0,0,4,6,2,7.28,0,1,4,5,2,5.24,0,12.78,2.24,-3.14,13,Married,Dropout
1,10,5,17,1,6.0,1,13,25,11.0,3.0,1,0,0,1,0,1,25,0,1,8,12,6,12.59,0,0,7,8,6,11.65,1,9.16,1.15,-1.15,19,Single,Not Dropout
1,10,2,3,1,13.0,1,28,18,11.0,6.0,0,0,0,1,0,1,26,0,1,7,5,6,15.03,1,0,8,6,7,15.39,3,11.32,1.66,-1.52,23,Single,Not Dropout
1,15,1,10,1,11.0,1,25,1,9.0,19.0,1,0,1,1,0,0,19,0,0,5,6,3,15.14,0,0,4,3,3,14.47,0,13.1,0.29,1.87,13,Single,Not Dropout
1,3,2,5,1,8.0,1,27,27,15.0,17.0,0,0,0,1,1,0,25,0,0,5,7,1,7.24,1,0,6,7,2,5.95,0,13.61,-0.42,2.44,27,Single,Dropout
1,13,3,8,1,10.0,18,13,23,6.0,14.0,0,0,0,1,1,0,17,0,2,6,6,3,9.18,0,0,5,7,3,7.35,0,9.21,0.93,3.6,18,Single,Not Dropout
1,1,5,8,1,4.0,1,20,26,18.0,4.0,0,0,0,1,0,0,32,0,1,8,10,7,13.17,0,1,8,11,4,11.93,2,7.0,0.13,2.89,23,Single,Not Dropout
1,5,4,6,1,8.0,1,5,23,2.0,12.0,1,0,1,1,1,1,17,0,0,6,6,3,11.3,0,0,7,8,5,12.45,0,15.02,2.6,1.24,14,Single,Not Dropout
1,3,0,1,1,9.0,1,22,11,1.0,16.0,1,0,0,1,0,0,25,0,1,4,7,2,15.19,0,1,3,9,2,16.7,0,14.8,1.59,-2.24,16,Single,Not Dropout
1,3,3,2,1,5.0,1,22,11,10.0,7.0,1,0,0,1,0,0,28,0,0,3,0,1,8.14,0,0,3,5,1,6.22,0,7.0,0.75,0.58,16,Single,Dropout
4,10,0,9,1,3.0,1,23,9,17.0,5.0,1,0,0,1,0,1,19,0,1,5,5,3,10.99,0,2,3,5,2,8.86,0,12.77,1.41,-1.43,16,Other,Not Dropout
1,16,2,4,0,9.0,1,1,12,1.0,17.0,1,0,0,1,1,0,31,0,0,5,7,4,10.49,0,0,5,5,3,12.37,0,11.75,1.16,-4.65,6,Single,Not Dropout
1,12,5,6,1,16.0,1,14,2,13.0,,0,0,0,1,0,1,17,0,0,4,4,3,13.98,0,1,5,8,4,14.03,0,15.07,-0.49,-0.06,8,Single,Not Dropout
1,15,5,2,1,8.0,1,8,22,8.0,18.0,0,0,0,1,0,0,23,0,1,9,12,3,10.39,0,0,8,10,2,12.15,0,14.81,0.84,-1.1,15,Single,Not Dropout
1,11,0,1,0,15.0,1,27,22,,10.0,0,0,0,0,0,1,17,0,0,3,4,1,4.05,0,0,3,7,0,3.2,0,13.92,0.97,-2.52,24,Single,Dropout
1,1,0,3,1,14.0,1,16,29,8.0,14.0,0,0,0,1,0,0,18,0,1,5,7,0,3.11,0,0,4,2,0,2.4,0,10.66,2.28,-1.06,22,Single,Dropout
1,6,4,7,1,12.0,1,18,16,13.0,8.0,1,0,0,1,0,0,20,0,1,10,12,5,11.26,0,0,11,7,7,10.96,1,7.0,-1.0,4.0,17,Single,Not Dropout
4,15,2,3,1,15.0,1,13,29,13.0,14.0,1,0,0,1,0,0,20,0,0,5,6,3,11.77,0,0,6,7,4,13.94,0,12.64,0.59,2.13,21,Other,Not Dropout
1,1,2,4,0,7.0,1,4,7,17.0,18.0,1,0,0,1,0,0,31,0,0,6,4,4,8.5,0,0,7,9,3,9.4,1,8.55,2.73,3.91,5,Single,Not Dropout
1,2,5,6,1,13.0,1,18,14,19.0,10.0,0,0,0,1,0,1,17,0,1,9,14,6,10.04,0,2,10,13,7,11.13,1,7.0,0.71,0.29,16,Single,Not Dropout
1,15,5,5,1,3.0,1,18,23,2.0,5.0,1,0,0,0,1,1,17,0,1,6,10,5,17.47,0,0,5,6,5,12.92,1,17.0,2.41,-3.47,20,Single,Not Dropout
1,2,5,1,0,6.0,1,12,23,17.0,2.0,1,0,0,1,0,0,20,0,1,7,9,4,10.7,0,1,7,12,3,10.49,1,9.64,1.81,-3.77,17,Single,Not Dropout
1,17,4,2,1,10.0,1,19,23,1.0,18.0,1,0,0,0,0,1,24,0,0,5,5,3,13.59,0,2,4,5,2,14.8,0,,2.31,-2.76,21,Single,Not Dropout
1,13,5,17,1,1.0,1,12,14,19.0,19.0,0,0,0,1,1,0,26,0,1,5,7,3,15.7,0,0,4,5,3,17.79,0,13.77,0.84,4.0,13,Single,Not Dropout
1,12,4,12,1,13.0,1,20,3,15.0,13.0,0,0,0,0,1,0,30,0,0,3,1,1,10.37,0,0,3,5,1,6.26,1,12.64,-0.83,0.4,11,Single,Dropout
1,10,5,3,1,15.0,1,11,26,19.0,1.0,0,0,0,1,0,0,17,0,0,6,4,6,16.39,0,0,7,6,6,14.76,1,7.0,0.97,0.62,18,Single,Not Dropout
1,2,3,5,1,2.0,1,23,12,2.0,17.0,1,0,1,1,0,0,33,0,1,7,13,4,14.84,1,0,6,7,5,17.01,0,15.39,1.91,-0.01,17,Single,Not Dropout
1,8,0,7,0,16.0,1,26,19,2.0,10.0,1,0,0,1,0,0,18,0,1,10,9,5,14.45,0,0,10,10,6,,0,11.38,2.78,0.91,22,Single,Not Dropout
1,14,4,16,1,2.0,1,15,4,19.0,5.0,1,0,1,0,1,0,21,0,0,5,5,1,2.07,0,0,4,6,1,1.84,0,12.67,-0.02,-2.43,9,Single,Dropout
1,16,5,15,1,3.0,1,1,28,6.0,7.0,0,0,0,0,0,1,23,0,0,8,9,7,16.6,0,0,7,8,5,13.4,1,9.6,0.74,-0.79,14,Single,Not Dropout
1,8,1,14,1,13.0,1,20,8,8.0,18.0,1,0,0,0,1,0,17,0,0,8,10,6,14.25,0,0,10,11,7,17.76,1,9.14,0.67,-3.99,14,Single,Not Dropout
1,15,2,2,1,11.0,1,28,29,6.0,15.0,1,0,0,1,0,0,20,0,0,5,6,1,8.18,0,1,6,6,2,11.52,1,9.28,3.52,0.77,28,Single,Not Dropout
1,14,3,9,0,15.0,1,21,21,3.0,12.0,1,0,1,1,0,0,29,0,0,6,6,5,17.82,0,1,5,7,4,17.43,0,9.42,1.01,1.08,21,Single,Not Dropout
6,1,3,9,1,7.0,1,11,10,2.0,14.0,1,0,0,1,1,0,27,0,0,6,7,2,4.6,0,0,6,10,1,7.39,1,9.9,1.62,-1.61,10,Other,Dropout
1,11,4,11,1,10.0,1,17,11,3.0,17.0,0,0,0,1,0,0,20,0,1,4,7,3,11.99,0,1,4,3,2,10.53,0,14.67,1.48,-4.31,14,Single,Not Dropout
1,11,2,15,1,3.0,1,11,29,17.0,12.0,1,0,0,1,1,0,24,0,0,6,8,3,10.79,0,2,5,6,3,10.25,0,10.37,-1.0,-0.71,20,Single,Not Dropout
1,10,5,6,0,12.0,1,23,18,1.0,6.0,0,0,0,1,0,0,26,0,1,5,7,1,6.98,0,1,6,9,2,6.75,0,12.9,1.6,1.94,20,Single,Dropout
2,14,4,10,1,16.0,1,22,21,18.0,2.0,1,0,0,1,0,0,21,0,0,6,3,3,6.67,0,0,4,6,2,8.87,0,9.97,1.0,-2.78,21,Married,Not Dropout
1,16,5,5,1,10.0,1,19,18,5.0,3.0,1,0,0,1,0,1,26,0,0,6,8,5,14.49,0,0,5,9,3,9.36,1,12.54,-0.28,-2.07,18,Single,Not Dropout
1,10,3,4,1,15.0,1,12,7,12.0,5.0,0,1,0,1,0,0,18,0,1,6,7,2,5.42,1,1,6,3,2,5.92,0,11.39,4.0,-0.18,9,Single,Dropout
1,6,0,6,1,7.0,1,6,4,5.0,15.0,1,0,1,1,0,0,17,0,0,5,5,4,11.87,1,0,6,6,4,12.89,0,9.89,3.28,0.15,5,Single,Not Dropout
2,17,5,13,1,16.0,1,18,1,17.0,2.0,0,1,0,1,0,0,21,0,0,4,9,3,6.22,0,0,6,7,2,7.85,0,,1.63,1.13,9,Married,Not Dropout
1,17,0,8,1,9.0,1,10,12,1.0,3.0,1,0,0,1,0,0,17,0,0,3,1,2,8.2,0,0,2,4,1,11.85,0,12.5,1.42,3.07,11,Single,Not Dropout
3,12,1,12,1,3.0,1,27,20,14.0,19.0,1,0,0,1,0,0,27,0,0,8,9,7,15.52,0,0,8,9,7,12.47,0,8.93,3.33,-1.81,23,Other,Not Dropout
1,11,1,12,1,6.0,1,2,9,18.0,8.0,1,0,0,1,1,1,23,0,1,6,9,2,10.48,0,0,7,7,3,8.93,0,12.78,2.78,-2.42,5,Single,Not Dropout
2,2,1,7,1,8.0,1,25,7,9.0,3.0,0,0,0,1,0,0,22,0,0,8,9,1,2.73,0,0,8,9,0,0.8,1,7.4,0.79,-1.05,16,Married,Dropout
1,7,4,17,1,2.0,1,23,12,9.0,,0,0,0,1,0,1,28,0,0,6,3,4,10.36,0,0,6,6,3,11.77,1,9.63,1.4,-2.31,17,Single,Not Dropout
1,4,2,1,1,15.0,1,15,7,3.0,19.0,0,0,0,1,0,0,25,0,0,6,10,3,11.8,0,0,7,11,3,10.13,0,7.0,2.11,-1.88,11,Single,Not Dropout
1,9,1,16,1,4.0,1,29,13,17.0,10.0,0,0,0,1,0,0,29,0,0,6,4,4,8.36,1,1,4,6,2,10.09,1,8.83,0.25,-0.31,21,Single,Not Dropout
1,15,0,1,1,11.0,1,21,17,19.0,3.0,1,0,0,1,0,1,32,0,0,6,5,4,10.71,0,1,6,7,4,16.05,0,10.26,4.0,-1.42,19,Single,Not Dropout
1,4,1,7,1,15.0,1,2,8,10.0,12.0,0,0,0,1,1,1,25,0,0,7,10,4,10.67,0,1,7,9,4,9.7,0,14.92,2.37,2.29,5,Single,Not Dropout
1,17,4,15,1,,1,12,1,14.0,17.0,1,0,0,1,0,0,19,0,1,6,5,2,11.14,0,1,6,4,2,11.12,1,15.21,0.58,-2.64,6,Single,Not Dropout
1,3,4,12,1,10.0,1,25,3,15.0,19.0,0,0,0,1,0,0,27,0,2,8,8,6,11.86,0,2,7,7,3,14.16,0,14.11,4.0,-0.26,14,Single,Not Dropout
1,2,1,6,1,9.0,1,23,13,7.0,11.0,0,0,0,1,1,0,19,0,0,9,8,6,11.22,0,1,10,10,6,11.85,1,12.97,0.52,-3.22,18,Single,Not Dropout
1,17,0,16,1,13.0,1,5,6,1.0,18.0,1,0,0,1,1,0,18,0,1,9,10,4,12.84,0,0,9,12,6,8.68,2,11.94,2.67,0.59,5,Single,Not Dropout
2,2,3,3,1,1.0,1,5,24,,16.0,0,0,0,1,1,0,21,0,1,9,12,5,11.4,2,1,5,9,3,13.46,0,9.86,0.54,0.56,14,Married,Not Dropout
1,13,4,12,1,6.0,1,27,5,18.0,4.0,0,0,0,1,0,0,30,0,1,4,2,3,9.97,0,0,5,5,3,11.42,1,10.85,0.57,4.0,16,Single,Not Dropout
1,13,0,9,1,10.0,1,2,1,16.0,13.0,1,0,0,0,0,0,28,0,0,8,9,5,12.41,0,0,8,11,5,12.38,0,9.68,1.83,2.11,1,Single,Not Dropout
1,6,4,4,1,2.0,1,28,18,2.0,13.0,0,0,0,0,0,0,28,0,1,6,4,3,10.71,0,0,7,8,4,10.23,1,14.25,1.4,-3.45,23,Single,Dropout
3,2,1,16,1,14.0,1,16,19,,15.0,1,0,0,1,0,0,24,0,2,6,11,4,11.49,1,1,8,9,6,15.94,1,,1.29,1.1,17,Other,Not Dropout
1,6,1,14,0,11.0,1,24,20,17.0,11.0,0,0,0,0,0,0,26,0,2,5,4,3,9.66,0,0,5,5,3,11.16,0,14.37,1.55,-0.41,22,Single,Not Dropout
1,2,3,1,1,1.0,1,7,5,11.0,14.0,0,0,0,1,1,0,27,0,1,6,8,3,13.93,1,0,5,6,4,14.57,0,7.84,2.52,1.15,6,Single,Not Dropout
4,12,0,2,1,1.0,1,10,20,9.0,12.0,1,0,0,1,0,0,19,0,0,2,4,1,13.41,0,0,3,4,2,16.05,1,15.44,2.98,-1.63,15,Other,Not Dropout
4,16,1,1,1,3.0,1,22,26,19.0,5.0,1,0,0,1,0,0,27,0,0,7,8,1,3.96,1,1,9,7,1,1.44,0,9.55,4.0,1.76,24,Other,Dropout
1,17,0,8,1,11.0,1,5,18,17.0,10.0,1,0,0,1,0,0,23,0,1,6,6,4,11.54,0,1,6,7,5,13.75,1,10.33,2.86,-0.1,11,Single,Not Dropout
1,14,1,8,1,9.0,1,3,12,8.0,18.0,0,0,0,1,1,0,21,0,0,5,3,2,11.41,0,0,5,6,1,8.27,0,12.16,0.87,-1.22,7,Single,Dropout
1,14,4,13,0,8.0,20,18,14,,17.0,0,0,0,1,0,0,21,0,1,9,13,8,,0,1,10,8,8,15.98,1,7.86,0.31,-2.24,16,Single,Not Dropout
1,15,1,12,1,9.0,1,1,24,18.0,13.0,0,0,0,1,0,0,20,0,0,6,5,3,5.63,0,0,5,5,2,7.29,1,,2.48,-2.74,12,Single,Dropout
1,14,0,1,1,8.0,1,28,5,18.0,7.0,0,1,0,1,0,1,21,0,1,5,6,4,17.48,1,0,5,5,4,18.08,0,10.28,0.88,-1.83,16,Single,Not Dropout
1,12,1,9,1,6.0,1,20,21,12.0,4.0,0,0,0,1,0,0,23,0,1,6,6,2,4.03,2,0,5,3,0,3.6,0,14.57,0.13,-0.89,20,Single,Dropout
1,17,0,14,1,1.0,1,21,8,13.0,6.0,1,0,0,1,1,1,27,0,0,9,12,7,12.22,1,0,10,13,7,12.74,0,9.8,-0.56,1.88,14,Single,Not Dropout
1,6,3,16,0,1.0,1,15,26,14.0,6.0,0,0,1,1,0,0,32,0,0,6,12,2,7.78,0,2,6,7,4,7.81,1,15.13,0.93,2.63,20,Single,Dropout
1,8,5,5,1,12.0,1,19,5,6.0,19.0,1,0,0,1,0,1,26,0,1,8,8,6,10.31,0,0,8,6,5,10.94,1,11.8,-0.9,-2.4,12,Single,Not Dropout
1,16,1,1,1,12.0,1,28,15,18.0,11.0,1,0,0,1,0,0,24,0,2,5,6,4,17.01,1,0,6,8,5,16.72,0,9.4,2.12,-1.03,21,Single,Not Dropout
2,6,4,3,0,4.0,1,1,12,6.0,8.0,1,0,0,1,1,0,17,0,2,7,10,2,10.99,0,0,9,9,6,11.24,1,12.19,-0.49,-1.98,6,Married,Not Dropout
2,6,2,6,0,,1,8,15,,17.0,1,0,1,0,0,0,38,0,0,7,11,4,16.93,0,0,8,6,6,15.28,0,11.87,2.42,-3.02,11,Married,Not Dropout
1,3,0,8,1,7.0,1,21,12,16.0,8.0,0,0,0,1,0,0,19,0,0,6,7,5,13.93,1,1,7,8,5,13.24,0,8.72,3.11,0.28,16,Single,Not Dropout
1,5,4,6,1,11.0,1,4,2,6.0,16.0,1,0,0,1,1,0,19,0,0,5,6,1,8.27,0,1,6,10,2,9.64,0,10.29,0.96,2.27,3,Single,Dropout
1,11,1,2,1,10.0,1,8,25,16.0,13.0,1,0,1,1,0,0,31,0,0,6,10,5,12.36,0,0,6,7,3,13.45,0,11.69,-1.0,1.71,16,Single,Not Dropout
1,16,3,6,0,9.0,1,1,16,17.0,6.0,1,0,0,1,0,0,17,0,0,3,0,3,14.57,1,0,3,3,3,12.11,0,14.69,3.77,0.25,8,Single,Not Dropout
1,3,3,5,1,1.0,1,2,18,10.0,19.0,1,0,0,1,0,1,25,1,2,3,6,2,10.77,1,0,3,5,2,14.87,0,14.98,1.27,0.48,10,Single,Not Dropout
2,12,3,9,1,7.0,1,13,16,11.0,14.0,1,0,0,1,0,0,20,0,1,3,2,1,9.15,0,2,3,2,1,12.15,0,10.63,2.39,-1.12,14,Married,Dropout
2,14,0,2,1,13.0,1,20,16,10.0,19.0,0,0,0,1,0,1,21,0,1,4,5,3,15.8,0,0,4,8,4,14.52,0,13.78,-0.57,0.11,18,Married,Not Dropout
3,16,1,14,1,10.0,1,3,18,1.0,1.0,1,0,0,1,1,0,23,0,0,6,7,4,10.25,0,1,6,7,3,11.04,0,15.87,3.39,-2.14,10,Other,Not Dropout
2,13,4,8,1,13.0,1,29,13,11.0,6.0,0,0,0,1,0,1,17,0,1,5,5,4,9.96,0,0,5,7,4,,0,10.31,-1.0,3.5,21,Married,Not Dropout
4,3,5,6,1,12.0,1,23,4,13.0,7.0,1,0,0,1,0,0,22,0,0,4,6,2,10.11,1,0,3,1,1,8.27,0,9.95,-0.9,3.27,13,Other,Not Dropout
1,9,0,16,1,15.0,1,20,1,11.0,13.0,1,0,0,1,1,0,29,0,0,8,8,6,11.12,1,1,5,6,3,11.81,0,11.06,3.14,-1.4,10,Single,Not Dropout
3,17,2,13,1,10.0,1,3,16,10.0,16.0,0,0,0,1,1,1,23,0,0,6,9,3,8.83,0,0,6,5,3,9.8,0,13.93,-0.37,1.3,9,Other,Not Dropout
1,16,5,3,1,10.0,1,16,6,10.0,3.0,1,0,0,0,1,1,44,0,0,8,7,3,10.34,1,0,10,10,4,9.86,0,13.19,2.47,0.64,11,Single,Dropout
1,11,1,3,1,9.0,1,27,14,11.0,3.0,1,0,0,0,0,0,24,0,1,4,3,3,15.88,0,0,5,6,4,15.51,0,11.2,2.07,1.08,20,Single,Not Dropout
1,17,2,1,1,5.0,1,7,18,18.0,13.0,1,0,0,1,0,1,17,0,1,7,8,4,8.2,0,0,7,7,4,10.21,0,,2.28,-1.27,12,Single,Not Dropout
1,12,5,10,1,7.0,1,16,18,8.0,7.0,0,0,0,1,0,0,20,0,0,8,9,3,5.85,0,0,6,6,4,7.82,0,7.74,2.96,-3.2,17,Single,Not Dropout
1,2,5,7,1,3.0,1,17,5,5.0,14.0,0,0,0,1,0,0,17,0,0,7,11,1,8.61,0,1,6,10,2,5.33,0,8.52,-0.29,2.46,11,Single,Dropout
1,16,3,7,1,7.0,1,21,20,2.0,1.0,1,0,0,0,0,0,29,0,1,5,6,3,9.64,1,0,3,0,1,12.67,1,13.38,3.7,2.34,20,Single,Dropout
1,3,4,9,1,3.0,1,27,28,17.0,10.0,0,0,0,1,0,1,33,0,0,6,7,2,10.88,0,0,6,9,3,8.88,0,7.0,1.04,-0.54,27,Single,Not Dropout
1,7,3,10,1,8.0,1,4,11,4.0,1.0,1,1,0,0,0,0,28,0,0,7,6,5,13.04,0,1,6,7,4,13.17,0,9.58,2.29,-3.9,7,Single,Not Dropout
2,5,1,1,1,16.0,1,2,4,8.0,19.0,0,0,1,1,0,0,18,0,0,6,7,2,7.82,0,0,7,7,2,6.56,0,14.56,3.8,-2.51,3,Married,Dropout
1,13,5,2,1,8.0,1,3,15,15.0,3.0,0,0,1,1,0,0,18,0,0,8,7,2,5.94,0,0,5,5,0,5.43,0,12.28,1.4,1.2,9,Single,Dropout
1,1,0,14,1,12.0,1,8,18,4.0,4.0,1,0,0,1,0,0,27,0,0,5,6,2,7.12,0,0,4,6,0,4.5,0,,4.0,-0.13,13,Single,Dropout
1,11,0,17,1,8.0,1,11,12,5.0,,1,0,0,0,0,0,20,0,0,8,7,3,13.47,0,0,9,11,7,11.98,0,11.28,-1.0,-1.49,11,Single,Not Dropout
1,15,3,15,1,15.0,1,26,18,13.0,5.0,0,0,0,1,1,0,18,0,1,7,9,5,11.12,0,0,5,5,4,,0,17.0,3.82,-0.5,22,Single,Not Dropout
1,14,5,16,1,4.0,1,16,23,12.0,10.0,1,0,1,1,0,0,17,0,0,7,8,5,13.45,0,0,5,7,4,12.74,1,16.22,0.59,-1.14,19,Single,Not Dropout
2,6,4,8,1,14.0,1,22,17,5.0,12.0,0,0,1,1,0,0,34,0,0,6,9,3,9.6,1,2,5,2,2,8.95,0,10.06,-0.47,3.33,19,Married,Dropout
1,16,4,15,1,12.0,1,17,24,11.0,18.0,0,0,0,1,0,1,20,0,1,8,7,6,10.75,0,0,7,10,3,11.58,0,7.0,4.0,-4.09,20,Single,Not Dropout
1,7,2,15,0,15.0,1,28,5,14.0,17.0,0,0,0,1,0,0,28,0,0,5,6,0,5.68,0,0,4,5,1,0.51,0,10.15,-0.57,1.5,16,Single,Dropout
1,12,2,16,1,3.0,1,10,9,5.0,2.0,1,0,0,1,0,0,26,0,1,4,5,3,16.89,0,0,1,0,1,18.56,0,17.0,-0.16,-0.6,9,Single,Not Dropout
1,9,2,3,1,15.0,1,20,17,9.0,9.0,0,0,0,0,1,0,18,0,1,6,7,5,11.65,0,0,7,10,4,18.26,0,11.64,2.65,0.93,18,Single,Not Dropout
2,2,1,3,1,15.0,1,8,8,6.0,17.0,1,0,0,1,0,1,23,0,1,5,8,3,,1,0,6,8,5,15.06,0,7.95,2.53,-0.15,8,Married,Not Dropout
1,1,2,7,1,5.0,1,7,29,18.0,4.0,0,0,1,1,0,0,17,0,1,7,8,1,8.16,0,1,6,7,4,7.33,0,12.26,0.9,1.36,18,Single,Dropout
2,4,0,9,1,10.0,1,29,20,8.0,13.0,0,0,0,1,1,0,32,0,0,10,9,7,8.55,2,0,8,7,3,9.23,0,10.45,-0.53,1.52,24,Married,Not Dropout
1,16,1,17,1,10.0,1,1,12,17.0,9.0,0,0,1,1,0,1,18,0,0,6,8,3,11.47,0,1,5,4,3,8.69,0,,0.82,-2.84,6,Single,Not Dropout
2,17,5,6,1,1.0,1,8,23,17.0,4.0,0,0,0,1,1,0,25,0,1,7,12,5,,0,1,8,7,8,19.28,0,7.0,0.77,0.42,15,Married,Not Dropout
1,7,4,15,0,9.0,1,12,29,4.0,,1,0,0,1,1,1,20,0,0,9,9,4,14.81,0,0,10,17,6,12.26,0,,-0.4,-1.66,20,Single,Not Dropout
2,17,0,16,1,11.0,1,4,1,18.0,6.0,1,1,0,1,0,0,17,0,1,7,8,4,11.56,1,0,6,6,3,11.86,0,11.11,0.45,-3.82,2,Married,Not Dropout
6,1,1,17,1,4.0,1,23,17,1.0,1.0,0,0,0,1,0,0,29,0,0,8,9,5,15.01,0,0,8,10,6,12.24,1,14.18,3.0,2.09,20,Other,Not Dropout
1,17,1,4,1,6.0,9,11,13,8.0,4.0,1,0,0,1,0,0,20,0,0,6,9,3,9.4,0,2,4,7,1,10.05,0,11.43,2.14,3.78,12,Single,Dropout
2,4,1,5,0,,1,14,22,4.0,11.0,1,0,0,1,0,0,17,0,0,6,8,2,7.86,0,1,6,11,2,7.35,1,11.94,2.33,-0.38,18,Married,Dropout
1,1,4,4,1,15.0,1,9,9,1.0,15.0,0,0,0,1,1,0,26,0,0,5,6,3,10.75,1,1,3,5,2,12.18,0,8.46,0.55,-2.35,9,Single,Not Dropout
1,13,5,13,1,1.0,1,26,10,11.0,10.0,0,0,1,0,1,0,19,0,0,7,7,3,6.43,0,0,7,6,1,7.41,1,10.21,-0.14,2.12,18,Single,Dropout
3,7,4,12,1,,1,13,23,12.0,14.0,1,0,0,1,1,0,24,0,0,7,7,3,8.86,0,1,6,6,0,7.91,0,11.62,3.56,-2.11,18,Other,Dropout
1,5,2,7,1,14.0,1,23,26,12.0,2.0,1,0,0,1,0,0,28,0,0,8,10,5,11.77,0,0,8,7,4,8.52,1,10.91,0.25,-3.6,24,Single,Not Dropout
1,13,0,2,1,14.0,1,19,5,8.0,,1,0,0,1,0,0,25,0,0,7,7,3,8.61,0,0,7,9,3,7.33,0,12.4,-0.5,-2.52,12,Single,Not Dropout
1,6,0,9,1,1.0,1,28,18,15.0,13.0,0,0,0,0,0,0,28,0,0,6,4,3,7.65,1,0,4,7,1,,0,9.37,1.68,4.0,23,Single,Dropout
1,13,4,13,1,10.0,1,18,23,10.0,2.0,0,0,0,1,0,0,17,0,0,7,8,4,9.16,0,1,7,10,5,8.89,0,13.34,1.18,2.58,20,Single,Not Dropout
2,4,4,9,1,6.0,1,29,5,11.0,12.0,1,0,0,1,1,0,30,0,0,9,9,4,13.54,0,1,10,13,6,11.13,0,15.13,0.25,1.82,17,Married,Not Dropout
1,2,3,5,1,15.0,2,21,20,9.0,4.0,1,0,0,1,0,1,21,0,0,7,7,4,9.78,1,0,7,12,4,9.37,2,7.0,-0.32,-0.91,20,Single,Not Dropout
1,6,3,11,1,12.0,1,2,29,4.0,8.0,0,0,0,1,0,1,17,0,0,4,6,3,8.98,0,1,5,8,4,14.13,0,11.04,-0.39,-2.9,15,Single,Not Dropout
1,11,5,12,1,11.0,1,5,25,13.0,12.0,1,0,1,1,0,0,17,0,2,5,6,3,11.39,0,0,4,2,3,9.44,0,16.14,1.73,-1.19,15,Single,Not Dropout
1,4,4,11,1,1.0,1,23,6,16.0,19.0,0,0,0,1,0,0,21,0,0,7,8,6,15.68,1,0,7,7,7,18.35,0,7.0,-0.02,0.39,14,Single,Not Dropout
2,3,0,15,0,15.0,1,2,29,6.0,2.0,1,0,0,1,0,1,18,0,0,5,4,4,,0,0,5,9,4,15.65,0,9.41,3.16,3.38,15,Married,Not Dropout
2,13,2,6,1,8.0,1,6,11,9.0,11.0,0,0,0,1,0,0,18,0,0,5,5,4,12.82,1,1,6,6,2,13.15,0,14.26,2.52,-0.34,8,Married,Not Dropout
1,9,0,11,1,3.0,1,23,14,17.0,11.0,0,0,1,1,0,0,25,0,1,5,3,2,6.28,0,0,6,8,2,8.81,0,11.98,1.49,0.21,18,Single,Dropout
1,8,2,15,1,14.0,1,11,9,4.0,2.0,1,0,0,0,0,1,33,0,2,7,6,3,7.62,0,0,5,5,4,9.67,0,11.39,1.34,-2.34,10,Single,Dropout
1,5,3,4,0,15.0,1,7,21,9.0,12.0,1,0,0,1,0,0,18,0,0,9,8,3,7.0,1,0,8,6,1,6.16,0,7.98,3.34,-2.58,14,Single,Dropout
1,1,1,5,1,8.0,1,6,4,6.0,2.0,1,0,0,1,1,0,24,0,2,4,5,2,,1,0,5,7,3,6.81,0,12.83,3.21,-3.56,5,Single,Dropout
1,1,0,1,1,11.0,1,10,21,7.0,14.0,1,0,0,1,0,0,20,0,0,8,9,5,12.27,0,0,8,11,5,10.74,0,14.59,3.19,-5.0,15,Single,Not Dropout
1,12,2,7,1,10.0,1,25,2,9.0,4.0,1,0,0,1,1,0,17,0,0,8,8,5,9.68,0,0,8,9,4,9.97,1,12.43,2.75,0.65,13,Single,Not Dropout
1,2,3,1,1,5.0,1,14,25,18.0,3.0,1,0,0,1,1,0,17,0,0,7,6,4,11.78,0,1,10,7,6,13.41,0,10.0,0.83,4.0,19,Single,Not Dropout
1,5,4,13,1,12.0,1,28,10,1.0,2.0,0,0,0,0,1,0,33,0,0,6,4,5,13.31,0,1,6,7,4,14.14,1,11.05,4.0,2.85,19,Single,Not Dropout
1,16,0,2,1,16.0,1,21,16,7.0,9.0,1,0,0,1,0,0,23,0,0,8,12,5,12.89,0,3,8,9,5,12.85,0,9.15,1.38,1.11,18,Single,Not Dropout
1,6,1,12,1,15.0,1,8,7,17.0,5.0,1,0,0,1,1,0,22,0,0,6,5,4,,1,0,4,5,3,9.59,0,10.51,1.3,1.9,7,Single,Not Dropout
2,13,4,10,1,11.0,1,5,4,2.0,9.0,0,0,0,1,0,1,19,0,0,6,6,3,12.55,0,0,7,7,4,10.4,0,7.42,0.68,0.26,4,Married,Not Dropout
1,6,4,17,0,6.0,1,28,1,10.0,18.0,1,0,0,0,1,0,23,0,0,3,3,2,10.7,0,0,3,1,2,9.78,0,10.25,0.27,1.22,14,Single,Dropout
1,16,5,6,1,15.0,1,27,29,3.0,16.0,1,0,0,1,0,0,19,0,0,7,10,4,11.03,0,0,7,6,5,13.08,0,13.48,1.42,1.77,28,Single,Not Dropout
2,14,4,6,1,15.0,1,4,4,11.0,15.0,0,0,1,1,0,0,35,0,0,9,11,5,15.64,1,0,11,10,5,10.39,1,11.59,0.19,0.1,4,Married,Not Dropout
2,8,5,5,1,1.0,1,10,2,14.0,9.0,0,0,1,1,1,0,25,0,0,4,4,2,10.35,0,1,4,7,2,11.75,0,11.01,0.51,-4.05,6,Married,Not Dropout
1,12,3,10,1,6.0,1,22,15,13.0,3.0,1,0,0,1,0,0,24,0,0,5,7,2,7.32,0,2,6,7,1,8.3,0,9.19,3.11,2.1,18,Single,Dropout
1,8,5,4,1,9.0,1,29,28,11.0,8.0,0,0,1,1,0,0,24,0,0,5,3,3,12.36,0,0,6,8,4,14.9,0,11.81,2.08,-1.61,28,Single,Not Dropout
1,17,2,2,1,10.0,1,27,3,15.0,1.0,1,0,0,1,1,1,31,0,0,6,7,4,12.52,0,0,6,6,3,13.51,0,12.34,2.01,-1.66,15,Single,Not Dropout
1,7,5,17,0,12.0,1,9,8,11.0,3.0,1,0,1,1,0,1,23,0,0,5,0,1,6.6,0,0,3,3,0,,0,9.5,-0.82,-0.6,8,Single,Dropout
1,15,2,12,1,9.0,1,27,17,12.0,6.0,1,0,0,1,1,0,20,0,1,9,11,6,11.73,1,0,8,8,4,9.48,0,10.11,4.0,0.09,22,Single,Not Dropout
1,11,2,3,1,1.0,1,22,15,2.0,14.0,1,0,1,1,1,0,24,0,1,10,10,8,11.81,1,0,11,10,9,12.68,0,7.47,0.22,1.9,18,Single,Not Dropout
1,11,4,11,1,3.0,1,14,5,1.0,15.0,1,0,0,1,0,1,28,0,0,7,8,3,6.32,0,0,7,9,2,8.84,1,13.58,1.04,2.78,9,Single,Not Dropout
1,6,2,6,1,13.0,1,11,28,4.0,12.0,1,0,0,1,1,1,30,0,0,5,8,5,16.08,0,1,3,0,3,19.56,0,15.82,1.35,0.81,19,Single,Not Dropout
4,15,0,4,1,12.0,1,24,11,11.0,5.0,0,0,0,1,0,0,24,0,1,7,6,6,15.52,0,1,7,7,6,16.16,1,10.13,1.7,1.79,17,Other,Not Dropout
1,13,5,9,1,11.0,1,25,20,8.0,14.0,1,0,0,1,1,0,24,0,0,4,4,2,5.84,0,0,3,3,1,5.26,0,13.11,1.38,0.09,22,Single,Dropout
2,14,2,14,0,8.0,1,27,14,7.0,19.0,0,0,1,1,0,0,29,0,0,6,4,2,8.44,0,0,5,5,2,11.19,1,14.11,0.58,-2.11,20,Married,Dropout
5,14,5,1,1,5.0,1,14,17,9.0,13.0,1,0,0,0,0,0,17,0,2,7,8,6,13.31,0,0,6,8,4,15.56,0,11.23,0.1,3.11,15,Other,Not Dropout
2,3,2,7,1,5.0,1,8,27,19.0,15.0,0,0,0,1,1,0,24,0,0,7,8,3,12.08,0,1,8,6,3,11.43,0,12.74,0.51,-2.52,17,Married,Not Dropout
1,15,5,16,0,12.0,1,26,10,8.0,17.0,1,0,0,1,0,0,19,0,2,7,9,5,13.84,0,0,9,11,7,14.86,0,9.36,-1.0,-2.62,18,Single,Not Dropout
2,15,3,7,0,9.0,1,9,24,9.0,14.0,1,0,0,0,0,0,23,0,0,5,6,2,6.73,0,0,3,4,1,9.41,0,13.6,3.43,-0.16,16,Married,Dropout
1,5,4,2,1,3.0,1,22,9,10.0,17.0,0,0,0,1,0,1,25,0,2,7,9,1,3.14,1,0,7,9,2,8.22,0,9.93,4.0,-0.32,15,Single,Dropout
1,17,4,8,1,7.0,1,15,10,15.0,6.0,1,0,0,1,0,0,30,0,0,6,8,5,10.36,0,0,7,9,6,15.05,1,12.22,3.8,0.27,12,Single,Not Dropout
2,9,1,12,1,14.0,18,17,1,14.0,6.0,0,0,0,1,0,0,17,0,0,8,10,3,10.3,1,0,7,8,4,8.83,0,12.99,2.4,3.62,9,Married,Not Dropout
1,6,4,17,1,10.0,1,7,11,19.0,4.0,0,0,0,0,1,0,19,0,2,7,8,7,16.81,0,1,6,7,6,18.66,1,12.13,2.28,-0.54,9,Single,Not Dropout
1,4,5,11,1,14.0,3,8,18,13.0,4.0,0,0,0,1,0,1,18,0,0,9,11,6,13.84,0,1,11,15,8,14.01,0,13.69,1.69,-2.09,13,Single,Not Dropout
1,7,3,1,1,9.0,1,19,19,19.0,11.0,0,0,1,1,0,0,19,0,0,7,9,2,8.62,0,0,5,3,1,7.37,0,8.32,1.62,0.9,19,Single,Dropout
2,1,5,14,1,8.0,1,8,13,12.0,18.0,0,0,1,1,0,1,17,0,0,5,8,4,13.75,1,1,6,10,4,12.2,0,12.87,0.82,3.68,10,Married,Not Dropout
1,12,5,14,1,16.0,1,20,11,11.0,,1,0,0,1,1,0,36,0,1,4,10,1,10.18,1,0,5,10,2,9.18,0,11.02,0.43,1.98,15,Single,Not Dropout
1,13,3,12,1,9.0,1,29,7,11.0,14.0,0,0,0,1,0,0,28,0,1,7,6,3,,0,0,10,13,5,12.43,0,11.5,-1.0,0.27,18,Single,Not Dropout
2,12,2,16,1,3.0,1,3,27,10.0,2.0,1,0,0,1,1,0,18,0,0,2,4,1,7.67,0,1,3,4,2,7.48,1,11.26,1.26,-0.24,15,Married,Dropout
1,10,5,14,1,7.0,1,27,12,4.0,19.0,1,0,0,1,0,0,23,0,2,6,7,4,12.17,0,0,4,5,2,12.15,0,11.02,1.01,1.94,19,Single,Not Dropout
1,7,1,4,1,,1,5,9,7.0,10.0,0,0,0,1,0,1,20,0,0,5,6,4,13.73,0,0,4,7,3,,0,15.19,1.42,-2.71,7,Single,Not Dropout
1,13,3,8,1,6.0,1,5,28,12.0,10.0,1,0,0,1,1,0,24,0,0,5,8,3,13.27,0,0,4,7,3,15.53,0,13.09,1.98,-0.94,16,Single,Not Dropout
5,15,4,9,0,7.0,1,25,19,,7.0,0,0,0,1,1,1,18,0,1,7,8,7,15.77,0,0,7,9,6,14.19,0,7.0,1.57,-2.02,22,Other,Not Dropout
1,2,5,9,1,14.0,1,6,25,4.0,19.0,0,0,0,1,1,0,17,0,0,4,3,4,20.0,1,1,2,1,2,20.0,1,13.44,1.51,3.56,15,Single,Not Dropout
1,7,1,11,1,7.0,1,19,12,16.0,8.0,0,0,0,1,1,1,20,0,0,3,3,0,6.56,0,0,3,7,1,5.59,0,12.87,0.37,4.0,15,Single,Not Dropout
1,17,0,12,1,,1,4,13,14.0,3.0,1,0,0,1,0,1,31,0,0,7,9,6,15.09,1,0,7,9,7,17.27,1,9.61,1.32,3.01,8,Single,Not Dropout
2,15,2,2,0,2.0,1,3,22,10.0,11.0,0,0,0,1,0,0,17,0,0,6,5,4,,0,0,5,7,5,11.77,0,12.4,1.68,-0.49,12,Married,Not Dropout
1,17,5,10,1,7.0,1,6,29,9.0,12.0,1,0,0,1,0,1,30,0,0,7,6,4,7.62,0,0,8,11,6,9.59,0,11.44,0.37,-3.38,17,Single,Not Dropout
1,4,3,1,1,13.0,1,16,23,11.0,15.0,1,0,0,1,1,1,26,0,0,7,7,3,9.3,0,0,8,9,4,11.28,0,12.04,0.81,0.35,19,Single,Not Dropout
6,8,0,9,1,5.0,1,9,14,12.0,10.0,0,0,0,1,0,1,21,0,2,7,5,6,,0,1,8,10,4,13.17,0,9.46,-1.0,-1.34,11,Other,Not Dropout
1,3,0,8,1,8.0,1,7,18,9.0,6.0,0,0,1,1,1,0,28,0,0,7,6,3,11.33,0,0,10,10,3,10.35,1,7.81,4.0,-0.03,12,Single,Dropout
1,15,2,4,1,11.0,1,25,11,17.0,1.0,0,0,0,1,1,1,24,0,0,7,12,1,6.03,1,0,6,7,1,0.04,1,,-0.54,0.28,18,Single,Dropout
1,9,2,17,1,15.0,1,6,14,4.0,19.0,0,0,0,1,0,0,17,0,0,9,9,6,11.06,0,0,10,12,7,14.29,1,10.24,2.28,2.96,10,Single,Not Dropout
2,5,0,5,0,14.0,1,3,12,8.0,4.0,0,0,1,1,0,0,21,0,0,7,9,4,11.24,0,0,6,7,4,12.06,0,9.77,2.14,0.26,7,Married,Not Dropout
1,2,2,1,1,5.0,1,4,3,8.0,7.0,1,0,0,1,1,0,21,0,0,7,6,3,8.68,0,0,8,9,4,11.7,0,12.81,0.09,0.77,3,Single,Not Dropout
1,13,2,7,1,3.0,1,26,26,2.0,3.0,1,0,0,0,1,0,32,0,0,6,8,2,5.95,0,0,6,7,1,7.16,1,10.33,2.56,2.93,26,Single,Dropout
1,14,1,13,1,11.0,1,14,4,2.0,5.0,0,0,0,1,0,1,21,0,0,3,3,2,9.73,0,2,3,0,2,8.68,0,12.13,1.93,0.7,9,Single,Not Dropout
1,15,1,1,1,5.0,1,29,8,17.0,2.0,0,0,0,0,1,1,22,0,0,6,9,5,17.27,0,0,5,9,4,14.64,0,9.49,-0.44,-1.13,18,Single,Not Dropout
2,17,3,9,1,7.0,1,24,8,15.0,7.0,1,0,0,0,1,1,17,0,0,9,9,3,7.9,0,1,10,9,5,7.22,0,12.76,0.67,-2.37,16,Married,Not Dropout
1,14,5,8,1,2.0,1,9,7,7.0,19.0,1,0,0,1,0,0,23,0,0,7,7,5,10.29,0,2,9,12,7,11.8,2,14.05,0.6,0.92,8,Single,Not Dropout
1,14,5,15,1,13.0,1,23,15,6.0,5.0,1,0,0,0,1,0,17,0,0,5,6,5,18.61,0,0,4,5,4,17.98,0,12.0,1.97,1.67,19,Single,Not Dropout
2,14,3,1,1,3.0,1,14,28,8.0,19.0,0,0,0,0,0,0,30,0,0,7,8,5,13.72,2,0,5,7,4,14.34,0,8.81,2.13,0.89,21,Married,Not Dropout
1,17,0,1,1,7.0,1,17,10,14.0,13.0,1,0,0,1,0,0,20,0,0,4,5,3,12.31,0,0,5,6,3,9.49,0,12.53,0.42,1.01,13,Single,Not Dropout
1,8,5,10,0,7.0,1,16,22,6.0,17.0,0,0,0,1,1,0,17,0,0,8,8,4,9.86,1,1,10,10,7,13.22,0,9.58,1.97,3.89,19,Single,Not Dropout
1,13,5,4,1,1.0,1,22,22,2.0,12.0,0,0,0,1,0,1,30,0,1,5,4,3,8.76,1,1,8,7,5,9.22,0,12.08,0.88,0.47,22,Single,Not Dropout
1,14,1,12,1,13.0,1,6,23,8.0,19.0,0,0,0,1,0,0,17,0,0,7,5,3,11.26,0,0,7,11,5,14.76,0,7.0,1.58,-0.26,14,Single,Not Dropout
1,2,2,5,1,10.0,1,2,19,12.0,11.0,1,0,0,1,1,1,25,0,0,4,4,2,10.76,0,0,4,7,2,7.47,0,13.92,1.98,2.76,10,Single,Not Dropout
1,12,0,10,1,9.0,1,22,22,10.0,,0,0,0,1,1,0,17,0,2,7,5,3,8.56,0,1,8,10,5,,0,12.22,2.25,0.07,22,Single,Not Dropout
1,6,4,1,1,3.0,1,28,23,4.0,1.0,0,0,0,1,0,0,25,1,0,2,0,1,8.38,2,0,1,4,0,11.82,0,,0.55,-0.37,25,Single,Not Dropout
1,3,4,12,1,1.0,1,17,20,17.0,18.0,1,0,0,1,1,0,29,0,0,6,7,2,6.68,1,0,5,7,2,3.2,0,14.11,-0.86,1.73,18,Single,Dropout
1,3,0,9,1,1.0,1,4,17,12.0,1.0,1,0,0,1,0,0,19,0,2,5,7,3,11.0,0,2,6,5,4,12.5,0,7.11,0.99,-1.74,10,Single,Not Dropout
1,2,4,1,1,11.0,1,4,3,14.0,4.0,1,0,0,1,0,0,17,0,0,5,5,5,19.79,0,0,3,5,3,20.0,1,,1.34,-3.43,3,Single,Not Dropout
1,16,2,5,1,12.0,1,16,15,19.0,15.0,1,0,1,0,0,0,17,0,0,0,5,0,6.78,0,1,0,0,0,6.62,0,10.5,-1.0,1.86,15,Single,Dropout
2,14,3,2,1,13.0,1,26,22,10.0,5.0,1,0,0,1,0,0,23,0,0,5,7,3,16.06,0,0,3,5,2,18.46,0,7.0,0.76,3.99,24,Married,Not Dropout
1,2,1,1,1,13.0,1,18,10,11.0,1.0,1,0,0,1,0,0,35,0,1,7,8,5,16.64,0,0,6,6,5,14.0,1,12.14,0.26,4.0,14,Single,Not Dropout
1,11,4,12,1,7.0,1,9,8,15.0,17.0,0,0,0,1,0,0,29,0,0,5,4,3,13.53,3,1,5,2,4,12.47,0,8.71,0.23,-1.34,8,Single,Not Dropout
1,12,2,8,1,1.0,1,19,18,15.0,10.0,1,0,0,1,0,0,30,0,0,7,9,2,9.13,0,0,7,7,2,8.73,0,14.72,-0.07,-0.27,18,Single,Not Dropout
2,9,5,14,1,4.0,1,5,4,17.0,10.0,1,0,0,1,0,1,17,0,0,8,10,6,12.45,0,1,8,8,4,13.84,0,9.21,1.98,-3.9,4,Married,Not Dropout
1,11,0,5,1,13.0,1,14,21,14.0,7.0,0,0,0,1,0,0,30,0,1,7,6,6,16.45,0,0,8,12,8,15.48,1,14.39,-0.59,-0.39,17,Single,Not Dropout
1,16,3,13,1,13.0,1,29,29,2.0,14.0,0,0,0,1,1,1,29,0,0,7,8,7,15.57,0,1,7,10,5,15.56,1,8.92,1.98,4.0,29,Single,Not Dropout
1,9,1,11,1,9.0,1,19,15,7.0,6.0,0,0,0,1,1,0,25,0,1,7,11,5,13.23,0,0,6,13,4,11.57,0,14.55,2.59,-1.13,17,Single,Not Dropout
1,12,5,12,0,1.0,1,3,1,12.0,11.0,0,0,0,1,0,1,19,0,0,7,9,5,8.98,0,1,6,7,4,11.06,0,10.86,3.04,4.0,2,Single,Not Dropout
1,10,3,15,1,13.0,1,6,8,9.0,3.0,0,0,0,1,1,0,29,0,1,5,8,2,10.63,0,0,5,6,2,8.86,0,9.69,1.5,-2.89,7,Single,Not Dropout
1,7,4,13,1,,1,2,1,1.0,6.0,1,0,0,0,0,0,19,0,1,5,5,2,11.41,1,1,7,8,4,12.97,0,,2.97,0.49,1,Single,Not Dropout
2,16,0,13,1,4.0,1,12,14,6.0,1.0,1,1,0,1,1,1,27,0,1,5,2,3,16.78,0,2,5,6,4,13.68,0,13.97,0.74,0.34,13,Married,Not Dropout
1,8,4,13,1,13.0,1,7,9,6.0,6.0,1,0,0,1,1,0,21,0,1,7,9,3,13.37,1,0,9,10,3,12.23,0,11.07,1.15,2.17,8,Single,Not Dropout
2,14,0,8,1,11.0,1,29,23,1.0,8.0,0,0,0,1,1,0,17,0,0,5,6,3,10.75,0,0,3,3,2,10.81,1,7.1,2.39,-0.86,26,Married,Not Dropout
2,11,2,13,0,15.0,1,10,25,15.0,15.0,1,0,0,1,1,1,21,0,0,6,7,3,9.21,0,0,5,6,3,11.91,1,8.98,1.34,-3.96,17,Married,Not Dropout
2,12,1,15,1,11.0,1,2,13,8.0,16.0,0,0,0,0,0,0,35,0,0,6,7,6,15.5,0,0,4,4,4,20.0,0,11.81,0.22,3.26,7,Married,Not Dropout
1,13,0,13,1,2.0,1,13,29,16.0,11.0,1,0,0,1,0,0,17,0,0,7,6,5,10.99,1,0,7,8,5,13.83,2,9.98,-0.36,-1.96,21,Single,Not Dropout
1,13,3,11,1,11.0,1,22,14,17.0,18.0,0,0,0,1,0,1,29,0,0,7,8,4,14.84,0,0,8,12,5,10.57,0,8.98,2.28,-2.11,18,Single,Not Dropout
1,10,1,2,1,2.0,1,20,4,17.0,7.0,1,0,0,1,0,0,28,0,0,7,7,0,3.11,0,0,8,11,0,5.03,2,11.1,1.4,-1.26,12,Single,Dropout
1,11,3,8,0,5.0,1,29,27,18.0,10.0,0,0,0,1,0,0,22,0,0,3,2,2,14.72,0,1,4,11,4,15.37,0,13.79,1.22,-2.51,28,Single,Not Dropout
3,9,4,2,0,14.0,1,11,12,10.0,12.0,0,0,0,1,0,0,20,0,1,7,10,5,12.93,0,0,8,9,6,13.39,0,16.2,1.95,-2.05,11,Other,Not Dropout
1,6,1,2,1,16.0,1,16,26,5.0,4.0,1,0,0,1,1,0,17,0,0,6,5,3,12.69,0,0,6,10,4,14.49,0,9.14,-0.24,-0.18,21,Single,Not Dropout
1,13,4,7,1,8.0,1,17,22,2.0,8.0,0,0,0,1,0,0,31,0,1,7,8,5,12.55,0,0,6,7,5,14.48,0,9.82,1.76,2.0,19,Single,Not Dropout
1,15,1,8,1,5.0,1,1,28,12.0,18.0,1,0,1,0,0,1,17,0,0,6,5,2,10.57,1,0,5,7,3,8.45,0,14.26,1.09,-0.53,14,Single,Dropout
4,12,1,9,1,7.0,1,1,19,3.0,10.0,1,0,0,1,0,0,17,0,1,5,9,3,11.72,0,0,7,8,3,9.79,0,8.8,-0.3,-2.64,10,Other,Not Dropout
1,14,3,16,1,4.0,1,24,18,5.0,18.0,1,0,1,1,0,1,25,0,1,8,10,6,14.62,1,0,9,15,8,16.15,0,10.13,0.51,-3.14,21,Single,Not Dropout
1,15,3,13,1,10.0,1,12,7,5.0,13.0,0,0,0,1,0,0,17,0,0,6,5,2,4.14,0,1,6,7,1,7.92,0,11.87,3.03,2.22,9,Single,Dropout
2,7,3,8,1,7.0,1,20,9,6.0,4.0,1,0,0,1,1,0,22,0,2,8,9,1,8.28,0,1,8,8,4,,1,14.44,0.39,-2.0,14,Married,Dropout
6,2,1,6,1,1.0,1,28,10,8.0,9.0,0,0,0,1,1,0,17,0,0,6,7,1,8.29,1,1,7,9,2,5.94,0,7.46,1.55,1.08,19,Other,Dropout
1,6,3,13,1,10.0,1,8,9,7.0,7.0,0,0,0,1,0,1,20,0,0,6,7,4,9.2,0,0,5,5,3,10.69,0,11.02,2.35,-0.78,8,Single,Not Dropout
2,13,1,5,1,11.0,1,23,18,11.0,19.0,1,0,0,1,0,0,23,0,0,5,5,4,15.69,0,0,5,10,5,16.18,0,8.78,0.49,1.0,20,Married,Not Dropout
2,14,1,16,1,11.0,1,7,26,19.0,7.0,1,0,0,1,0,0,25,0,0,6,6,2,13.92,0,1,6,8,4,10.67,1,14.56,4.0,1.46,16,Married,Not Dropout
1,9,5,14,1,,1,22,2,13.0,10.0,1,0,0,1,0,0,31,0,0,8,12,7,15.78,1,2,10,15,8,17.02,0,12.51,2.48,0.77,12,Single,Not Dropout
1,14,0,12,1,12.0,1,5,18,,14.0,1,0,1,1,0,0,23,0,0,6,5,0,4.89,0,0,6,8,2,4.77,0,10.96,0.55,-1.12,11,Single,Dropout
1,2,2,5,1,11.0,1,9,22,4.0,19.0,0,0,1,1,0,1,24,0,2,7,6,3,9.5,1,0,8,10,3,5.47,2,10.9,1.35,0.06,15,Single,Not Dropout
1,11,2,11,1,4.0,1,14,13,3.0,11.0,1,0,0,1,0,1,22,0,1,9,6,6,8.7,1,0,8,10,2,10.24,0,12.78,-1.0,-0.86,13,Single,Not Dropout
1,12,1,14,1,8.0,1,15,8,4.0,17.0,0,0,0,1,0,0,29,0,2,4,4,3,15.76,1,0,3,5,3,17.29,0,9.65,1.74,2.38,11,Single,Not Dropout
1,9,4,2,1,7.0,1,1,13,17.0,3.0,0,0,0,1,0,0,17,0,1,5,3,3,13.45,0,1,4,6,2,12.73,0,10.78,4.0,1.11,7,Single,Not Dropout
1,13,2,4,1,16.0,1,25,25,4.0,17.0,1,0,1,1,0,0,20,0,1,7,12,4,10.07,0,0,8,10,3,12.9,0,10.33,1.39,-3.41,25,Single,Not Dropout
1,9,4,9,1,8.0,1,1,27,,4.0,0,0,0,0,0,0,23,0,0,3,1,1,11.17,0,0,4,4,1,11.77,2,11.35,0.49,1.85,14,Single,Not Dropout
1,9,2,7,1,12.0,1,26,20,15.0,15.0,0,0,1,1,1,0,18,0,0,7,6,4,13.25,0,0,9,10,3,10.78,0,14.2,1.78,0.79,23,Single,Not Dropout
1,11,5,13,1,9.0,1,6,15,16.0,11.0,0,0,0,1,1,0,31,0,0,5,10,5,16.28,0,1,6,7,6,16.01,0,9.42,-1.0,-4.66,10,Single,Not Dropout
1,14,4,7,1,1.0,1,21,19,6.0,12.0,1,0,0,1,0,0,25,0,0,5,8,4,20.0,1,0,5,5,5,17.14,0,13.21,2.97,-1.54,20,Single,Not Dropout
1,5,1,17,1,15.0,1,21,20,3.0,2.0,0,0,0,1,0,0,17,0,1,8,5,5,15.16,0,1,8,6,7,,1,12.06,0.94,2.33,20,Single,Not Dropout
1,6,5,6,1,11.0,1,14,23,4.0,11.0,0,0,0,1,1,0,25,1,0,4,5,3,14.53,0,1,5,3,3,14.72,1,10.94,0.09,0.51,18,Single,Not Dropout
1,8,5,7,1,4.0,1,16,5,,2.0,0,0,0,1,0,0,31,0,0,3,4,2,10.5,0,1,4,4,2,9.02,0,13.31,0.28,2.74,10,Single,Not Dropout
1,4,3,1,1,1.0,1,3,3,9.0,11.0,0,0,0,1,0,1,19,0,0,2,1,1,14.14,0,1,1,2,1,13.38,0,11.51,1.74,1.21,3,Single,Not Dropout
3,6,0,5,0,15.0,1,27,11,8.0,8.0,0,0,0,1,0,0,31,0,0,7,9,1,7.07,0,0,6,10,1,3.1,0,12.49,2.42,0.7,19,Other,Dropout
1,6,3,5,1,5.0,1,4,8,5.0,4.0,0,0,0,1,1,0,25,0,0,8,6,4,9.56,0,1,8,8,5,9.0,3,14.45,1.13,1.21,6,Single,Not Dropout
2,6,4,13,1,1.0,5,20,18,7.0,10.0,1,0,0,1,1,0,24,0,1,4,2,0,7.04,0,0,4,2,2,7.34,0,10.39,2.17,-0.8,19,Married,Dropout
1,7,2,6,1,10.0,1,1,16,8.0,5.0,0,0,0,1,0,0,30,0,0,8,11,5,12.18,0,0,9,8,8,10.32,0,10.27,1.85,2.2,8,Single,Not Dropout
1,9,0,4,1,1.0,1,22,27,15.0,,1,0,0,1,1,0,24,0,2,6,8,2,10.1,0,1,7,8,3,10.19,0,12.82,-0.52,0.27,24,Single,Not Dropout
5,12,3,6,1,4.0,1,11,23,16.0,1.0,0,0,0,1,1,0,25,0,2,6,11,4,13.95,0,1,5,8,4,14.14,1,11.28,2.29,0.5,17,Other,Not Dropout
2,6,4,10,1,15.0,1,14,5,9.0,7.0,1,0,0,1,1,0,24,0,0,8,9,5,14.57,0,1,7,10,5,14.22,0,14.05,1.76,2.87,9,Married,Not Dropout
1,15,1,14,1,1.0,1,1,25,7.0,15.0,0,0,0,1,0,0,17,0,0,3,7,3,13.42,0,0,1,2,1,13.83,2,,0.94,1.91,13,Single,Not Dropout
1,9,2,17,0,13.0,1,7,23,9.0,11.0,0,1,1,0,0,0,25,0,1,7,7,2,6.29,0,0,7,12,3,9.55,0,15.42,2.83,0.99,15,Single,Dropout
1,13,0,1,1,10.0,1,13,12,4.0,3.0,0,0,0,1,0,0,25,0,0,3,6,1,3.91,0,0,5,5,2,5.31,0,9.05,1.12,-1.35,12,Single,Dropout
1,2,4,15,1,5.0,1,21,2,2.0,9.0,1,0,1,0,0,0,21,0,0,3,8,3,16.74,1,1,3,2,3,19.95,0,13.22,2.11,-0.88,11,Single,Not Dropout
1,3,5,7,0,,1,18,24,5.0,12.0,0,0,0,1,0,0,17,0,0,4,3,2,11.62,0,0,4,4,2,10.55,1,7.0,-0.68,0.03,21,Single,Not Dropout
6,8,4,14,1,8.0,1,8,6,1.0,5.0,1,0,0,1,1,0,27,0,1,7,4,5,9.8,0,0,7,6,4,10.82,0,12.32,3.06,-3.61,7,Other,Not Dropout
1,7,2,1,1,9.0,1,18,7,1.0,3.0,1,0,0,1,0,1,18,0,0,7,8,5,15.52,0,0,7,7,5,16.76,0,10.84,3.33,1.42,12,Single,Not Dropout
1,9,0,11,1,15.0,1,7,14,5.0,5.0,1,0,0,1,0,0,17,0,1,8,9,4,12.18,1,0,7,8,4,10.43,0,12.67,-0.52,-0.78,10,Single,Not Dropout
1,3,2,16,1,5.0,1,17,3,18.0,2.0,0,0,1,1,0,0,17,0,0,6,7,2,6.41,0,0,5,9,1,8.14,0,11.38,-0.41,0.71,10,Single,Dropout
1,9,5,1,1,10.0,2,16,12,4.0,5.0,0,0,1,1,1,1,17,0,1,6,9,6,20.0,0,0,6,5,6,17.65,0,10.28,1.46,-1.31,14,Single,Not Dropout
1,12,0,14,1,11.0,1,7,8,14.0,11.0,0,0,0,1,1,0,26,0,1,7,6,6,10.46,0,0,9,14,3,8.01,1,11.92,3.54,3.25,7,Single,Not Dropout
1,13,1,2,1,1.0,1,6,2,3.0,16.0,0,0,0,1,0,0,37,0,0,6,7,4,15.66,0,0,7,9,7,15.23,0,14.44,2.72,-2.82,4,Single,Not Dropout
1,5,5,17,1,15.0,7,16,27,9.0,17.0,1,0,0,1,0,0,20,0,1,7,6,5,11.86,0,0,6,11,4,11.74,0,17.0,1.23,-5.0,21,Single,Not Dropout
1,6,3,13,1,16.0,1,18,8,12.0,,1,0,0,1,1,0,28,0,0,6,10,4,13.27,0,0,8,11,7,14.8,0,14.82,1.31,2.15,13,Single,Not Dropout
1,9,1,16,0,2.0,1,29,16,11.0,7.0,0,0,0,1,0,0,22,0,0,6,9,5,14.06,0,0,8,8,7,13.77,0,13.54,0.04,-3.26,22,Single,Not Dropout
1,9,0,16,1,5.0,1,15,24,16.0,18.0,0,1,0,1,0,0,25,0,1,10,10,3,10.63,0,1,11,11,7,10.39,0,13.79,2.14,-2.07,19,Single,Not Dropout
2,14,2,6,1,13.0,1,13,14,5.0,18.0,0,0,1,1,0,0,23,0,1,8,9,4,12.2,0,0,7,8,4,13.14,0,11.07,-0.18,-4.22,13,Married,Not Dropout
1,7,3,8,0,13.0,1,14,9,15.0,7.0,1,0,0,1,1,0,28,0,0,7,8,7,18.22,0,0,7,7,7,18.1,0,11.3,3.18,2.31,11,Single,Not Dropout
1,12,5,12,0,3.0,1,26,22,8.0,1.0,1,0,0,1,0,0,17,0,0,5,3,5,15.83,1,0,7,11,7,17.79,0,13.34,1.79,1.67,24,Single,Not Dropout
1,16,5,3,1,15.0,1,9,21,9.0,9.0,1,0,0,1,1,0,24,0,0,6,10,4,13.32,0,0,5,5,4,17.66,0,7.19,-0.79,1.91,15,Single,Not Dropout
1,6,2,6,1,6.0,1,12,1,7.0,9.0,0,0,0,1,1,0,30,0,0,8,8,7,14.13,0,0,8,5,7,11.38,0,12.55,1.68,2.58,6,Single,Not Dropout
1,14,2,2,1,5.0,1,11,24,19.0,13.0,1,0,0,1,0,1,27,0,1,7,14,3,12.73,0,0,7,8,3,9.26,1,11.13,1.19,1.68,17,Single,Not Dropout
1,6,5,16,1,6.0,1,19,4,16.0,3.0,1,0,0,1,1,0,25,0,0,5,6,3,8.21,0,0,5,6,2,8.76,0,10.89,-0.73,-0.76,11,Single,Dropout
1,6,4,5,1,11.0,1,21,22,9.0,11.0,0,0,1,1,0,0,24,0,0,3,6,3,17.61,0,0,1,2,1,16.2,0,8.69,0.58,0.39,21,Single,Not Dropout
3,12,1,7,1,4.0,1,14,3,15.0,6.0,1,0,0,1,0,0,21,0,0,6,7,3,7.88,0,1,5,6,3,7.1,0,12.0,2.35,1.69,8,Other,Not Dropout
1,11,4,8,1,9.0,1,8,2,18.0,10.0,1,0,0,0,0,1,21,0,0,7,9,4,12.24,0,0,5,7,2,10.36,0,9.65,1.84,0.84,5,Single,Not Dropout
1,10,4,7,1,2.0,1,20,4,6.0,1.0,0,0,0,0,1,0,17,1,0,4,4,3,12.36,0,1,3,7,2,9.7,0,12.03,1.27,-1.52,12,Single,Not Dropout
1,4,1,14,1,3.0,1,8,22,7.0,11.0,1,0,0,1,1,1,26,0,0,9,6,2,7.78,0,0,11,13,1,7.48,0,11.69,0.99,0.1,15,Single,Dropout
4,2,5,16,1,13.0,1,27,14,15.0,1.0,0,0,0,0,0,1,31,0,1,7,11,5,9.09,0,0,9,6,5,11.68,0,9.82,-0.35,0.3,20,Other,Not Dropout
5,16,1,10,1,7.0,1,19,18,6.0,17.0,0,0,0,1,1,0,25,0,0,9,9,5,10.06,0,0,9,8,3,10.65,0,14.31,0.88,1.97,18,Other,Not Dropout
1,15,3,15,1,13.0,1,13,9,2.0,14.0,1,0,0,1,1,1,23,0,1,6,10,2,7.41,1,0,7,7,2,5.37,0,10.91,1.79,0.53,11,Single,Dropout
1,16,2,2,0,12.0,1,7,4,12.0,18.0,1,0,0,1,0,0,27,0,1,2,7,1,8.51,4,2,2,4,0,7.18,2,12.85,0.69,0.56,5,Single,Dropout
1,9,4,17,0,16.0,1,22,23,4.0,13.0,0,0,1,1,1,0,17,0,0,5,5,3,,1,2,5,7,2,,1,8.81,2.4,-1.59,22,Single,Not Dropout
2,16,5,2,1,3.0,1,18,25,12.0,19.0,0,0,0,1,0,0,20,0,0,5,4,4,13.81,0,0,5,4,3,11.5,1,10.82,-0.24,0.89,21,Married,Not Dropout
1,9,2,2,1,15.0,1,26,25,3.0,4.0,0,0,0,1,1,0,23,0,0,5,5,3,13.1,1,0,5,7,3,9.26,0,9.0,1.35,-0.81,25,Single,Not Dropout
1,2,2,1,0,,1,21,2,10.0,1.0,1,0,0,1,1,0,17,0,1,7,4,3,9.04,0,1,5,7,2,8.5,0,11.57,1.53,1.18,11,Single,Dropout
1,4,4,5,0,7.0,1,23,27,5.0,18.0,0,0,0,1,0,0,24,0,0,5,7,3,7.33,1,0,5,8,3,11.56,0,12.34,2.56,-0.3,25,Single,Not Dropout
1,5,5,15,0,3.0,1,3,16,11.0,13.0,1,0,0,0,0,0,17,0,0,4,8,2,15.06,0,1,3,3,3,8.61,1,12.31,2.05,-1.7,9,Single,Not Dropout
2,7,5,6,1,3.0,17,1,6,5.0,,1,0,0,1,1,0,27,0,0,5,4,4,14.15,1,0,4,6,4,13.42,0,15.82,0.09,-0.48,3,Married,Not Dropout
1,16,4,14,1,9.0,1,20,6,5.0,,1,0,1,1,1,0,24,0,0,8,10,5,14.73,0,0,9,11,9,14.08,2,13.83,2.56,-1.14,13,Single,Not Dropout
1,6,4,8,1,1.0,1,1,15,18.0,7.0,1,0,0,1,0,0,22,0,0,6,7,5,12.5,1,1,4,2,2,12.37,0,7.69,0.59,-0.87,8,Single,Not Dropout
1,11,4,2,1,2.0,1,26,18,19.0,13.0,1,0,0,1,0,1,28,0,0,5,6,5,14.66,0,0,4,7,4,19.55,0,13.6,0.31,-0.2,22,Single,Not Dropout
1,5,5,9,1,9.0,1,26,2,7.0,8.0,1,0,0,1,0,0,24,0,0,5,6,2,11.03,1,1,5,6,2,11.15,1,,0.79,-0.08,14,Single,Not Dropout
1,11,0,4,1,10.0,1,17,15,13.0,2.0,1,0,0,1,1,1,26,0,2,8,10,3,6.88,1,1,7,9,3,8.1,1,13.51,1.27,-3.19,16,Single,Dropout
1,10,3,5,1,14.0,1,22,7,7.0,6.0,0,0,0,1,0,0,25,0,0,7,7,4,8.39,0,0,6,3,2,8.14,0,7.12,2.93,2.63,14,Single,Not Dropout
2,3,0,9,1,16.0,1,13,27,4.0,8.0,1,0,0,0,0,0,18,0,0,7,8,5,14.07,0,1,8,9,7,15.67,1,11.01,1.87,-1.05,20,Married,Not Dropout
1,8,3,14,1,5.0,1,28,18,2.0,16.0,1,0,1,1,0,0,32,0,0,7,7,5,10.68,1,0,7,7,5,,0,12.39,2.81,3.35,23,Single,Not Dropout
1,2,2,10,1,6.0,1,2,11,17.0,7.0,1,0,0,1,0,1,30,0,0,3,4,3,12.7,2,0,2,5,1,13.29,0,9.04,2.28,1.04,6,Single,Not Dropout
1,16,1,4,1,4.0,1,9,13,2.0,10.0,0,0,0,1,1,1,26,0,1,6,5,2,12.65,1,0,7,7,4,10.42,0,14.93,2.81,-2.37,11,Single,Not Dropout
1,12,5,13,1,4.0,1,21,25,10.0,12.0,0,0,0,1,1,1,24,0,0,8,11,5,9.36,0,0,6,7,2,11.64,0,16.69,0.96,-1.86,23,Single,Not Dropout
1,17,4,12,0,8.0,1,23,21,5.0,3.0,1,0,0,1,1,0,28,0,0,2,2,2,11.22,1,0,0,1,0,9.58,1,11.3,-1.0,0.68,22,Single,Not Dropout
1,15,3,5,1,16.0,1,8,12,15.0,12.0,0,0,0,1,1,1,31,0,1,3,1,1,7.67,0,0,1,3,0,9.6,0,13.54,3.49,-2.06,10,Single,Not Dropout
1,4,5,15,1,15.0,1,24,25,3.0,4.0,0,0,0,1,1,0,34,0,0,4,5,3,13.21,0,0,3,4,1,12.91,0,13.81,1.78,2.28,24,Single,Not Dropout
1,13,0,15,1,15.0,1,14,19,11.0,,0,0,0,1,0,1,20,0,0,5,6,2,10.62,1,3,3,3,1,9.31,1,9.9,2.8,1.2,16,Single,Not Dropout
1,2,3,11,1,8.0,1,25,2,7.0,6.0,1,0,0,1,0,1,29,0,3,6,6,2,7.9,0,1,8,10,4,8.07,0,9.84,-1.0,4.0,13,Single,Not Dropout
1,17,0,6,1,11.0,1,8,19,10.0,6.0,1,0,0,1,0,0,22,0,0,4,2,3,14.24,0,2,1,2,1,13.35,0,12.42,3.21,1.02,13,Single,Not Dropout
1,14,1,7,1,12.0,1,21,28,4.0,8.0,0,0,0,1,0,0,17,0,0,7,8,5,11.17,0,1,7,7,5,12.39,0,15.32,3.8,-1.95,24,Single,Not Dropout
2,12,1,8,0,4.0,1,7,26,3.0,7.0,0,0,0,1,1,0,28,0,0,10,11,9,16.77,0,0,10,10,9,19.03,1,14.13,4.0,1.54,16,Married,Not Dropout
1,17,3,4,1,8.0,19,5,2,4.0,12.0,0,0,0,1,1,0,32,0,0,5,7,2,9.12,0,1,5,8,2,8.49,0,7.61,-0.44,0.21,3,Single,Not Dropout
1,15,3,6,0,9.0,1,21,26,11.0,14.0,0,0,0,0,0,0,29,0,0,4,7,1,8.38,0,0,3,5,2,9.43,0,14.62,-1.0,0.07,23,Single,Dropout
3,15,4,3,1,6.0,1,20,29,13.0,19.0,1,0,0,1,0,0,22,0,2,5,7,1,5.5,0,1,5,3,0,4.13,1,14.53,-0.15,1.05,24,Other,Dropout
1,2,2,3,1,8.0,1,9,5,18.0,17.0,0,0,0,1,0,1,25,0,0,7,9,1,7.28,0,1,6,7,1,8.31,0,,1.34,-1.78,7,Single,Not Dropout
1,1,5,13,1,8.0,1,18,19,18.0,5.0,1,0,0,1,0,1,27,0,2,6,8,5,12.97,0,0,7,11,6,13.12,0,13.46,2.14,1.06,18,Single,Not Dropout
1,17,2,3,1,1.0,1,28,22,15.0,12.0,0,0,1,1,0,0,26,0,1,7,7,5,13.75,1,0,5,5,4,15.42,0,11.62,0.45,1.27,25,Single,Not Dropout
1,5,0,8,0,13.0,1,10,2,1.0,,0,0,0,1,1,0,30,0,1,6,9,5,11.04,0,0,6,7,5,14.1,0,14.91,2.27,0.69,6,Single,Not Dropout
1,8,0,8,1,15.0,1,15,25,14.0,16.0,0,0,0,1,1,0,29,0,1,7,8,5,16.0,0,0,10,9,10,15.66,0,14.1,0.7,-4.06,20,Single,Not Dropout
1,1,0,1,1,13.0,1,7,12,14.0,1.0,1,0,1,1,1,0,20,0,0,11,12,8,12.58,0,1,12,12,6,11.76,0,12.98,0.99,0.21,9,Single,Not Dropout
1,11,2,15,1,15.0,1,16,9,14.0,19.0,0,0,0,1,0,0,23,0,0,5,4,2,9.54,0,0,4,5,3,,0,11.97,1.11,-2.98,12,Single,Not Dropout
1,14,2,17,0,7.0,1,26,8,13.0,8.0,1,0,0,1,0,0,20,0,0,6,8,5,11.66,1,1,8,10,7,13.44,0,12.48,-0.67,-2.73,17,Single,Not Dropout
1,15,5,11,1,1.0,14,19,15,14.0,15.0,1,0,0,1,0,1,24,0,0,7,9,3,6.18,1,0,7,7,2,9.94,1,7.54,0.69,-2.35,17,Single,Not Dropout
1,10,0,12,1,5.0,1,5,24,12.0,13.0,1,0,1,1,0,1,17,0,0,11,13,3,9.25,1,1,10,14,2,3.54,0,7.32,1.08,-0.45,14,Single,Dropout
1,12,1,4,1,14.0,1,22,24,12.0,7.0,1,0,0,1,0,0,35,0,0,8,6,4,10.08,1,0,9,8,4,10.58,0,13.11,0.41,-0.59,23,Single,Not Dropout
1,9,5,15,1,3.0,14,13,7,14.0,19.0,1,0,0,1,1,0,18,0,0,6,8,3,11.11,0,1,8,10,5,11.72,0,11.83,0.34,3.22,10,Single,Not Dropout
3,8,0,14,1,9.0,1,1,24,1.0,6.0,1,0,0,1,1,0,20,0,0,5,6,3,14.06,0,0,4,2,2,11.89,0,13.21,1.49,1.84,12,Other,Not Dropout
1,10,2,8,1,1.0,1,19,24,10.0,15.0,1,0,1,0,0,0,23,0,0,9,8,2,13.21,0,0,8,9,4,10.06,0,10.34,-1.0,2.59,21,Single,Dropout
1,16,1,12,1,6.0,1,9,2,3.0,18.0,1,0,0,1,0,0,17,0,0,6,6,3,8.34,0,0,5,8,2,10.06,1,9.64,2.7,1.85,5,Single,Not Dropout
1,5,3,17,1,,1,29,10,18.0,3.0,1,0,0,1,0,0,21,0,0,9,8,6,13.09,0,1,10,12,7,13.14,0,10.25,3.2,-2.49,19,Single,Not Dropout
1,8,5,11,1,2.0,1,29,1,19.0,18.0,0,0,0,1,1,0,24,0,0,6,8,3,5.89,1,0,7,6,2,5.45,0,9.44,0.79,-1.52,15,Single,Dropout
1,11,1,4,1,3.0,1,20,29,4.0,17.0,1,0,0,1,0,0,33,0,0,5,5,2,10.85,0,0,6,11,4,12.69,1,,1.84,-5.0,24,Single,Not Dropout
1,10,2,6,1,9.0,1,19,14,17.0,8.0,1,0,0,1,1,0,24,0,1,3,4,1,6.54,0,0,2,5,1,8.43,0,13.35,2.2,-0.02,16,Single,Dropout
1,1,2,4,1,12.0,1,9,8,9.0,16.0,0,0,0,1,0,0,21,0,1,7,7,2,8.1,0,0,9,9,2,5.51,1,12.94,2.75,3.11,8,Single,Dropout
1,5,4,6,1,5.0,1,3,26,13.0,1.0,0,0,0,1,1,1,17,0,0,3,4,2,10.91,1,0,2,3,1,9.22,0,15.2,1.19,0.12,14,Single,Not Dropout
1,11,5,16,1,14.0,1,2,20,13.0,4.0,1,0,0,1,1,1,36,0,1,8,7,3,8.22,0,1,8,9,1,10.1,2,9.51,2.54,-2.37,11,Single,Not Dropout
1,12,0,4,1,7.0,1,14,28,3.0,15.0,1,0,0,1,0,0,23,0,1,4,1,2,7.74,1,0,4,2,2,6.4,1,8.13,2.14,-1.72,21,Single,Not Dropout
1,13,2,16,0,12.0,1,10,24,18.0,18.0,0,0,0,1,0,0,23,0,0,3,9,2,13.98,1,0,2,2,1,13.16,2,10.91,0.38,1.0,17,Single,Not Dropout
1,17,4,5,1,9.0,1,28,28,13.0,3.0,1,0,0,1,1,0,17,0,0,6,7,1,3.76,0,0,6,7,1,3.21,1,12.56,-0.07,-1.02,28,Single,Dropout
1,12,0,9,1,12.0,1,9,7,10.0,14.0,1,0,0,1,1,0,26,0,1,8,15,6,17.51,1,1,8,12,7,18.34,0,9.69,-0.29,2.01,8,Single,Not Dropout
1,10,4,9,1,16.0,1,7,6,12.0,2.0,0,0,0,0,1,0,19,0,3,6,7,6,20.0,0,0,7,7,7,20.0,1,8.69,-0.87,1.72,6,Single,Not Dropout
1,6,1,3,1,16.0,1,24,3,19.0,15.0,1,0,0,1,0,0,32,0,0,7,8,3,8.53,1,0,7,8,3,6.96,0,9.35,0.73,-0.52,13,Single,Dropout
1,7,3,4,1,10.0,1,25,10,13.0,18.0,1,0,0,1,0,0,26,0,0,7,7,4,7.55,1,0,7,10,3,11.96,0,13.64,1.44,-2.36,17,Single,Not Dropout
1,15,5,6,1,,1,11,16,13.0,9.0,1,0,0,1,0,1,24,0,0,7,9,3,10.73,0,1,9,11,4,7.65,0,13.03,0.14,1.19,13,Single,Not Dropout
1,8,3,2,1,12.0,1,3,17,17.0,2.0,0,0,0,1,1,0,17,0,0,9,10,1,5.29,0,1,9,13,1,8.72,1,15.15,0.33,-1.39,10,Single,Dropout
4,13,5,13,1,5.0,1,3,20,14.0,4.0,1,0,0,1,0,1,22,0,1,5,3,5,19.05,1,1,3,5,3,18.96,0,15.25,-0.33,1.07,11,Other,Not Dropout
1,3,3,10,0,15.0,1,16,22,3.0,10.0,1,0,0,1,0,1,22,0,1,6,5,2,12.64,0,0,7,9,4,13.9,0,12.28,2.39,1.3,19,Single,Not Dropout
1,3,1,15,1,3.0,1,26,24,16.0,16.0,1,1,0,1,1,0,24,1,1,3,2,2,10.99,1,0,4,6,2,12.31,1,7.0,1.5,-1.11,25,Single,Not Dropout
1,4,4,15,0,8.0,1,12,16,18.0,10.0,1,0,0,0,0,0,17,0,0,9,10,6,16.69,1,0,7,11,5,11.63,0,12.2,1.89,3.36,14,Single,Not Dropout
5,4,3,6,1,3.0,1,1,8,14.0,10.0,1,0,0,1,0,1,18,0,0,5,6,4,17.08,0,0,4,4,3,13.14,1,11.71,0.71,-0.55,4,Other,Not Dropout
1,11,1,14,0,,1,11,13,3.0,12.0,1,0,0,0,1,0,20,0,0,6,7,5,15.71,0,1,5,8,5,15.29,0,12.22,0.74,2.04,12,Single,Not Dropout
1,11,0,2,1,15.0,1,1,26,10.0,19.0,1,0,0,1,0,0,26,0,0,6,6,3,8.16,1,0,5,5,1,5.29,0,9.83,1.22,1.7,13,Single,Dropout
5,10,3,8,0,14.0,1,13,24,2.0,15.0,1,0,0,1,0,0,17,0,0,5,4,4,14.97,1,1,5,5,3,12.33,0,8.42,-0.73,-0.6,18,Other,Not Dropout
1,5,3,12,1,2.0,1,14,27,15.0,3.0,0,0,0,0,0,0,31,0,1,7,10,2,10.3,1,0,7,8,2,9.61,0,12.18,1.21,-2.46,20,Single,Not Dropout
5,10,4,8,1,5.0,1,22,16,19.0,4.0,0,0,0,1,0,1,30,0,1,7,8,5,15.05,0,1,7,8,7,18.54,0,7.56,0.79,0.07,19,Other,Not Dropout
1,3,0,13,1,6.0,16,3,23,1.0,,1,0,0,1,0,0,17,0,0,5,7,3,8.52,1,0,7,7,3,3.82,1,14.05,-0.74,1.68,13,Single,Dropout
1,9,3,15,1,2.0,1,14,12,3.0,6.0,1,0,0,1,0,1,38,0,2,9,12,3,,1,2,12,13,1,7.67,0,7.83,0.45,-0.4,13,Single,Dropout
1,3,4,8,1,9.0,1,6,1,18.0,14.0,0,0,0,1,0,0,24,0,3,8,5,4,14.27,0,0,6,7,3,11.55,1,7.0,0.6,-0.73,3,Single,Not Dropout
1,2,5,5,0,1.0,1,14,22,16.0,19.0,0,0,0,0,1,0,22,0,0,9,10,7,13.21,0,0,9,11,8,14.73,0,12.58,0.1,0.97,18,Single,Not Dropout
3,3,5,10,1,10.0,1,29,3,16.0,11.0,1,0,1,1,0,1,27,0,0,3,6,1,5.47,0,0,4,5,1,3.49,1,10.59,3.09,0.57,16,Other,Dropout
1,2,1,15,0,10.0,1,22,19,4.0,17.0,1,0,0,1,1,0,26,1,0,5,3,3,10.25,0,2,6,8,2,12.64,1,7.0,2.67,-1.59,20,Single,Dropout
6,9,1,17,1,10.0,1,25,29,13.0,9.0,1,0,0,0,1,1,24,0,0,8,7,2,,1,0,6,8,1,7.82,0,9.64,0.91,-3.02,27,Other,Dropout
1,10,3,14,1,15.0,1,2,1,16.0,14.0,1,0,0,1,0,0,17,0,1,4,3,2,,0,0,4,4,3,15.06,0,13.26,1.71,1.26,1,Single,Not Dropout
1,11,2,5,0,13.0,1,23,22,2.0,14.0,1,0,0,1,0,0,20,0,0,5,3,3,10.95,0,0,6,8,3,8.49,1,12.11,0.75,-1.59,22,Single,Not Dropout
4,8,1,4,1,5.0,1,26,26,6.0,6.0,1,0,0,1,1,0,25,0,0,4,6,3,14.72,0,0,3,0,3,16.89,1,10.47,1.12,-1.01,26,Other,Not Dropout
1,3,0,10,1,10.0,1,20,19,,14.0,0,0,0,1,0,0,28,0,0,7,8,2,10.12,0,1,6,11,3,12.76,0,11.45,2.22,2.25,19,Single,Not Dropout
3,1,0,7,1,13.0,1,23,21,11.0,11.0,1,0,0,1,1,0,32,0,2,6,4,3,10.77,0,0,7,12,5,11.77,0,10.94,-0.21,4.0,22,Other,Not Dropout
1,13,2,11,1,14.0,1,2,27,5.0,11.0,1,0,0,1,1,0,20,0,0,4,1,1,6.6,0,0,3,4,1,6.98,0,8.5,0.55,4.0,14,Single,Dropout
1,17,4,16,1,11.0,1,22,23,7.0,5.0,1,0,0,1,0,0,23,0,0,9,8,4,13.27,0,1,10,10,4,11.86,1,7.39,1.29,0.05,22,Single,Not Dropout
1,5,0,10,1,2.0,1,25,2,5.0,7.0,0,1,0,0,1,0,19,0,0,7,10,3,10.92,0,0,9,11,3,9.8,0,11.01,-0.26,3.14,13,Single,Dropout
1,4,0,7,1,,1,7,23,2.0,17.0,1,0,0,1,0,1,30,0,0,7,6,7,17.2,1,0,7,5,5,18.08,1,13.16,1.65,-2.93,15,Single,Not Dropout
1,6,1,15,1,14.0,1,14,22,13.0,12.0,0,0,0,1,1,0,21,0,0,6,3,4,,1,0,6,10,5,15.73,2,10.63,2.81,-0.53,18,Single,Not Dropout
1,4,5,8,1,2.0,1,13,7,13.0,3.0,0,0,0,1,0,0,19,0,0,8,9,7,8.99,0,0,9,11,6,12.94,1,12.33,2.22,-0.87,10,Single,Not Dropout
1,4,5,11,1,10.0,1,3,19,17.0,11.0,1,0,0,1,1,0,23,1,1,7,5,5,15.59,0,1,8,8,6,16.16,1,14.35,2.26,-1.23,11,Single,Not Dropout
1,9,2,3,1,9.0,1,4,25,11.0,12.0,1,0,0,1,1,0,17,0,0,3,7,2,12.81,0,0,2,1,1,11.19,2,8.01,0.1,0.43,14,Single,Not Dropout
2,14,0,9,0,4.0,1,9,25,13.0,16.0,0,0,0,0,0,1,26,0,0,10,11,6,12.58,1,0,10,6,7,15.03,0,13.37,1.16,0.82,17,Married,Not Dropout
1,13,0,8,0,6.0,1,4,26,7.0,17.0,0,0,0,1,1,0,21,0,0,9,9,6,10.68,1,0,10,12,5,10.1,0,7.39,2.64,-0.75,15,Single,Not Dropout
1,17,5,3,0,16.0,1,15,23,8.0,13.0,1,0,0,1,1,0,40,0,1,5,5,3,13.33,0,0,5,3,4,17.49,0,17.0,-0.29,0.37,19,Single,Not Dropout
6,7,2,4,1,10.0,1,2,4,8.0,1.0,0,0,1,1,1,0,19,1,1,3,3,2,15.66,0,0,2,2,1,,1,10.13,-0.59,-1.93,3,Other,Not Dropout
1,9,0,12,1,16.0,1,1,15,19.0,10.0,1,0,0,1,1,0,21,0,0,4,4,3,11.37,0,0,5,6,3,11.96,0,14.34,1.22,-5.0,8,Single,Not Dropout
1,7,5,4,1,8.0,1,19,7,9.0,4.0,1,0,0,1,0,0,29,0,1,4,10,0,5.78,0,0,4,4,0,6.68,0,11.74,0.95,0.28,13,Single,Dropout
1,1,3,3,1,14.0,1,8,3,17.0,1.0,1,0,0,1,0,0,28,0,1,7,10,1,8.58,0,1,7,5,3,10.01,1,8.94,2.89,0.9,5,Single,Dropout
1,7,2,1,0,10.0,1,11,8,7.0,18.0,0,0,0,1,1,1,29,0,1,5,5,4,17.23,0,0,3,4,3,18.95,0,7.0,2.71,1.95,9,Single,Not Dropout
1,5,2,1,1,15.0,1,10,27,14.0,4.0,0,0,1,1,1,0,21,0,0,5,6,3,12.69,0,0,7,8,4,9.91,0,12.21,1.27,-2.69,18,Single,Not Dropout
1,9,1,8,1,6.0,1,14,18,6.0,5.0,0,0,0,1,1,1,17,0,0,7,6,3,7.94,0,0,8,9,3,8.96,0,11.73,0.88,-2.98,16,Single,Not Dropout
1,3,5,9,0,7.0,1,14,23,8.0,7.0,0,0,0,1,0,0,39,0,1,6,9,3,12.94,0,0,6,10,4,11.47,0,12.18,0.77,-4.4,18,Single,Not Dropout
1,13,4,11,1,1.0,1,4,15,17.0,9.0,1,0,0,1,1,0,26,0,0,8,2,3,,0,1,9,14,1,7.64,0,9.86,-0.25,0.77,9,Single,Dropout
1,15,1,10,1,4.0,1,1,11,13.0,12.0,0,0,0,1,1,1,24,0,0,6,6,3,8.48,0,0,7,8,2,9.84,0,11.56,0.39,-1.57,6,Single,Not Dropout
1,17,4,10,1,3.0,1,13,15,10.0,6.0,1,1,1,1,0,0,28,0,0,9,8,6,13.14,0,0,10,13,6,12.28,0,12.79,-0.58,-1.38,14,Single,Not Dropout
1,2,1,17,1,3.0,4,17,29,8.0,16.0,0,0,0,1,0,1,17,0,0,10,12,6,,1,0,10,10,8,13.4,0,,0.9,1.24,23,Single,Not Dropout
1,2,2,5,1,5.0,1,23,9,16.0,3.0,1,0,0,1,0,0,20,0,1,7,8,4,10.42,0,1,6,4,4,14.68,0,11.46,0.43,3.0,16,Single,Not Dropout
2,17,4,13,1,14.0,1,6,10,3.0,19.0,1,0,0,1,0,0,17,0,0,6,3,5,15.87,0,0,5,7,5,12.17,0,,1.89,-1.09,8,Married,Not Dropout
1,15,0,2,1,7.0,1,3,25,17.0,17.0,0,0,0,1,1,1,24,0,0,6,6,3,9.53,1,1,6,4,4,9.69,0,11.11,2.57,1.8,14,Single,Not Dropout
1,11,4,15,1,14.0,1,18,11,12.0,12.0,1,0,0,1,1,1,17,0,0,8,9,4,,0,0,6,9,1,5.59,1,9.86,1.84,1.03,14,Single,Dropout
1,6,1,7,1,14.0,1,27,27,7.0,1.0,1,1,0,1,0,0,27,0,0,8,12,4,8.6,1,1,10,11,6,7.21,0,12.08,1.81,3.19,27,Single,Not Dropout
1,9,4,6,1,,1,7,29,14.0,14.0,0,0,0,1,0,0,30,0,0,3,4,1,7.45,1,1,3,3,2,7.65,1,11.89,2.38,0.78,18,Single,Not Dropout
1,10,2,3,1,9.0,1,3,2,19.0,14.0,0,0,0,1,1,0,30,0,1,7,7,4,10.68,1,2,8,7,5,10.18,0,13.17,1.25,-1.42,2,Single,Not Dropout
1,15,0,9,1,14.0,1,12,20,7.0,12.0,1,0,0,0,1,0,26,0,1,6,7,3,10.5,1,1,5,6,2,9.62,0,9.65,4.0,-1.35,16,Single,Dropout
5,9,4,7,1,7.0,1,17,3,8.0,6.0,1,0,0,1,1,1,24,0,0,7,3,4,10.97,0,0,7,7,4,,1,9.63,2.14,3.16,10,Other,Not Dropout
1,1,1,17,1,11.0,1,19,26,18.0,9.0,0,0,0,1,0,0,20,0,0,6,5,3,12.98,1,1,5,3,3,11.71,1,14.09,0.5,4.0,22,Single,Not Dropout
2,12,5,4,1,13.0,1,4,4,,8.0,1,0,0,1,1,1,26,0,0,6,3,4,16.02,0,0,4,5,4,15.53,0,8.69,0.48,-1.89,4,Married,Not Dropout
1,14,5,8,1,3.0,1,20,26,17.0,12.0,1,0,0,0,0,0,22,0,1,3,8,1,9.84,1,0,4,5,1,11.48,3,11.13,0.08,-3.82,23,Single,Dropout
1,6,1,16,1,1.0,1,10,23,18.0,7.0,0,0,0,1,0,0,17,0,1,3,3,1,12.44,0,1,5,7,3,10.86,0,11.51,1.23,0.86,16,Single,Not Dropout
1,2,3,14,1,3.0,20,1,16,12.0,8.0,0,0,0,1,0,0,19,0,0,6,8,5,17.11,1,1,9,9,8,17.64,0,7.0,-0.71,-2.55,8,Single,Not Dropout
1,3,2,13,0,12.0,1,27,7,2.0,18.0,1,0,0,1,0,0,28,0,0,6,4,1,10.08,0,0,6,7,2,6.69,0,11.59,0.9,-2.65,17,Single,Dropout
2,15,3,9,0,8.0,1,16,8,2.0,9.0,0,0,0,0,1,0,17,0,0,6,6,4,11.16,1,0,6,6,3,13.77,0,11.5,-1.0,-1.74,12,Married,Not Dropout
4,8,3,15,0,5.0,1,9,13,6.0,12.0,1,0,0,0,1,1,17,0,0,7,7,3,11.54,0,0,8,8,5,9.55,0,11.68,2.97,-1.22,11,Other,Not Dropout
2,9,1,4,1,13.0,1,24,25,1.0,,0,0,0,1,0,0,22,0,0,5,7,3,14.6,0,0,4,4,3,14.15,1,9.06,1.06,-3.45,24,Married,Not Dropout
1,17,3,14,0,1.0,1,24,27,15.0,18.0,0,0,0,1,0,1,17,0,0,4,4,2,9.92,0,0,3,5,1,13.5,0,8.41,4.0,1.62,25,Single,Not Dropout
1,2,1,10,1,3.0,1,6,15,13.0,11.0,1,0,0,1,0,0,27,0,0,8,7,5,10.95,0,0,8,8,2,8.65,0,8.01,1.18,-0.51,10,Single,Not Dropout
1,4,5,6,1,8.0,1,28,7,9.0,6.0,1,0,0,1,0,0,27,0,0,7,3,3,8.44,0,0,6,6,3,8.19,1,14.43,1.0,0.95,17,Single,Not Dropout
3,15,5,4,0,15.0,1,16,17,16.0,2.0,0,0,0,1,1,1,29,0,1,5,10,4,11.27,1,0,4,7,3,11.64,0,12.01,-0.31,-1.42,16,Other,Not Dropout
1,10,0,9,1,12.0,1,8,25,3.0,17.0,0,0,1,1,1,0,24,0,0,8,7,4,11.25,0,0,10,11,3,8.47,0,9.67,0.93,0.27,16,Single,Not Dropout
1,1,4,1,1,11.0,1,13,16,10.0,10.0,0,0,0,1,0,1,18,0,2,4,4,1,8.5,0,0,3,6,1,10.86,0,8.37,3.88,-0.26,14,Single,Not Dropout
1,12,5,13,1,12.0,1,6,26,7.0,11.0,1,0,0,1,0,0,17,0,0,7,6,5,14.76,0,0,8,6,5,16.22,1,8.07,1.53,1.06,16,Single,Not Dropout
1,3,0,5,1,5.0,1,25,1,1.0,19.0,1,0,0,1,0,0,26,0,0,7,10,5,14.48,0,1,6,10,5,14.41,0,11.52,2.75,-2.38,13,Single,Not Dropout
1,14,4,7,1,8.0,1,8,15,10.0,8.0,1,0,0,1,0,0,27,0,0,5,4,3,11.58,0,0,5,7,3,10.02,0,11.23,1.25,1.85,11,Single,Not Dropout
3,14,5,4,1,15.0,1,13,2,3.0,2.0,1,1,0,1,1,0,17,0,0,7,7,5,15.37,0,1,7,8,4,12.47,0,7.18,3.33,-0.12,7,Other,Not Dropout
2,15,1,8,1,12.0,1,2,18,1.0,13.0,1,0,1,1,0,0,17,0,2,4,5,4,15.27,0,0,4,6,3,10.79,1,8.43,2.35,-1.54,10,Married,Not Dropout
4,8,3,7,1,10.0,1,28,18,5.0,19.0,1,0,1,1,1,0,23,0,1,6,9,4,11.67,0,2,5,9,2,9.95,0,9.34,0.15,0.39,23,Other,Not Dropout
1,5,4,4,1,2.0,1,9,10,4.0,4.0,0,0,0,1,0,0,24,0,0,6,6,4,12.8,1,0,7,6,3,9.75,0,13.62,2.03,2.35,9,Single,Not Dropout
1,15,2,16,1,12.0,1,19,24,12.0,19.0,1,0,1,1,0,0,29,0,1,4,5,1,9.31,0,0,4,1,1,6.53,0,9.15,2.74,1.56,21,Single,Dropout
1,10,1,13,1,6.0,1,11,28,16.0,11.0,0,0,0,1,0,0,27,0,0,7,7,3,10.64,0,0,5,6,3,9.96,0,11.18,-1.0,1.88,19,Single,Not Dropout
1,11,2,7,1,7.0,1,17,14,10.0,11.0,1,0,0,1,0,1,23,0,0,8,8,5,12.35,0,0,9,7,6,13.47,0,13.92,0.26,0.12,15,Single,Not Dropout
1,3,2,1,1,11.0,1,17,13,,19.0,1,0,0,1,1,0,29,0,0,6,10,6,18.1,0,2,6,5,5,17.22,1,,-1.0,-1.83,15,Single,Not Dropout
1,11,4,15,1,7.0,1,9,6,2.0,7.0,1,0,0,1,0,1,21,0,1,6,5,4,11.09,0,0,6,11,3,11.39,0,13.04,2.49,-0.38,7,Single,Not Dropout
1,10,2,12,1,10.0,1,13,1,15.0,15.0,0,0,0,1,0,0,21,0,0,6,7,3,8.57,0,0,6,5,2,9.0,0,15.16,2.09,0.09,7,Single,Dropout
1,5,2,10,1,1.0,1,18,12,10.0,1.0,0,0,0,1,0,0,28,0,1,6,5,3,8.21,0,0,4,2,2,12.07,0,11.99,0.99,2.21,15,Single,Not Dropout
1,14,5,11,1,3.0,15,7,13,9.0,13.0,1,0,0,1,1,0,29,0,1,5,7,1,4.91,0,0,4,6,1,5.17,0,9.38,1.07,-1.7,10,Single,Dropout
1,3,3,1,1,9.0,1,4,23,17.0,1.0,0,0,0,1,1,1,29,0,0,6,6,4,,1,0,6,8,5,14.45,2,15.65,1.54,2.31,13,Single,Not Dropout
1,13,5,9,1,16.0,1,6,26,6.0,1.0,1,1,0,1,0,0,22,0,2,6,7,4,11.51,1,0,5,9,3,12.3,0,12.71,1.65,2.07,16,Single,Not Dropout
3,17,4,4,1,13.0,1,13,4,9.0,8.0,1,0,0,1,0,0,23,0,1,9,10,4,7.74,0,0,10,8,4,8.54,0,9.41,4.0,2.76,8,Other,Not Dropout
1,10,5,12,1,7.0,1,7,5,18.0,8.0,0,0,0,0,0,1,18,0,0,6,4,4,9.95,0,0,4,4,2,11.98,0,12.81,0.89,1.64,6,Single,Not Dropout
2,2,1,16,1,16.0,1,9,17,3.0,,1,0,0,1,1,0,28,0,0,5,5,4,13.26,0,1,5,7,4,13.86,1,7.0,1.38,-0.06,13,Married,Not Dropout
1,10,5,10,0,5.0,17,20,11,10.0,17.0,0,0,0,1,0,1,19,0,0,3,0,1,11.68,0,0,5,5,3,11.35,0,11.8,2.07,-1.19,15,Single,Not Dropout
1,9,5,11,1,15.0,1,20,21,11.0,18.0,0,0,0,1,0,1,17,0,0,8,9,3,6.4,0,0,7,11,3,9.83,1,7.0,2.53,2.94,20,Single,Not Dropout
1,10,0,12,1,7.0,1,28,10,14.0,12.0,0,0,0,1,1,1,20,0,1,9,8,8,13.89,0,0,9,9,8,17.73,0,9.34,1.39,1.11,19,Single,Not Dropout
2,5,2,16,1,2.0,1,23,13,18.0,3.0,1,0,0,1,0,0,18,0,0,4,4,3,12.67,1,0,3,3,2,9.93,1,9.86,1.67,-3.18,18,Married,Not Dropout
1,11,2,1,1,1.0,1,13,13,7.0,13.0,1,0,0,1,0,0,17,0,1,7,8,3,8.57,0,0,5,5,1,8.89,0,8.43,1.17,2.58,13,Single,Dropout
1,5,2,6,1,16.0,1,27,18,3.0,10.0,0,0,1,0,1,0,20,0,0,7,8,5,8.55,0,0,8,11,5,10.61,0,11.38,0.84,0.08,22,Single,Not Dropout
1,10,4,5,1,11.0,1,27,3,8.0,11.0,1,0,0,1,0,0,28,0,0,6,2,2,4.53,0,0,6,8,0,2.3,1,9.34,4.0,0.73,15,Single,Dropout
1,11,4,13,0,3.0,1,7,26,3.0,10.0,1,0,0,1,0,0,25,0,0,4,4,3,12.03,0,1,4,4,3,12.95,0,11.44,1.4,3.96,16,Single,Not Dropout
1,11,1,8,1,16.0,1,5,10,14.0,,0,0,0,1,0,0,25,0,0,7,8,7,,0,1,7,6,7,20.0,0,14.45,3.44,-0.36,7,Single,Not Dropout
1,14,3,14,1,1.0,1,26,7,11.0,8.0,0,0,0,1,0,1,32,0,2,9,13,5,13.27,0,1,8,9,6,14.16,0,8.84,0.83,-4.07,16,Single,Not Dropout
1,16,5,9,0,6.0,1,26,19,15.0,19.0,1,0,0,0,0,1,20,0,2,9,15,4,11.03,1,0,8,10,4,11.16,1,13.2,-0.21,0.48,22,Single,Not Dropout
1,14,2,17,0,12.0,1,25,4,7.0,11.0,0,0,1,1,1,0,17,0,1,7,11,4,12.22,0,0,7,8,4,13.32,0,17.0,-0.73,-1.1,14,Single,Not Dropout
1,14,5,14,1,1.0,1,14,18,19.0,14.0,1,0,0,1,1,1,26,0,1,8,7,7,13.73,0,0,10,11,7,11.31,0,11.58,0.76,-0.57,16,Single,Not Dropout
1,15,3,1,1,15.0,1,26,2,18.0,18.0,0,0,0,1,1,0,25,0,0,3,5,2,16.53,0,0,3,5,2,13.62,0,7.23,-1.0,-1.52,14,Single,Not Dropout
2,5,5,17,1,11.0,1,23,8,18.0,16.0,0,0,1,1,1,1,17,0,0,7,10,3,11.79,0,0,5,5,3,13.06,0,12.36,3.08,-3.43,15,Married,Not Dropout
2,5,5,17,1,16.0,1,22,22,14.0,9.0,1,0,0,1,0,0,22,0,0,7,9,2,,0,0,11,12,1,4.06,0,10.79,0.96,1.4,22,Married,Dropout
1,10,0,1,0,14.0,1,18,11,4.0,4.0,1,0,0,1,0,0,26,0,0,6,6,2,12.14,0,1,5,6,2,9.84,1,15.01,1.44,3.18,14,Single,Not Dropout
1,8,4,7,1,14.0,1,8,27,3.0,3.0,1,0,0,1,0,0,25,0,1,6,7,1,8.93,2,0,4,3,2,8.87,0,8.39,-0.12,1.02,17,Single,Not Dropout
1,12,1,17,1,4.0,1,22,11,19.0,7.0,1,0,0,1,0,0,27,0,0,5,6,4,10.53,1,0,7,8,4,7.64,1,,-0.77,-1.71,16,Single,Not Dropout
1,1,4,15,1,,1,26,21,17.0,13.0,0,0,0,1,0,0,19,0,0,3,2,0,7.4,0,1,2,3,1,5.69,0,10.7,-0.29,-0.11,23,Single,Dropout
1,3,4,8,1,4.0,1,26,1,17.0,16.0,1,0,0,1,0,0,17,0,0,7,8,2,14.1,0,1,6,4,4,14.8,0,10.98,2.85,4.0,13,Single,Not Dropout
1,13,1,10,1,3.0,1,18,29,13.0,1.0,0,0,0,1,1,0,18,0,0,10,8,10,17.25,0,0,11,14,11,20.0,0,9.78,2.51,1.44,23,Single,Not Dropout
5,14,0,1,1,11.0,1,2,18,17.0,,1,0,0,1,0,1,28,0,0,5,10,3,15.78,0,0,7,7,7,17.08,1,11.38,1.06,0.14,10,Other,Not Dropout
1,6,2,10,1,1.0,1,22,21,10.0,18.0,1,0,0,1,0,0,29,0,1,6,6,4,11.97,0,0,6,7,3,14.03,0,13.41,-0.5,-2.53,21,Single,Not Dropout
2,6,1,12,1,7.0,1,8,10,4.0,16.0,0,0,0,1,1,0,22,0,0,4,6,4,14.75,0,0,5,4,4,15.85,0,11.37,1.34,0.25,9,Married,Not Dropout
1,10,3,7,1,10.0,1,6,9,5.0,18.0,0,0,1,1,1,0,32,0,1,7,8,6,12.75,0,0,9,10,6,14.19,1,13.08,2.89,-0.86,7,Single,Not Dropout
1,9,0,6,1,9.0,1,3,13,17.0,19.0,1,0,0,1,0,1,22,0,1,5,6,4,13.98,0,0,4,9,3,11.77,0,14.1,3.87,1.59,8,Single,Not Dropout
1,3,0,15,1,8.0,1,5,8,13.0,2.0,1,0,0,1,1,1,20,0,1,6,8,2,11.41,0,0,6,8,3,7.57,0,10.47,4.0,-0.15,6,Single,Not Dropout
1,9,2,8,1,4.0,1,15,1,19.0,13.0,1,0,0,1,0,0,17,0,2,8,11,4,12.49,0,1,8,9,6,11.93,0,7.0,1.71,2.71,8,Single,Not Dropout
1,14,4,5,1,2.0,3,9,20,18.0,11.0,0,0,0,1,0,0,23,0,0,7,8,5,15.56,0,1,6,5,5,12.08,0,10.34,0.14,2.95,14,Single,Not Dropout
1,13,1,7,0,16.0,1,12,21,15.0,10.0,0,0,0,1,1,0,29,0,0,6,8,5,18.43,0,0,7,7,7,17.67,0,8.23,1.58,-3.61,16,Single,Not Dropout
1,14,1,9,1,8.0,1,15,20,1.0,16.0,0,0,0,1,1,0,31,0,1,5,7,5,17.32,0,0,6,6,3,15.59,1,14.15,0.19,0.95,17,Single,Not Dropout
1,11,0,5,1,10.0,1,16,17,4.0,18.0,0,0,0,1,0,0,29,0,1,8,6,6,14.98,1,0,9,11,5,14.67,0,11.43,2.93,3.16,16,Single,Not Dropout
1,15,1,10,1,10.0,1,13,16,8.0,9.0,0,0,1,1,1,0,26,0,0,4,5,2,15.0,1,0,5,5,2,11.77,0,12.96,3.19,2.24,14,Single,Not Dropout
1,5,1,15,1,6.0,1,14,29,1.0,13.0,0,0,0,1,0,0,33,0,0,9,9,7,14.38,1,0,9,11,8,12.85,0,12.96,0.96,-4.74,21,Single,Not Dropout
2,1,1,13,1,12.0,1,26,16,18.0,10.0,0,0,0,1,0,0,17,0,0,6,8,4,,2,1,6,7,3,13.04,0,14.35,2.24,3.96,21,Married,Not Dropout
1,2,2,4,1,7.0,1,9,21,,13.0,1,0,0,0,0,0,30,0,0,4,6,3,18.05,3,1,5,3,3,17.84,0,13.88,2.88,-3.04,15,Single,Not Dropout
1,17,1,9,1,7.0,1,1,13,8.0,19.0,1,0,0,1,0,1,25,0,0,4,5,2,5.68,0,0,7,10,4,6.51,0,8.58,-0.45,-3.76,7,Single,Not Dropout
1,11,4,10,1,13.0,1,24,1,13.0,16.0,0,0,0,1,0,0,24,0,0,6,8,3,13.14,0,0,4,4,2,9.75,1,9.22,2.75,-3.57,12,Single,Not Dropout
1,5,2,12,1,6.0,1,3,11,1.0,,0,0,0,1,0,0,17,0,0,6,7,4,15.88,0,1,5,4,4,12.3,0,11.29,1.49,1.18,7,Single,Not Dropout
4,15,4,13,1,12.0,1,23,21,13.0,17.0,0,0,0,1,0,0,25,0,0,7,7,6,17.5,0,2,7,8,6,19.2,0,15.44,0.53,-2.01,22,Other,Not Dropout
1,6,3,9,1,11.0,1,10,19,2.0,10.0,1,0,0,0,1,0,30,0,1,4,7,3,16.06,1,1,5,7,5,16.64,2,7.74,-0.67,-1.64,14,Single,Not Dropout
1,11,3,6,1,1.0,1,25,21,18.0,12.0,0,0,0,1,1,1,17,0,0,8,10,5,7.01,0,0,10,10,0,6.27,0,11.41,1.74,-1.2,23,Single,Dropout
1,5,3,12,1,11.0,1,5,22,14.0,3.0,1,0,0,1,0,1,28,0,0,2,7,1,,0,1,3,5,1,5.74,0,13.2,2.17,2.5,13,Single,Not Dropout
1,2,5,3,1,13.0,1,5,7,7.0,9.0,1,0,1,1,1,1,17,0,0,6,7,4,11.94,0,0,6,5,4,14.67,0,10.51,4.0,1.48,6,Single,Not Dropout
1,5,1,12,1,5.0,1,12,24,14.0,6.0,1,0,0,1,0,0,17,0,1,5,5,2,7.42,0,0,6,9,1,6.05,0,15.88,0.04,-2.77,18,Single,Dropout
1,4,5,16,1,15.0,16,13,21,6.0,2.0,0,0,0,0,0,1,22,0,0,6,3,6,17.0,1,0,6,4,5,17.65,1,9.56,2.88,-1.62,17,Single,Not Dropout
1,10,1,13,1,1.0,1,21,9,3.0,17.0,1,0,0,1,0,0,32,0,0,8,14,4,16.65,0,0,8,8,6,11.48,0,10.45,3.11,-3.33,15,Single,Not Dropout
1,1,0,8,1,3.0,1,19,15,1.0,3.0,0,0,0,1,1,0,22,0,0,8,10,7,13.49,0,1,9,12,9,,0,13.04,0.68,-1.51,17,Single,Not Dropout
1,5,4,14,1,16.0,1,29,25,5.0,14.0,0,0,0,1,0,0,26,0,1,7,10,3,8.73,0,0,4,4,2,11.7,0,10.54,2.63,0.88,27,Single,Not Dropout
1,10,5,10,1,14.0,1,20,5,14.0,15.0,1,0,0,1,0,0,18,0,0,9,13,5,11.12,1,3,9,9,5,11.64,0,12.79,-0.71,-0.64,12,Single,Not Dropout
2,7,0,10,1,13.0,1,6,9,11.0,12.0,1,0,0,0,0,0,22,0,0,9,10,3,10.37,0,0,8,6,2,8.12,0,14.96,4.0,-2.43,7,Married,Dropout
1,11,3,15,1,10.0,1,3,6,,16.0,0,0,0,1,1,1,23,0,4,9,9,4,9.09,1,0,8,11,2,11.79,0,10.46,0.97,1.85,4,Single,Not Dropout
1,12,3,4,1,4.0,1,8,9,14.0,3.0,0,0,0,1,1,0,33,0,0,5,8,3,7.1,0,0,4,5,2,9.07,0,7.0,0.14,0.08,8,Single,Dropout
2,17,1,14,1,8.0,1,29,6,8.0,1.0,0,0,0,1,0,0,19,0,0,8,9,1,,1,1,6,8,2,4.04,0,14.95,1.12,-2.01,17,Married,Dropout
1,15,3,12,1,10.0,1,23,24,3.0,17.0,1,0,0,0,0,0,19,0,0,8,5,7,12.79,0,1,10,12,6,14.34,0,14.88,1.38,3.17,23,Single,Not Dropout
1,4,4,9,0,2.0,11,22,29,13.0,4.0,0,0,0,1,0,0,29,0,0,6,10,4,10.33,0,0,9,6,8,8.48,0,7.0,0.01,0.69,25,Single,Not Dropout
1,12,3,2,1,10.0,1,8,29,9.0,6.0,0,0,1,0,1,0,22,0,0,8,7,7,12.82,0,0,8,5,7,11.14,0,11.22,3.02,-0.13,18,Single,Not Dropout
5,11,3,14,1,2.0,1,14,11,13.0,14.0,1,0,0,1,1,0,24,0,1,6,5,3,11.06,0,2,8,8,4,8.71,0,11.55,1.73,0.88,12,Other,Not Dropout
1,11,5,4,1,3.0,1,21,28,11.0,11.0,0,0,0,1,1,0,26,0,3,4,7,3,15.67,0,0,3,8,3,15.13,0,10.36,1.4,-3.07,24,Single,Not Dropout
1,14,1,16,1,3.0,1,28,3,2.0,4.0,1,0,1,1,0,0,19,0,1,9,6,7,14.6,0,0,11,11,9,14.99,0,12.38,-0.29,-3.15,15,Single,Not Dropout
1,3,3,14,1,4.0,1,17,4,1.0,5.0,0,0,0,1,0,0,17,1,0,5,6,3,12.84,0,1,4,8,2,,0,11.57,2.3,-1.6,10,Single,Not Dropout
1,7,1,7,0,2.0,1,1,10,2.0,16.0,1,0,0,1,0,0,29,0,1,3,4,1,11.31,0,0,2,0,1,12.66,0,11.17,2.55,1.81,5,Single,Not Dropout
1,14,5,8,1,16.0,1,25,9,5.0,10.0,1,0,0,1,1,1,24,0,2,12,15,9,11.98,2,0,12,14,9,12.66,0,12.15,1.95,-1.34,17,Single,Not Dropout
1,16,1,1,1,13.0,1,28,27,5.0,18.0,1,0,1,1,1,0,17,0,0,4,6,3,15.37,0,1,6,8,6,16.29,0,16.28,1.13,-0.83,27,Single,Not Dropout
3,1,5,9,1,9.0,1,1,23,18.0,11.0,1,0,1,1,1,0,28,0,1,7,9,3,14.15,1,0,8,6,4,11.39,1,9.24,0.64,4.0,12,Other,Not Dropout
1,9,3,1,0,6.0,1,12,22,15.0,13.0,1,0,0,1,1,0,35,0,0,4,7,3,13.19,0,2,6,3,4,,0,9.43,1.57,-3.42,17,Single,Not Dropout
1,5,1,17,0,4.0,1,29,24,17.0,7.0,1,0,0,1,0,0,30,0,0,6,10,2,6.13,0,0,4,8,1,7.55,1,13.66,1.49,1.86,26,Single,Dropout
1,3,4,11,0,16.0,1,28,22,10.0,1.0,1,0,1,1,1,1,35,0,0,5,5,2,9.77,0,0,4,3,1,6.42,1,13.45,2.47,-2.47,25,Single,Dropout
5,1,1,4,1,13.0,14,28,15,7.0,10.0,1,0,1,1,1,0,17,0,2,5,4,2,8.62,2,0,4,7,2,7.22,0,8.52,1.83,1.97,21,Other,Dropout
1,10,1,14,1,13.0,1,29,2,8.0,14.0,1,0,0,1,0,1,24,0,0,8,7,5,13.37,0,0,10,10,8,16.25,1,9.55,-1.0,-1.6,15,Single,Not Dropout
1,12,2,1,1,8.0,1,1,1,17.0,8.0,1,0,0,1,0,1,25,0,0,10,12,4,8.77,1,1,11,14,4,7.16,0,10.23,1.84,-0.31,1,Single,Not Dropout
3,10,4,10,1,1.0,1,5,29,7.0,17.0,0,1,0,1,0,1,22,0,0,6,6,5,9.71,0,2,4,5,2,12.97,0,9.9,0.6,-1.91,17,Other,Not Dropout
1,7,2,2,1,,19,15,15,,14.0,1,0,0,1,1,0,21,0,0,3,3,1,9.74,0,0,3,6,2,11.56,1,8.61,-0.34,-2.94,15,Single,Not Dropout
2,14,3,1,0,8.0,1,18,28,3.0,10.0,0,0,0,0,0,0,17,0,2,4,7,3,13.76,0,0,3,5,1,9.4,0,15.14,-0.71,-2.35,23,Married,Not Dropout
1,12,3,5,1,5.0,1,12,1,19.0,11.0,1,0,0,1,1,0,33,0,1,5,7,5,14.56,0,1,5,9,4,18.49,0,9.55,0.18,-0.36,6,Single,Not Dropout
1,16,1,6,1,6.0,1,8,19,13.0,5.0,1,0,0,1,1,0,17,0,0,6,10,3,12.06,0,0,9,13,6,11.33,1,12.23,-1.0,-1.14,13,Single,Not Dropout
2,6,1,13,1,1.0,1,8,9,19.0,17.0,0,0,0,1,0,0,28,0,0,6,8,3,10.55,0,0,6,8,3,9.72,0,11.43,0.8,-2.52,8,Married,Not Dropout
1,5,1,16,1,14.0,1,18,11,6.0,,0,0,0,1,0,1,23,0,0,10,12,7,12.12,0,0,10,10,5,12.01,0,11.66,2.87,0.83,14,Single,Not Dropout
1,8,1,14,1,3.0,10,29,20,12.0,,0,0,0,0,1,1,23,0,1,6,6,6,16.53,0,1,5,2,5,17.44,0,12.36,1.21,-4.07,24,Single,Not Dropout
1,9,5,13,1,14.0,1,24,15,6.0,15.0,1,0,0,1,0,0,22,0,0,8,5,5,10.85,0,0,9,10,4,10.27,0,9.82,-0.67,0.29,19,Single,Not Dropout
1,8,2,10,1,16.0,1,6,4,9.0,,1,0,0,1,0,1,24,0,1,6,6,2,7.59,2,0,6,6,1,4.58,0,11.63,-0.25,-1.13,5,Single,Dropout
1,15,2,7,1,1.0,1,5,29,7.0,10.0,1,0,0,0,0,1,27,0,0,6,6,3,5.2,0,1,5,9,1,7.6,0,7.0,4.0,1.1,17,Single,Dropout
1,1,4,5,1,10.0,1,8,21,3.0,4.0,1,0,0,1,1,1,29,0,0,6,4,2,11.3,0,0,7,11,3,8.04,0,8.11,1.5,2.92,14,Single,Not Dropout
1,9,4,17,1,2.0,1,22,11,9.0,13.0,0,0,0,1,0,0,22,0,0,6,7,2,7.32,0,0,6,7,2,4.79,0,11.93,1.55,-1.29,16,Single,Dropout
1,8,4,9,1,14.0,1,1,19,11.0,3.0,1,0,1,1,1,0,17,0,0,5,8,1,1.38,0,0,5,7,0,1.84,0,10.69,1.29,-0.77,10,Single,Dropout
1,4,3,10,1,9.0,1,21,5,3.0,6.0,1,0,0,1,1,0,17,0,0,6,6,3,9.69,0,3,5,10,2,13.78,0,8.22,-1.0,1.13,13,Single,Not Dropout
2,11,5,1,1,1.0,1,17,13,8.0,10.0,1,0,0,1,1,1,29,0,0,5,7,2,11.68,1,2,3,3,2,11.64,0,10.39,-1.0,0.08,15,Married,Not Dropout
1,14,5,8,1,13.0,1,20,13,2.0,8.0,1,0,0,1,0,0,21,0,0,10,10,8,17.12,1,1,11,13,10,18.37,1,13.72,-0.35,1.57,16,Single,Not Dropout
1,10,1,12,0,13.0,1,25,11,13.0,4.0,1,0,0,1,0,0,17,0,0,7,8,3,10.76,0,0,7,7,4,10.75,0,16.84,0.24,-1.72,18,Single,Not Dropout
1,2,0,9,1,15.0,1,18,15,6.0,2.0,1,0,0,1,1,1,19,0,0,7,7,4,10.81,1,0,7,9,5,12.19,0,7.58,-0.15,1.12,16,Single,Not Dropout
1,2,2,11,1,8.0,1,19,27,2.0,1.0,0,0,0,1,1,0,22,0,0,6,8,4,9.54,0,1,6,6,4,13.11,0,8.39,1.02,0.29,23,Single,Not Dropout
1,8,5,14,0,15.0,1,14,1,10.0,4.0,0,0,0,1,0,0,17,0,2,4,6,1,,1,0,3,0,2,10.27,0,16.43,2.62,0.67,7,Single,Not Dropout
1,12,5,1,1,11.0,10,19,17,,6.0,1,0,0,1,0,0,23,0,0,4,8,2,10.83,0,0,4,7,2,8.77,0,11.02,3.02,-0.99,18,Single,Dropout
1,6,4,16,0,9.0,1,12,28,19.0,3.0,1,0,0,1,0,0,31,0,3,6,6,5,18.76,0,0,7,8,6,19.26,0,13.08,0.48,-0.75,20,Single,Not Dropout
4,6,4,14,0,6.0,1,2,26,19.0,,0,0,0,1,0,0,22,0,0,6,7,1,6.52,0,0,6,10,3,7.97,2,12.03,0.9,-2.1,14,Other,Dropout
2,15,1,8,1,5.0,1,1,27,4.0,,1,0,0,1,0,0,17,0,1,7,10,5,12.13,1,0,6,10,4,11.39,0,12.46,1.72,1.11,14,Married,Not Dropout
1,1,3,13,1,10.0,1,21,12,4.0,14.0,0,0,0,1,0,0,28,0,0,7,7,2,8.71,0,1,8,10,3,9.86,0,8.91,1.52,0.06,16,Single,Dropout
2,2,1,2,1,12.0,1,19,17,17.0,6.0,0,0,0,1,1,0,30,0,0,5,7,3,13.95,1,0,5,3,2,8.29,2,11.57,1.31,0.06,18,Married,Not Dropout
3,3,3,6,1,1.0,1,12,18,13.0,9.0,1,0,0,1,0,0,30,0,0,11,11,8,12.4,0,0,11,13,7,13.42,1,10.78,2.1,-1.98,15,Other,Not Dropout
1,17,1,2,1,7.0,1,22,25,11.0,15.0,0,0,0,1,0,0,23,0,0,7,9,4,9.58,2,0,6,6,5,10.98,1,13.58,2.3,1.02,23,Single,Not Dropout
1,9,0,11,0,1.0,1,14,28,16.0,19.0,1,0,0,1,0,1,37,0,0,6,8,3,7.75,0,0,5,11,0,7.0,0,15.54,2.48,-2.5,21,Single,Dropout
1,3,5,15,1,7.0,1,8,8,2.0,11.0,1,0,0,1,0,1,27,0,0,6,10,5,10.98,0,0,6,8,4,11.67,1,9.91,1.28,1.28,8,Single,Not Dropout
1,6,5,11,1,13.0,1,17,4,11.0,4.0,0,0,0,1,1,0,41,0,0,8,7,7,15.89,0,1,6,10,6,15.44,0,12.41,2.39,-3.4,10,Single,Not Dropout
1,17,4,13,1,12.0,1,11,8,11.0,17.0,1,0,0,1,0,0,31,0,1,6,8,1,7.46,0,1,6,8,0,1.35,0,11.78,-1.0,3.96,9,Single,Dropout
1,12,3,3,1,2.0,1,29,8,18.0,10.0,1,0,0,1,0,0,30,0,0,8,9,8,19.72,1,1,7,11,6,17.84,0,12.57,1.4,4.0,18,Single,Not Dropout
1,4,1,16,1,12.0,1,21,9,9.0,1.0,0,0,0,0,0,1,19,0,0,6,4,2,9.44,0,0,6,8,4,11.34,1,12.45,2.13,1.85,15,Single,Not Dropout
2,5,3,4,1,1.0,1,22,27,10.0,5.0,0,0,0,1,1,1,17,0,0,6,6,6,13.15,1,0,6,6,4,13.63,0,13.91,-0.31,-0.13,24,Married,Not Dropout
1,2,4,9,1,1.0,1,20,7,16.0,11.0,1,0,0,1,0,1,24,0,0,4,4,1,7.68,0,0,2,5,0,7.81,0,10.02,2.82,-1.68,13,Single,Dropout
1,14,3,12,1,15.0,1,20,13,6.0,16.0,0,0,0,0,0,0,22,0,1,8,10,4,8.54,0,0,10,8,6,10.66,1,7.07,-1.0,-1.92,16,Single,Not Dropout
1,3,1,15,1,1.0,16,23,11,2.0,17.0,1,0,0,1,1,1,20,0,0,4,3,1,7.15,0,0,4,8,0,6.93,0,9.67,-1.0,-0.53,17,Single,Dropout
1,5,2,16,0,5.0,1,13,8,9.0,4.0,0,0,1,1,0,1,22,1,1,8,9,6,11.6,0,0,9,13,6,11.05,0,10.2,1.28,1.38,10,Single,Not Dropout
1,6,5,11,1,3.0,1,24,6,12.0,14.0,1,0,0,1,0,0,22,0,0,5,6,2,6.99,0,0,6,8,2,8.68,0,14.55,-1.0,-0.09,15,Single,Dropout
3,11,1,10,1,10.0,1,1,29,10.0,19.0,1,0,0,1,0,0,19,0,0,8,10,3,8.26,1,0,10,10,5,8.84,0,13.53,1.25,4.0,15,Other,Not Dropout
2,11,5,8,1,9.0,1,20,19,14.0,16.0,0,0,0,1,1,0,27,0,0,9,9,8,14.81,1,0,9,8,9,18.3,1,15.89,3.03,-0.88,19,Married,Not Dropout
3,14,4,10,1,14.0,1,16,3,,14.0,1,0,0,1,0,0,18,0,0,5,3,3,11.34,0,1,4,7,3,14.28,0,11.43,1.18,-0.74,9,Other,Not Dropout
2,6,5,12,0,16.0,7,1,19,1.0,16.0,0,0,0,1,1,0,23,0,0,5,8,3,11.37,0,1,3,5,2,11.92,0,13.86,0.19,-0.31,10,Married,Not Dropout
4,7,3,11,1,12.0,1,20,18,,11.0,1,0,0,0,0,0,17,0,0,10,10,4,11.83,0,0,11,8,5,13.99,1,11.58,2.6,0.57,19,Other,Not Dropout
1,7,1,11,1,8.0,1,1,11,17.0,12.0,0,0,0,1,0,1,24,0,0,7,10,6,16.19,0,0,7,7,6,16.32,0,9.15,-1.0,-1.52,6,Single,Not Dropout
1,1,0,8,1,1.0,1,21,23,12.0,11.0,1,0,0,1,1,1,24,0,0,8,9,6,10.23,0,0,10,8,5,8.79,0,8.96,1.81,1.79,22,Single,Not Dropout
1,13,3,4,1,15.0,1,16,24,6.0,19.0,1,0,1,1,1,0,17,0,2,4,5,3,12.98,1,0,3,4,2,13.66,0,7.0,1.16,-3.51,20,Single,Not Dropout
1,10,2,1,1,9.0,1,18,23,8.0,7.0,1,0,0,1,1,0,23,0,0,4,6,0,4.06,0,0,3,3,0,,0,12.75,-0.96,2.9,20,Single,Dropout
1,9,0,8,1,4.0,1,18,19,10.0,15.0,1,0,0,1,0,0,22,0,0,7,9,4,11.07,0,0,6,7,3,,2,15.49,0.6,0.39,18,Single,Not Dropout
1,17,5,7,0,9.0,1,9,13,9.0,1.0,0,0,0,1,1,0,20,0,0,6,7,1,8.57,0,0,9,8,5,8.22,1,,1.23,-0.96,11,Single,Not Dropout
4,4,5,11,1,7.0,1,19,7,5.0,8.0,0,0,0,1,0,0,20,0,1,4,4,3,12.51,0,1,6,10,3,12.08,0,12.41,1.57,2.67,13,Other,Not Dropout
1,17,2,16,1,,1,7,2,8.0,18.0,0,0,0,1,1,0,26,0,0,7,8,4,9.76,2,0,6,4,4,14.84,0,14.33,3.73,0.91,4,Single,Not Dropout
4,12,4,12,1,8.0,1,23,27,6.0,5.0,1,0,0,1,0,0,23,0,1,3,0,2,11.68,0,0,3,6,2,10.93,0,9.02,0.85,-1.77,25,Other,Not Dropout
1,4,2,14,1,13.0,1,3,25,9.0,16.0,1,0,0,1,0,1,29,0,0,7,10,4,11.98,1,0,7,10,4,10.61,0,,0.75,-1.27,14,Single,Not Dropout
1,12,2,10,1,3.0,1,5,6,8.0,10.0,1,0,0,1,1,0,17,0,0,5,4,2,10.2,0,0,3,1,1,9.88,0,10.82,0.34,-1.22,5,Single,Dropout
1,13,3,16,1,16.0,19,21,24,11.0,3.0,0,0,0,1,0,0,22,0,0,8,8,6,10.31,0,0,8,8,4,7.22,1,12.93,0.22,1.07,22,Single,Not Dropout
1,7,2,16,1,1.0,1,2,2,16.0,3.0,0,0,0,1,0,1,19,0,0,6,6,0,2.43,0,0,7,8,1,4.67,0,10.31,3.8,1.16,2,Single,Dropout
1,6,4,3,1,3.0,1,29,7,7.0,3.0,1,0,0,1,1,1,23,0,0,7,9,4,13.16,0,1,7,4,3,7.97,0,16.16,2.68,-0.81,18,Single,Not Dropout
1,15,1,11,1,11.0,1,1,5,2.0,9.0,1,0,0,1,0,0,25,0,0,9,10,3,4.34,0,0,9,10,2,7.63,0,15.26,-0.86,0.3,3,Single,Dropout
3,3,4,9,1,3.0,13,16,10,16.0,6.0,1,0,0,1,0,0,17,0,0,5,7,4,14.27,1,0,5,3,4,14.87,0,7.53,1.52,4.0,13,Other,Not Dropout
1,1,5,17,1,13.0,1,29,10,4.0,17.0,1,0,0,1,0,0,27,0,1,5,7,3,12.53,1,0,5,6,3,13.99,0,17.0,0.53,-2.22,19,Single,Not Dropout
1,12,5,10,1,12.0,1,20,15,18.0,15.0,0,0,0,1,0,0,36,0,1,8,7,7,11.93,1,0,8,8,6,17.21,0,12.1,1.45,-0.53,17,Single,Not Dropout
1,16,0,1,1,7.0,1,19,14,11.0,3.0,1,0,1,1,1,0,24,0,0,9,8,3,,1,1,11,12,5,8.3,0,11.83,-1.0,1.23,16,Single,Dropout
1,9,0,4,1,8.0,1,21,4,10.0,10.0,0,0,0,1,1,0,18,0,1,9,9,6,12.3,0,0,9,9,7,12.22,1,13.09,-1.0,2.81,12,Single,Not Dropout
1,3,3,3,1,16.0,1,21,5,8.0,15.0,1,0,0,1,0,0,21,0,0,2,4,1,5.78,0,0,1,3,0,9.09,1,13.78,0.96,-0.18,13,Single,Dropout
1,10,5,4,1,13.0,1,5,24,14.0,13.0,1,0,0,1,1,0,21,0,1,7,9,4,12.1,0,0,6,6,4,12.05,0,8.02,2.19,-3.79,14,Single,Not Dropout
1,5,5,2,1,11.0,1,9,16,13.0,1.0,1,0,0,1,0,0,19,0,1,5,7,3,9.72,1,1,7,1,3,10.28,0,13.89,1.03,3.14,12,Single,Not Dropout
1,15,5,14,1,3.0,1,6,27,18.0,1.0,1,0,0,1,0,1,27,0,0,8,8,3,6.21,0,0,10,10,4,8.99,0,10.56,-0.51,2.5,16,Single,Dropout
1,11,0,9,1,10.0,1,7,4,1.0,12.0,0,0,0,1,0,0,17,0,1,6,9,2,8.15,0,1,6,4,2,7.38,1,17.0,1.86,-0.48,5,Single,Dropout
1,6,3,12,1,1.0,20,7,9,4.0,18.0,0,0,0,0,0,0,25,0,0,6,8,4,12.93,0,0,6,9,3,16.91,1,7.0,0.82,0.95,8,Single,Not Dropout
1,11,4,17,1,5.0,1,19,5,6.0,1.0,1,0,0,1,0,0,31,0,0,6,6,5,11.99,0,0,6,5,4,,0,10.86,0.8,3.62,12,Single,Not Dropout
1,12,3,12,1,12.0,1,28,27,4.0,4.0,1,0,0,1,0,0,30,0,0,5,5,3,7.36,0,0,4,7,1,6.46,0,9.69,-0.02,0.22,27,Single,Dropout
1,12,4,9,1,7.0,1,17,5,19.0,4.0,0,0,1,1,0,0,29,0,1,4,7,4,14.22,0,1,4,6,2,14.89,1,12.03,3.28,0.82,11,Single,Not Dropout
1,7,1,5,1,16.0,1,1,24,2.0,7.0,0,0,0,1,1,1,19,0,1,6,10,4,8.5,0,1,4,5,2,10.16,0,10.88,0.82,0.59,12,Single,Not Dropout
1,10,2,13,0,16.0,1,21,6,3.0,17.0,0,0,0,1,0,0,32,0,0,7,5,2,6.68,1,1,6,9,3,7.94,0,10.27,2.71,-1.67,13,Single,Dropout
1,1,2,9,1,2.0,1,16,22,9.0,18.0,1,1,1,1,0,0,25,0,1,9,11,5,11.29,0,0,8,4,3,11.23,0,7.1,0.8,-0.75,19,Single,Dropout
1,7,5,13,1,15.0,1,23,14,6.0,,0,0,0,1,0,0,32,0,0,7,5,2,5.76,0,0,8,9,0,6.24,0,10.37,-1.0,2.38,18,Single,Dropout
1,7,1,1,1,14.0,1,11,29,7.0,14.0,1,0,0,0,0,1,29,0,1,6,6,2,9.74,0,0,6,7,2,8.23,1,13.5,1.71,-1.24,20,Single,Dropout
1,10,1,3,1,2.0,1,13,3,12.0,1.0,1,0,1,1,0,0,25,0,0,6,8,3,7.9,0,0,5,5,4,9.27,1,12.52,1.98,2.07,8,Single,Dropout
4,17,0,3,1,7.0,1,20,10,11.0,10.0,0,0,1,1,0,0,22,0,1,1,2,1,12.7,0,0,2,3,1,14.25,1,11.09,-0.86,-0.32,15,Other,Not Dropout
1,17,0,12,1,16.0,1,21,21,17.0,12.0,1,0,0,1,0,1,37,0,0,6,5,5,14.05,0,1,6,7,5,11.81,1,9.72,2.66,-0.71,21,Single,Not Dropout
3,9,5,9,1,1.0,1,7,27,9.0,17.0,1,0,0,1,1,1,17,0,3,7,7,6,13.03,0,0,6,4,4,13.9,0,9.63,0.6,3.82,17,Other,Not Dropout
1,11,5,6,1,1.0,1,18,16,18.0,16.0,1,0,1,1,0,0,22,0,0,5,8,3,12.96,1,0,6,8,5,16.57,0,9.01,2.93,0.08,17,Single,Not Dropout
1,2,1,6,0,9.0,1,28,3,4.0,2.0,1,0,0,1,0,0,17,0,2,5,6,1,3.41,0,0,5,5,1,1.16,0,10.26,1.55,-2.89,15,Single,Dropout
1,9,4,11,0,16.0,1,2,19,4.0,8.0,0,0,0,1,0,0,24,0,0,2,3,0,5.02,0,0,0,2,0,7.54,1,12.35,0.22,0.27,10,Single,Dropout
1,12,3,17,1,5.0,1,10,14,8.0,2.0,1,0,0,1,0,0,25,0,1,4,7,3,14.5,0,1,4,5,3,16.65,0,12.12,0.5,-4.07,12,Single,Not Dropout
2,12,5,17,1,13.0,1,16,23,3.0,1.0,1,0,0,1,0,0,19,0,0,4,7,2,12.09,0,0,3,6,2,10.95,0,9.72,3.58,2.29,19,Married,Not Dropout
1,17,1,9,1,12.0,1,27,17,1.0,3.0,0,0,0,1,1,1,20,0,0,5,5,3,11.23,0,0,4,9,3,9.72,0,8.05,2.3,-3.43,22,Single,Not Dropout
1,8,5,12,0,3.0,1,29,27,8.0,18.0,1,0,1,1,0,0,17,0,1,1,3,1,13.09,0,0,1,0,1,14.8,0,15.4,1.6,-1.55,28,Single,Not Dropout
1,16,2,2,1,5.0,1,18,4,11.0,6.0,1,0,0,1,0,0,26,0,1,6,6,4,17.41,0,0,4,7,3,16.37,0,10.3,2.46,3.8,11,Single,Not Dropout
1,17,4,17,1,10.0,1,16,19,6.0,15.0,1,0,0,1,0,0,20,0,0,6,7,3,10.42,0,0,6,8,4,13.52,0,9.07,2.5,-0.49,17,Single,Not Dropout
1,10,2,1,0,8.0,1,13,22,6.0,14.0,1,0,0,1,0,0,26,0,1,7,5,3,10.42,0,0,7,9,2,,1,11.9,2.8,1.63,17,Single,Dropout
6,2,4,6,0,4.0,1,13,12,2.0,17.0,1,0,0,1,0,0,20,0,0,6,6,2,6.52,0,1,5,8,2,,1,10.48,3.49,-0.69,12,Other,Dropout
1,7,2,13,1,4.0,1,22,14,3.0,11.0,0,0,0,1,1,0,24,0,1,8,9,2,8.05,1,0,8,13,2,7.51,1,14.64,3.15,1.03,18,Single,Dropout
2,14,5,17,0,9.0,1,16,21,17.0,19.0,1,0,0,1,0,0,27,0,0,10,9,6,16.03,1,1,10,10,8,19.25,0,9.57,4.0,-1.83,18,Married,Not Dropout
1,10,3,3,1,14.0,1,17,14,2.0,9.0,0,0,0,1,1,0,26,0,0,4,4,2,14.56,0,0,5,13,3,11.98,0,8.58,0.61,-0.46,15,Single,Not Dropout
1,16,1,12,1,7.0,1,25,12,14.0,15.0,0,0,0,0,0,0,24,0,1,4,2,2,10.6,2,0,5,3,3,11.02,0,11.37,0.4,-2.88,18,Single,Not Dropout
1,14,5,4,0,15.0,1,5,17,14.0,15.0,1,0,0,0,0,0,22,0,0,7,9,2,7.81,0,0,6,6,2,6.79,0,11.11,4.0,0.47,11,Single,Dropout
2,2,4,1,1,11.0,1,28,24,4.0,11.0,1,0,0,1,0,0,26,0,0,7,11,4,13.24,0,0,7,9,7,14.09,0,9.88,1.71,1.71,26,Married,Not Dropout
1,15,2,8,1,7.0,1,21,4,5.0,7.0,1,0,0,1,0,0,19,0,0,4,3,2,10.98,0,0,2,2,1,11.91,0,10.33,0.79,0.19,12,Single,Not Dropout
1,7,0,10,1,,1,18,26,7.0,4.0,1,0,0,1,0,0,22,0,0,9,7,2,8.51,0,1,8,9,3,,2,12.86,0.48,0.56,22,Single,Not Dropout
1,14,5,5,1,8.0,1,17,6,13.0,2.0,1,0,0,1,0,1,25,0,1,5,7,2,11.67,0,0,7,9,3,11.27,0,14.56,1.87,-2.28,11,Single,Not Dropout
1,9,4,17,1,13.0,1,17,3,1.0,10.0,1,0,0,1,1,0,32,0,0,6,7,4,11.07,2,0,5,6,3,11.02,0,8.24,0.25,2.19,10,Single,Not Dropout
1,8,4,11,1,16.0,1,17,6,16.0,8.0,1,0,0,0,0,0,19,0,0,8,10,2,8.2,0,0,9,13,4,9.4,0,10.82,-0.02,1.87,11,Single,Dropout
1,2,4,8,1,13.0,1,11,3,7.0,4.0,1,0,1,1,0,1,18,0,0,9,11,3,4.96,0,0,8,12,4,7.36,0,13.17,1.46,1.38,7,Single,Dropout
1,3,3,9,1,3.0,1,22,28,10.0,15.0,1,0,0,0,0,0,25,0,0,5,6,3,11.2,0,0,6,6,3,13.8,0,13.98,1.55,-2.6,25,Single,Not Dropout
1,11,1,8,0,2.0,1,8,9,18.0,4.0,0,0,0,1,0,1,30,0,0,8,12,3,13.54,0,0,8,10,4,8.06,0,14.7,1.7,2.12,8,Single,Not Dropout
1,10,1,2,1,13.0,1,19,23,3.0,10.0,1,0,0,1,1,0,28,0,0,6,10,1,10.13,0,1,8,11,1,1.19,1,7.97,-0.04,1.04,21,Single,Dropout
3,10,0,11,1,14.0,1,16,6,19.0,9.0,0,0,0,1,1,0,23,0,0,4,9,2,11.21,0,0,1,0,1,9.74,0,10.87,0.22,-0.7,11,Other,Not Dropout
1,3,0,14,1,10.0,1,11,16,12.0,19.0,0,0,0,1,1,0,30,0,0,5,10,2,10.98,0,0,4,5,2,9.57,0,12.46,2.49,0.13,13,Single,Dropout
5,9,4,8,1,4.0,1,24,13,9.0,2.0,1,0,1,1,0,0,17,0,1,4,4,3,12.63,0,1,6,6,4,13.12,0,8.64,1.26,-1.32,18,Other,Not Dropout
4,2,5,8,1,15.0,1,10,20,2.0,17.0,0,0,0,1,0,0,29,0,2,8,11,3,5.77,0,0,8,9,1,5.19,0,11.56,3.71,0.07,15,Other,Dropout
1,3,0,16,1,8.0,1,20,29,,14.0,1,0,0,1,1,0,21,0,0,4,5,1,6.77,1,0,5,10,1,8.85,0,7.08,1.42,0.97,24,Single,Dropout
1,9,3,11,0,5.0,1,8,19,16.0,16.0,0,0,0,1,1,1,27,0,1,7,4,0,3.48,2,0,6,9,0,1.73,1,8.86,0.9,0.34,13,Single,Dropout
1,11,0,6,1,6.0,1,6,21,8.0,15.0,1,0,0,1,1,0,29,0,0,6,8,4,12.31,0,0,5,7,3,11.51,0,,-1.0,4.0,13,Single,Not Dropout
1,12,2,1,0,5.0,1,17,8,15.0,15.0,1,0,0,1,0,0,24,0,0,7,7,2,5.73,0,0,8,8,1,6.78,1,9.56,-0.07,-0.4,12,Single,Dropout
1,17,4,14,1,5.0,1,29,4,16.0,9.0,1,0,0,1,0,1,23,0,0,6,7,2,9.64,1,2,6,9,1,7.05,0,7.0,-0.08,-0.15,16,Single,Dropout
1,15,4,11,1,6.0,1,9,3,8.0,12.0,0,0,0,1,0,1,21,0,2,5,4,4,11.64,0,0,9,8,5,9.57,1,13.49,1.55,-2.73,6,Single,Not Dropout
1,7,5,11,1,11.0,1,4,9,7.0,7.0,0,0,0,1,0,0,33,0,1,7,11,3,9.4,0,1,7,8,4,9.59,0,12.04,-0.94,0.22,6,Single,Not Dropout
1,14,1,5,1,1.0,1,4,17,6.0,18.0,1,0,0,1,0,0,25,0,1,7,6,4,14.11,0,1,8,10,6,11.94,0,11.08,1.33,-0.81,10,Single,Not Dropout
5,2,5,4,0,6.0,1,15,2,13.0,5.0,1,0,0,1,1,0,24,1,2,5,5,4,,0,0,6,8,4,11.44,0,8.7,1.46,-1.72,8,Other,Not Dropout
1,15,4,9,1,3.0,1,23,8,14.0,12.0,1,0,0,1,0,1,32,0,0,11,14,9,12.69,2,0,12,12,10,13.95,0,7.0,-0.7,1.84,15,Single,Not Dropout
1,7,2,13,1,11.0,1,21,19,7.0,5.0,1,0,0,1,0,0,20,0,0,4,6,4,17.88,0,0,5,5,4,13.27,0,12.37,0.88,1.95,20,Single,Not Dropout
5,13,1,6,1,16.0,18,7,26,11.0,8.0,1,0,0,1,1,0,22,0,0,7,12,5,15.83,1,0,9,14,5,14.31,0,8.8,-0.01,0.46,16,Other,Not Dropout
1,17,0,9,1,13.0,1,25,29,11.0,19.0,0,0,0,1,1,0,29,0,2,7,10,4,12.71,0,0,7,6,3,11.83,0,10.89,1.46,-0.55,27,Single,Not Dropout
1,12,5,17,1,4.0,1,5,7,3.0,4.0,0,0,0,1,0,0,34,0,0,6,9,3,14.28,0,1,5,8,3,11.91,0,13.37,0.67,1.23,6,Single,Not Dropout
2,16,1,4,0,9.0,1,17,3,10.0,17.0,0,0,0,1,0,0,23,0,0,7,6,4,14.64,0,0,8,9,7,15.1,1,7.0,2.9,2.8,10,Married,Not Dropout
1,1,1,4,1,1.0,1,25,17,15.0,16.0,1,0,0,1,0,0,25,0,1,7,9,1,3.94,0,0,9,8,1,3.93,1,11.71,-1.0,2.38,21,Single,Dropout
1,3,2,5,1,7.0,1,24,28,19.0,7.0,0,0,0,1,0,0,17,0,1,6,11,3,10.79,0,0,5,5,3,9.1,0,11.41,2.96,-0.11,26,Single,Not Dropout
1,11,0,16,1,5.0,1,21,13,7.0,8.0,0,0,0,1,0,0,31,0,1,5,4,1,7.48,0,1,7,8,0,4.38,0,17.0,-0.92,1.66,17,Single,Dropout
3,10,4,9,1,9.0,1,10,27,5.0,,1,0,0,1,1,0,17,0,0,6,7,2,7.97,0,0,5,4,1,6.88,0,10.02,2.32,1.35,18,Other,Dropout
1,3,4,16,1,7.0,1,23,22,17.0,16.0,0,0,0,1,0,0,20,0,0,5,6,1,5.72,0,0,5,9,1,6.74,0,7.0,-0.71,3.62,22,Single,Dropout
1,13,0,17,1,11.0,1,12,27,18.0,13.0,1,0,0,1,1,0,24,0,0,9,11,5,12.78,0,3,7,9,6,13.59,0,9.74,1.8,3.93,19,Single,Not Dropout
1,1,0,8,1,9.0,1,11,28,16.0,19.0,1,0,0,1,1,1,19,0,1,8,11,5,12.66,0,1,6,5,4,14.37,0,7.0,2.5,-0.6,19,Single,Not Dropout
1,17,0,1,1,16.0,1,16,4,7.0,6.0,0,0,1,1,0,0,17,0,0,6,7,4,18.94,0,1,6,6,4,17.24,0,15.04,0.59,1.66,10,Single,Not Dropout
1,3,5,6,1,2.0,1,18,12,6.0,8.0,1,0,0,1,0,0,17,0,1,5,10,2,10.18,0,0,6,3,2,,0,15.59,1.89,-2.09,15,Single,Dropout
1,8,2,10,1,16.0,1,7,2,12.0,14.0,0,0,0,0,0,0,24,0,0,6,2,3,12.49,0,1,6,8,1,7.98,0,10.79,0.15,0.62,4,Single,Dropout
2,14,3,7,1,13.0,1,28,2,5.0,7.0,0,0,0,1,0,1,32,0,0,5,1,4,16.52,0,0,7,7,6,18.92,0,12.83,2.75,0.6,15,Married,Not Dropout
1,9,0,1,1,12.0,1,26,14,15.0,7.0,0,0,0,1,1,1,31,0,0,6,7,3,9.79,0,0,5,3,2,10.89,0,11.97,-0.08,0.02,20,Single,Not Dropout
1,13,1,17,1,14.0,1,9,20,8.0,4.0,0,1,0,1,1,0,25,0,0,3,7,2,5.61,0,1,3,2,2,9.38,0,11.0,0.02,1.58,14,Single,Not Dropout
1,12,3,6,1,1.0,1,8,26,7.0,19.0,0,0,1,1,1,0,24,0,0,5,6,4,13.93,1,0,4,4,2,,2,8.12,1.27,0.13,17,Single,Not Dropout
1,17,1,11,1,4.0,1,2,4,16.0,10.0,1,0,0,1,1,0,28,0,0,4,4,3,10.95,0,0,3,2,2,14.75,0,13.13,2.31,-0.27,3,Single,Not Dropout
1,8,3,17,1,1.0,1,12,1,7.0,15.0,1,0,0,1,0,0,31,0,0,5,2,3,11.64,0,0,4,10,4,13.74,1,11.92,0.17,-2.43,6,Single,Not Dropout
1,17,5,10,1,,1,5,4,3.0,13.0,0,0,0,0,0,0,24,0,0,10,10,8,,2,0,9,12,4,11.76,1,17.0,0.93,-1.49,4,Single,Not Dropout
1,9,1,12,0,6.0,1,27,27,16.0,12.0,1,0,0,1,1,1,24,0,1,6,6,3,8.05,0,1,6,4,4,10.07,0,11.3,0.71,1.64,27,Single,Not Dropout
1,16,3,1,0,6.0,1,27,20,7.0,6.0,1,0,0,1,0,1,24,0,0,7,8,7,14.32,0,0,5,7,4,15.5,0,12.67,2.73,-1.38,23,Single,Not Dropout
1,13,5,12,1,10.0,1,25,14,13.0,6.0,0,0,0,1,0,0,29,0,0,6,7,4,,0,0,7,8,4,12.91,1,11.98,2.46,0.83,19,Single,Not Dropout
1,3,5,15,1,7.0,1,9,3,13.0,,1,0,0,1,0,0,17,0,0,7,9,4,,0,0,8,9,5,9.98,0,10.17,-0.13,0.72,6,Single,Not Dropout
1,11,0,16,1,11.0,1,21,11,2.0,3.0,0,0,0,1,0,0,23,0,0,6,6,4,13.8,0,1,6,6,4,15.66,0,11.93,-1.0,-2.18,16,Single,Not Dropout
3,15,0,2,1,15.0,1,15,4,1.0,11.0,1,0,0,1,0,1,25,0,0,5,4,2,12.21,1,0,5,7,2,13.43,0,10.98,-1.0,2.74,9,Other,Not Dropout
1,3,5,4,1,6.0,1,8,1,16.0,2.0,1,0,1,1,1,0,17,0,1,5,6,2,9.01,1,0,5,9,1,8.65,0,8.26,3.13,0.98,4,Single,Dropout
3,15,5,1,1,15.0,1,16,13,2.0,6.0,0,0,0,1,0,0,29,0,0,5,6,3,8.89,1,1,6,7,2,10.47,0,14.22,3.49,0.07,14,Other,Not Dropout
3,2,1,16,1,9.0,1,5,15,7.0,13.0,1,0,0,1,0,1,29,0,0,9,8,7,19.68,0,2,8,7,6,17.33,1,9.99,0.64,0.0,10,Other,Not Dropout
1,15,3,5,1,7.0,1,28,14,15.0,1.0,0,1,0,1,0,0,17,0,0,7,9,6,12.55,1,1,8,9,7,,0,13.62,0.82,-3.4,21,Single,Not Dropout
3,14,3,10,1,15.0,1,5,26,4.0,1.0,1,0,0,0,0,0,21,0,0,5,3,4,10.76,1,1,5,8,3,10.51,0,11.51,1.26,-3.55,15,Other,Not Dropout
1,3,4,9,1,8.0,1,9,27,10.0,5.0,1,0,0,1,0,0,21,0,0,8,10,3,10.99,0,0,7,10,4,8.32,0,12.43,1.2,2.45,18,Single,Dropout
1,13,4,12,1,3.0,1,7,4,3.0,15.0,0,0,0,1,0,0,18,0,1,8,8,4,7.13,0,0,8,8,2,6.8,1,11.91,2.93,-1.42,5,Single,Dropout
1,2,2,16,1,5.0,1,16,9,11.0,16.0,1,0,0,1,0,0,18,0,0,5,4,2,12.06,0,0,5,3,2,12.09,0,15.17,2.87,-1.46,12,Single,Not Dropout
1,10,5,6,1,14.0,1,20,15,14.0,1.0,1,0,1,1,0,0,20,0,0,6,13,2,10.23,1,0,4,7,2,10.23,0,14.86,-0.53,-3.66,17,Single,Dropout
1,16,0,14,1,9.0,1,28,12,5.0,6.0,1,0,0,1,0,0,27,0,0,6,7,3,11.81,0,0,5,6,2,8.15,1,11.65,0.02,1.59,20,Single,Not Dropout
1,4,0,5,0,9.0,1,12,13,6.0,2.0,0,0,0,1,0,0,30,0,1,5,8,4,10.37,0,1,4,6,2,13.9,0,13.9,1.38,0.2,12,Single,Not Dropout
1,3,5,4,1,11.0,1,6,21,11.0,1.0,0,0,0,1,1,0,26,0,2,5,6,2,6.14,0,0,5,10,1,5.47,0,11.76,3.94,0.5,13,Single,Dropout
2,8,1,2,0,4.0,1,1,6,16.0,18.0,1,0,1,1,0,0,18,0,2,5,9,1,11.02,0,1,3,5,1,7.31,0,12.35,1.82,0.76,3,Married,Dropout
1,7,5,7,0,2.0,1,18,24,11.0,9.0,1,0,1,1,0,0,28,0,1,6,8,2,8.77,0,0,7,9,3,9.45,0,16.63,1.51,0.9,21,Single,Dropout
1,1,1,10,1,8.0,1,29,8,14.0,16.0,0,0,0,1,1,1,27,0,0,12,12,6,12.52,0,0,12,13,9,12.33,1,10.98,0.66,-0.2,18,Single,Not Dropout
1,8,2,14,1,15.0,1,2,11,8.0,13.0,0,0,0,1,0,1,17,0,0,5,8,2,13.35,0,0,4,6,4,10.34,0,14.17,-0.24,-0.31,6,Single,Not Dropout
1,5,0,15,1,3.0,1,29,7,3.0,9.0,1,0,0,1,1,0,30,0,1,4,7,1,7.07,0,1,4,1,1,8.37,1,12.82,-0.01,-0.78,18,Single,Dropout
1,3,5,9,1,12.0,1,8,19,19.0,15.0,0,0,0,1,0,0,24,0,0,8,8,3,5.98,1,0,9,5,2,6.01,0,11.34,0.09,-3.31,13,Single,Dropout
1,5,2,7,1,16.0,1,27,21,16.0,5.0,1,0,0,1,1,0,24,0,0,7,8,0,7.69,0,1,7,8,4,5.97,0,12.12,2.78,-2.86,24,Single,Dropout
1,1,1,3,1,2.0,1,3,19,1.0,8.0,1,0,0,0,0,1,17,0,1,6,11,4,13.23,0,0,6,4,3,15.34,0,12.13,2.92,3.72,11,Single,Not Dropout
1,16,2,16,1,3.0,1,26,15,6.0,8.0,0,0,1,1,0,0,33,0,0,8,9,5,7.09,0,0,9,13,6,7.53,0,12.18,2.57,3.33,20,Single,Not Dropout
2,17,0,7,1,14.0,1,10,9,8.0,11.0,0,0,0,1,1,1,25,0,1,4,7,3,11.78,0,0,5,8,3,11.94,0,12.49,0.42,-4.87,9,Married,Not Dropout
1,7,4,13,1,2.0,1,8,20,2.0,4.0,1,0,0,1,1,1,28,0,1,7,10,5,14.46,1,1,6,10,3,11.68,0,11.94,1.11,0.91,14,Single,Not Dropout
1,15,0,11,1,12.0,1,6,4,17.0,15.0,0,0,0,1,0,0,17,0,0,6,9,5,9.57,0,0,5,5,4,17.19,0,12.4,4.0,-2.53,5,Single,Not Dropout
1,8,2,16,1,13.0,1,4,10,4.0,16.0,1,0,0,1,0,0,26,0,0,6,9,3,7.39,1,0,7,9,4,7.89,0,14.1,2.18,4.0,7,Single,Dropout
2,16,2,17,1,6.0,1,24,20,4.0,17.0,0,0,0,1,0,0,26,0,0,6,2,5,10.08,0,0,5,6,4,16.75,1,14.19,0.73,-2.31,22,Married,Not Dropout
1,3,0,13,1,5.0,1,3,21,7.0,17.0,1,1,0,0,0,0,22,0,0,11,11,7,15.21,0,2,10,10,6,9.77,0,13.16,-0.26,1.05,12,Single,Not Dropout
1,5,0,12,1,,1,14,8,18.0,13.0,0,0,0,1,0,0,17,0,0,5,5,5,15.39,0,0,4,3,3,15.75,0,16.01,2.25,0.06,11,Single,Not Dropout
1,13,3,3,1,9.0,1,28,10,5.0,16.0,1,0,0,1,1,0,23,0,1,5,7,3,15.51,0,0,4,4,3,15.45,0,10.7,1.65,1.27,19,Single,Not Dropout
1,4,2,1,1,14.0,1,12,10,9.0,14.0,1,0,1,0,1,0,17,0,0,7,6,5,9.73,0,0,5,4,3,11.89,2,8.66,0.11,2.23,11,Single,Dropout
1,15,0,10,0,10.0,1,24,26,13.0,19.0,0,0,0,1,0,0,19,0,1,8,9,4,11.77,0,0,10,12,5,10.44,0,11.76,2.06,-2.18,25,Single,Not Dropout
1,8,0,12,1,,1,21,17,3.0,2.0,1,0,0,1,1,0,30,0,0,4,2,3,16.45,0,0,2,2,2,10.53,0,9.78,-0.24,3.16,19,Single,Not Dropout
1,7,4,13,1,4.0,1,24,4,2.0,4.0,1,0,0,1,0,1,24,0,0,7,4,3,5.64,0,0,7,11,2,7.61,0,14.9,3.62,-1.46,14,Single,Dropout
1,8,4,5,0,5.0,1,28,5,2.0,8.0,0,0,0,1,0,0,23,0,0,4,10,3,9.73,0,0,2,1,1,,0,7.0,0.74,-3.63,16,Single,Not Dropout
1,14,3,9,1,4.0,1,3,3,4.0,12.0,1,0,0,1,0,1,17,0,0,4,4,2,9.96,1,1,6,6,2,8.07,0,10.15,2.32,-1.0,3,Single,Not Dropout
1,1,5,15,0,11.0,1,9,8,7.0,17.0,0,0,0,1,0,1,23,0,1,6,10,4,11.61,0,0,6,8,3,8.45,0,7.0,3.1,-0.32,8,Single,Not Dropout
4,13,0,2,1,1.0,1,10,7,18.0,2.0,1,0,0,1,0,0,22,0,0,5,8,1,3.4,0,0,7,8,0,7.87,0,12.0,0.25,2.49,8,Other,Dropout
1,14,4,7,1,14.0,1,2,13,18.0,4.0,1,0,0,1,0,0,17,0,0,4,4,3,9.04,0,0,3,3,1,11.87,0,8.54,1.84,1.32,7,Single,Not Dropout
1,14,4,17,1,13.0,1,4,22,11.0,17.0,1,1,0,1,1,0,30,0,2,5,9,3,13.79,0,0,8,11,4,11.06,0,11.64,4.0,1.12,13,Single,Not Dropout
1,17,1,4,1,16.0,1,4,26,18.0,6.0,1,0,0,1,1,0,29,0,1,5,4,2,8.86,1,1,4,4,1,8.13,0,,3.41,-1.49,15,Single,Dropout
2,14,3,6,0,16.0,1,28,17,1.0,1.0,1,0,0,1,0,0,18,0,0,7,8,4,10.2,0,0,8,11,6,11.83,1,11.24,-1.0,2.44,22,Married,Not Dropout
1,9,4,8,1,2.0,6,25,23,11.0,13.0,1,0,0,0,1,0,25,0,0,5,7,2,7.72,0,1,2,3,1,6.97,0,14.25,1.91,0.94,24,Single,Dropout
3,8,3,12,1,12.0,1,18,19,9.0,17.0,1,0,0,0,1,1,17,0,1,6,7,5,11.12,0,0,5,7,4,14.25,0,14.32,3.25,1.1,18,Other,Not Dropout
1,7,1,5,1,9.0,1,25,10,,18.0,1,0,0,1,0,1,25,0,0,3,4,1,10.07,2,0,3,5,2,11.59,0,13.84,2.71,2.82,17,Single,Not Dropout
1,15,3,14,0,12.0,1,10,18,11.0,17.0,0,0,0,0,0,0,28,0,0,6,3,6,16.54,0,1,6,4,6,17.85,0,7.05,1.98,-1.03,14,Single,Not Dropout
1,7,4,5,1,14.0,1,14,9,9.0,2.0,1,0,0,1,0,0,17,0,0,8,11,4,8.75,0,1,7,12,3,12.97,1,15.23,3.34,3.72,11,Single,Not Dropout
1,10,0,7,1,,1,26,9,15.0,3.0,1,0,0,1,0,0,23,0,1,5,8,4,10.84,0,0,5,3,3,11.26,1,10.75,1.4,1.39,17,Single,Not Dropout
2,2,3,10,0,1.0,1,5,29,,17.0,1,0,0,1,1,0,24,0,1,7,7,3,9.4,0,0,6,9,2,7.6,0,13.08,4.0,1.95,17,Married,Dropout
2,6,3,1,1,14.0,1,5,27,9.0,14.0,0,0,1,1,0,0,40,0,0,3,6,2,13.52,1,0,5,5,4,15.45,0,11.97,0.05,0.62,16,Married,Not Dropout
1,5,2,14,1,7.0,1,16,19,5.0,5.0,1,0,0,1,0,0,38,0,0,4,6,1,9.38,0,1,5,6,2,11.17,0,9.45,1.73,-0.67,17,Single,Dropout
5,8,0,12,1,8.0,1,8,18,9.0,8.0,0,0,0,1,0,1,25,0,1,7,10,7,14.8,0,0,5,5,5,14.82,0,9.08,0.47,4.0,13,Other,Not Dropout
1,9,0,15,1,10.0,1,20,20,2.0,17.0,1,0,0,1,0,1,19,0,0,7,10,5,17.39,0,0,7,10,7,20.0,0,17.0,3.1,-0.06,20,Single,Not Dropout
1,13,4,5,1,15.0,1,19,22,,18.0,0,0,1,1,1,1,24,0,0,10,10,6,10.92,0,0,10,9,4,7.55,0,8.77,1.39,-1.41,20,Single,Not Dropout
1,8,4,7,1,9.0,1,10,2,8.0,,1,0,0,1,0,0,30,0,0,8,13,3,11.15,0,0,5,4,3,10.54,0,11.58,-1.0,-2.01,6,Single,Not Dropout
1,3,2,16,0,4.0,10,4,11,6.0,9.0,1,0,0,1,0,1,17,0,1,8,7,2,8.91,0,1,10,14,4,12.34,0,16.39,-1.0,3.94,7,Single,Not Dropout
2,10,5,2,1,12.0,1,3,4,8.0,15.0,1,0,0,1,0,1,17,0,1,5,0,2,8.01,0,0,4,8,1,4.33,0,10.14,-1.0,1.52,3,Married,Dropout
1,1,5,9,1,11.0,1,13,16,17.0,1.0,0,0,0,1,0,0,17,0,0,6,2,3,10.93,0,0,6,7,5,10.19,0,15.38,-1.0,-2.53,14,Single,Not Dropout
1,15,3,9,1,2.0,1,10,9,,18.0,1,0,0,1,1,0,28,0,0,4,6,2,9.72,1,0,4,3,2,13.21,2,13.04,2.31,-0.38,9,Single,Not Dropout
1,14,3,8,1,9.0,1,1,10,17.0,5.0,0,0,0,1,0,0,28,0,0,8,4,5,12.98,0,0,8,8,3,15.78,1,15.27,0.51,-0.15,5,Single,Not Dropout
1,4,5,8,1,13.0,1,21,25,8.0,19.0,1,0,0,1,0,1,26,0,0,6,6,5,9.95,0,0,7,7,5,8.1,0,16.17,1.47,-1.53,23,Single,Not Dropout
1,5,3,13,1,15.0,1,28,6,8.0,1.0,0,0,1,1,0,1,30,0,0,7,10,6,15.97,0,0,8,11,5,12.78,0,11.56,2.09,1.52,17,Single,Not Dropout
1,1,5,4,1,5.0,1,29,27,1.0,18.0,0,0,0,1,0,0,22,0,0,2,0,1,14.07,2,1,2,6,1,10.09,0,7.0,-0.97,-0.26,28,Single,Not Dropout
1,7,5,16,0,9.0,1,4,13,13.0,11.0,1,0,0,1,0,0,21,0,0,2,3,2,14.58,0,1,1,3,0,9.42,0,7.0,0.56,0.09,8,Single,Not Dropout
1,1,1,16,1,14.0,1,6,6,1.0,10.0,0,0,0,1,0,0,25,0,0,9,10,4,12.75,0,0,9,10,5,11.92,1,11.92,4.0,-2.24,6,Single,Not Dropout
1,16,3,4,1,10.0,1,13,5,19.0,13.0,0,0,0,1,0,0,33,0,1,12,10,9,14.01,0,0,12,11,7,13.78,0,9.74,2.98,-1.16,9,Single,Not Dropout
1,3,4,17,1,7.0,1,27,21,14.0,9.0,1,0,0,1,0,1,25,0,1,7,9,3,6.67,1,0,7,9,3,7.3,0,10.69,2.07,-2.08,24,Single,Not Dropout
1,12,4,5,1,3.0,1,17,27,9.0,19.0,1,0,1,1,1,0,22,1,1,9,10,7,,0,0,7,9,6,16.36,0,13.8,1.89,4.0,22,Single,Not Dropout
1,10,2,1,1,1.0,1,14,26,13.0,2.0,1,0,0,1,0,1,25,0,0,5,7,2,7.45,0,1,6,4,1,6.34,0,7.2,1.17,-5.0,20,Single,Not Dropout
4,5,5,7,0,12.0,1,27,5,19.0,13.0,0,0,0,1,0,0,32,0,0,3,4,1,8.93,1,1,2,3,1,10.89,0,10.56,-0.2,-1.35,16,Other,Not Dropout
1,14,2,14,1,16.0,1,20,26,4.0,5.0,1,0,1,1,1,0,21,0,2,9,9,2,7.19,1,1,10,12,0,0.92,0,7.0,3.67,0.0,23,Single,Dropout
4,2,2,15,1,10.0,1,29,7,15.0,1.0,0,1,0,1,0,0,20,0,0,6,8,3,12.23,0,0,5,5,3,8.19,0,7.0,-1.0,-1.05,18,Other,Not Dropout
1,16,0,11,1,13.0,1,26,14,17.0,13.0,1,0,0,0,0,0,20,0,1,6,10,2,6.73,0,1,7,8,2,5.47,0,13.81,-0.9,0.56,20,Single,Dropout
1,13,1,14,1,11.0,1,29,1,12.0,13.0,0,0,0,1,1,0,28,0,0,9,13,8,11.79,0,1,9,12,6,16.28,0,12.43,1.37,-1.76,15,Single,Not Dropout
1,11,5,5,1,,1,17,8,13.0,3.0,0,0,0,1,0,0,18,0,0,6,8,3,12.28,0,0,5,6,3,11.72,1,7.0,1.35,0.69,12,Single,Not Dropout
1,15,4,15,1,9.0,1,11,10,10.0,14.0,1,0,0,1,0,0,27,0,0,4,7,3,,0,0,5,1,4,15.8,0,12.99,3.41,2.65,10,Single,Not Dropout
2,7,4,11,1,5.0,1,2,28,3.0,18.0,0,0,0,1,0,1,17,0,0,4,4,2,18.38,1,0,3,6,2,17.9,0,7.0,-1.0,-4.18,15,Married,Not Dropout
1,5,5,3,1,,1,22,9,19.0,14.0,0,0,0,1,1,0,21,0,1,6,6,4,11.8,0,0,4,6,2,11.48,0,9.56,1.84,-1.1,15,Single,Not Dropout
1,3,1,3,1,10.0,1,8,9,6.0,5.0,1,0,0,1,1,1,23,0,0,8,10,4,6.66,1,1,9,7,2,7.69,0,14.8,1.51,-0.95,8,Single,Not Dropout
1,16,3,5,1,11.0,13,1,8,8.0,2.0,1,0,0,0,1,0,34,0,0,6,7,4,10.55,0,1,5,8,3,12.06,0,8.13,1.13,3.25,4,Single,Not Dropout
1,7,2,2,1,16.0,1,24,8,19.0,2.0,1,0,0,0,1,0,29,0,0,6,8,3,12.42,0,0,6,5,3,,0,12.33,-0.76,0.62,16,Single,Dropout
1,15,5,5,1,4.0,1,13,16,2.0,12.0,1,0,0,1,0,0,21,0,1,5,9,2,10.42,1,0,5,8,3,9.24,2,12.91,0.58,-1.82,14,Single,Not Dropout
1,6,2,17,1,5.0,1,17,6,8.0,5.0,1,0,0,1,0,0,20,0,0,5,6,2,13.92,0,4,6,4,2,13.6,0,9.9,0.82,0.25,11,Single,Not Dropout
1,17,5,5,1,3.0,1,23,9,11.0,8.0,1,0,0,0,0,0,19,0,0,9,7,5,7.92,1,1,10,12,4,5.3,2,10.22,4.0,-3.06,16,Single,Dropout
1,15,4,11,1,16.0,1,10,16,5.0,1.0,1,0,0,0,0,0,17,0,0,6,5,5,20.0,1,0,7,8,7,19.77,0,8.86,2.08,3.28,13,Single,Not Dropout
1,6,4,17,1,13.0,19,24,22,13.0,9.0,1,0,0,1,1,0,33,0,1,5,6,2,8.69,1,0,6,5,1,10.51,0,13.79,-0.46,0.85,23,Single,Not Dropout
1,9,5,5,1,6.0,1,17,4,10.0,4.0,1,0,1,1,0,0,18,0,0,9,9,6,11.21,1,0,10,11,8,,0,9.54,3.5,-0.18,10,Single,Not Dropout
1,14,4,12,1,16.0,1,17,11,5.0,9.0,1,0,0,1,0,1,33,0,0,6,5,4,10.88,0,0,5,9,3,17.54,0,9.69,2.26,0.67,14,Single,Not Dropout
1,4,1,8,0,12.0,1,8,17,4.0,12.0,1,0,0,1,1,0,24,0,1,6,7,6,17.26,1,0,5,10,5,18.34,0,8.9,1.04,-0.56,12,Single,Not Dropout
1,1,3,5,0,8.0,1,23,27,6.0,19.0,1,0,0,1,0,0,23,0,1,6,6,1,10.65,1,1,7,7,3,10.96,0,17.0,1.1,-2.12,25,Single,Not Dropout
1,5,2,17,0,7.0,1,7,28,16.0,6.0,1,0,0,1,0,0,24,0,1,3,5,1,4.43,0,0,1,4,0,4.04,0,15.74,0.47,-1.03,17,Single,Dropout
1,11,0,12,1,10.0,1,18,26,10.0,7.0,0,0,1,0,0,0,30,0,0,6,10,3,11.85,0,2,4,2,4,,0,12.61,1.44,2.28,22,Single,Dropout
1,3,3,8,1,2.0,1,25,15,16.0,16.0,0,0,1,1,0,0,18,0,1,7,10,3,4.32,0,0,5,9,1,6.94,0,12.1,1.95,0.06,20,Single,Dropout
1,6,2,14,1,3.0,1,4,3,14.0,19.0,0,0,0,1,0,0,26,0,1,6,5,3,9.43,0,0,7,10,3,8.73,1,,1.32,0.74,3,Single,Not Dropout
1,16,2,16,1,15.0,1,12,28,16.0,,0,0,0,1,0,0,23,0,0,8,8,4,15.34,0,0,9,13,8,17.34,0,9.6,0.92,2.37,20,Single,Not Dropout
1,2,0,14,0,4.0,1,20,19,17.0,7.0,0,0,0,1,0,0,25,0,1,4,2,2,7.97,0,0,5,5,2,8.19,1,8.83,1.57,1.76,19,Single,Dropout
4,1,3,15,1,3.0,1,8,27,12.0,14.0,0,0,0,1,0,0,22,0,2,7,10,3,9.02,0,0,7,7,3,6.11,0,14.53,2.14,-1.11,17,Other,Dropout
1,8,3,6,1,14.0,1,1,27,7.0,15.0,1,0,0,1,0,0,21,0,0,5,6,4,12.71,1,0,4,7,3,14.42,0,16.51,1.73,1.7,14,Single,Not Dropout
1,1,0,6,0,16.0,1,12,23,14.0,14.0,0,0,1,1,1,0,26,0,1,8,12,4,10.09,0,0,8,10,4,11.18,0,9.85,2.17,0.35,17,Single,Not Dropout
1,1,3,4,1,14.0,1,15,13,18.0,13.0,1,0,0,1,1,0,17,0,1,9,11,6,14.17,0,0,9,10,8,16.14,0,12.41,-0.0,-1.83,14,Single,Not Dropout
1,4,1,12,1,2.0,1,27,18,7.0,3.0,0,0,0,1,0,0,31,0,1,8,8,4,12.74,1,0,9,12,6,8.65,0,13.09,2.1,1.49,22,Single,Not Dropout
4,2,0,14,1,14.0,1,24,21,10.0,5.0,1,0,0,1,0,1,24,0,0,6,3,6,13.06,0,0,5,7,3,12.88,0,11.99,-0.48,2.0,22,Other,Not Dropout
1,14,2,12,1,5.0,1,6,26,17.0,2.0,0,0,0,1,0,0,20,0,1,6,8,2,6.08,1,0,7,8,2,3.19,0,12.71,2.44,-3.36,16,Single,Dropout
1,3,2,11,0,1.0,1,9,7,12.0,,1,0,0,1,0,0,25,0,0,6,11,2,7.61,0,0,7,10,2,8.08,0,11.18,-1.0,-2.13,8,Single,Dropout
6,9,5,14,1,15.0,1,6,17,3.0,16.0,0,0,1,1,1,1,19,0,0,4,7,3,11.14,1,0,5,7,3,10.54,1,7.0,2.81,-1.89,11,Other,Not Dropout
1,12,0,4,1,5.0,1,27,18,7.0,5.0,0,0,0,1,0,0,23,0,0,8,9,3,9.07,0,0,6,7,2,7.39,2,11.28,2.75,4.0,22,Single,Not Dropout
1,11,2,7,1,11.0,1,11,7,,14.0,0,0,0,1,0,0,24,0,0,2,5,2,18.29,0,0,3,1,3,17.21,1,13.55,1.7,-1.6,9,Single,Not Dropout
1,12,4,13,0,2.0,1,26,12,10.0,8.0,1,0,0,1,0,0,31,0,0,6,8,4,13.54,0,0,6,6,6,15.4,0,12.86,0.25,-3.83,19,Single,Not Dropout
1,7,1,1,0,4.0,1,2,27,19.0,4.0,1,0,0,1,0,1,25,0,1,9,13,5,14.29,0,0,11,13,9,16.44,0,10.36,1.08,-2.56,14,Single,Not Dropout
1,16,5,16,0,15.0,1,17,1,16.0,5.0,0,0,0,1,0,0,17,0,0,3,2,2,12.2,0,2,3,1,1,9.1,1,14.16,2.51,1.65,9,Single,Not Dropout
1,2,4,3,0,10.0,1,3,15,19.0,13.0,1,0,0,1,0,0,26,0,0,7,9,1,6.04,1,0,8,6,3,6.07,1,11.56,2.15,-1.38,9,Single,Dropout
3,2,5,14,1,16.0,1,17,18,15.0,16.0,1,0,0,1,0,0,27,0,0,8,6,7,14.27,1,0,10,8,10,14.31,0,12.56,0.34,-1.79,17,Other,Not Dropout
3,15,5,11,1,3.0,1,1,27,10.0,7.0,0,0,0,1,0,1,17,0,0,5,2,1,3.44,0,2,6,7,1,6.94,0,9.95,0.63,-3.57,14,Other,Dropout
1,2,0,15,0,15.0,1,5,9,13.0,18.0,0,0,0,0,0,1,17,0,0,4,6,2,13.89,0,2,3,4,1,11.53,0,10.49,4.0,1.85,7,Single,Not Dropout
1,4,2,14,1,14.0,1,5,12,10.0,2.0,1,0,0,1,0,1,35,0,1,3,6,3,11.53,1,0,4,2,3,11.14,0,12.21,-0.6,1.84,8,Single,Not Dropout
1,3,4,9,1,15.0,1,21,3,1.0,,1,0,0,1,1,0,21,0,1,5,6,5,20.0,0,0,4,3,4,17.61,0,11.64,-1.0,0.47,12,Single,Not Dropout
1,1,0,13,1,1.0,1,19,10,3.0,5.0,0,0,0,1,0,0,21,0,0,5,6,4,,0,0,4,7,4,16.6,1,10.69,-1.0,-1.96,14,Single,Not Dropout
1,2,2,6,1,2.0,1,17,29,11.0,17.0,0,0,0,1,0,0,23,0,0,4,6,2,11.46,0,0,5,7,5,13.45,0,10.23,1.17,-1.22,23,Single,Not Dropout
1,10,4,10,1,9.0,1,6,23,13.0,15.0,0,0,0,1,0,1,19,0,1,8,11,7,17.75,0,1,8,10,7,16.26,2,7.0,0.2,-1.26,14,Single,Not Dropout
1,12,4,16,0,2.0,1,8,13,5.0,2.0,0,0,0,1,0,1,17,0,1,5,8,1,10.42,1,0,5,3,2,7.37,1,,0.96,-0.55,10,Single,Not Dropout
1,2,2,2,1,2.0,1,11,19,1.0,8.0,1,0,0,0,0,0,17,0,0,7,9,6,12.08,0,0,9,11,6,14.2,0,11.16,2.5,-1.64,15,Single,Not Dropout
1,17,5,7,1,13.0,1,29,28,2.0,15.0,0,0,0,1,1,1,19,0,0,5,7,4,14.71,0,0,7,7,6,13.28,1,11.17,3.86,-2.16,28,Single,Not Dropout
1,2,4,1,1,12.0,1,21,13,6.0,11.0,0,0,0,1,0,1,20,0,0,7,10,1,4.02,1,0,6,4,1,3.8,0,12.45,1.44,-0.06,17,Single,Dropout
1,12,0,10,1,14.0,1,1,9,17.0,10.0,1,0,0,0,0,0,18,0,0,7,6,4,11.2,1,0,7,5,5,12.02,0,,1.41,3.02,5,Single,Not Dropout
2,14,1,14,1,15.0,1,1,26,8.0,3.0,1,0,0,0,0,1,17,0,0,8,10,6,13.06,1,1,8,11,4,15.48,1,10.21,3.7,-2.41,13,Married,Not Dropout
1,9,5,1,1,3.0,1,11,25,19.0,11.0,0,0,0,1,0,0,20,0,1,3,1,2,9.84,2,0,3,1,2,11.58,1,8.28,2.06,0.42,18,Single,Not Dropout
2,9,0,10,1,14.0,20,7,15,17.0,2.0,1,0,0,1,0,0,30,0,0,5,8,3,6.96,0,1,6,12,0,5.55,0,15.35,1.93,2.4,11,Married,Dropout
1,2,0,8,1,1.0,1,12,1,17.0,7.0,0,0,0,1,0,0,19,0,0,8,11,5,12.82,0,0,9,6,7,13.33,0,12.65,3.13,0.31,6,Single,Not Dropout
2,5,2,14,1,6.0,1,29,1,19.0,5.0,1,0,1,1,0,0,22,0,1,5,6,3,13.86,0,1,3,6,2,13.8,0,10.03,0.96,0.27,15,Married,Not Dropout
1,15,5,4,1,5.0,1,6,4,5.0,13.0,1,0,0,1,0,0,32,0,0,6,7,3,7.47,1,0,7,9,4,,0,7.0,-0.85,-1.7,5,Single,Not Dropout
1,6,4,3,1,4.0,1,18,21,19.0,9.0,0,0,0,1,0,1,19,0,0,7,10,5,16.76,1,0,6,9,4,14.26,0,17.0,1.24,1.69,19,Single,Not Dropout
4,1,0,2,1,12.0,1,14,6,18.0,9.0,1,0,1,1,0,0,41,0,1,6,8,5,16.06,0,0,7,9,6,16.55,0,10.88,-0.02,2.23,10,Other,Not Dropout
1,13,2,7,1,2.0,1,20,2,16.0,17.0,1,0,0,1,0,0,28,0,0,6,8,3,6.88,0,1,7,10,3,9.59,0,12.52,0.65,2.82,11,Single,Dropout
1,12,5,9,1,13.0,1,16,20,4.0,8.0,1,0,0,1,0,0,23,0,0,6,8,3,12.82,0,0,7,8,5,13.02,0,9.05,0.27,1.27,18,Single,Not Dropout
1,2,1,16,0,14.0,1,15,14,6.0,15.0,0,0,0,1,1,0,22,0,1,6,8,4,14.26,0,0,5,7,4,18.63,0,8.67,1.2,-0.8,14,Single,Not Dropout
1,1,3,8,1,11.0,11,9,16,13.0,17.0,0,0,0,1,0,0,31,0,1,4,7,4,12.97,0,0,5,7,4,15.87,0,14.74,1.49,-0.12,12,Single,Not Dropout
1,2,2,3,1,2.0,1,29,6,1.0,4.0,1,0,1,1,0,0,19,0,1,5,3,2,10.25,0,0,6,8,3,10.36,1,10.29,-0.79,-1.96,17,Single,Not Dropout
1,1,4,12,1,10.0,1,8,7,16.0,15.0,0,0,0,1,1,0,20,0,0,7,8,5,14.22,0,0,7,8,5,16.05,2,10.02,3.17,0.33,7,Single,Not Dropout
2,11,4,2,1,11.0,1,5,8,9.0,2.0,0,0,0,1,0,1,33,0,0,6,3,3,10.67,2,0,5,8,2,10.52,0,11.61,2.42,0.65,6,Married,Not Dropout
1,3,4,6,1,6.0,1,3,19,1.0,13.0,1,0,1,1,1,1,21,0,0,7,9,7,12.1,1,0,6,5,4,16.88,0,11.59,-0.31,0.95,11,Single,Not Dropout
1,11,0,12,1,6.0,1,2,29,6.0,5.0,1,0,0,1,1,0,20,0,0,6,6,4,7.23,1,0,8,10,3,11.67,0,14.25,1.61,2.8,15,Single,Not Dropout
1,3,2,5,1,8.0,1,11,27,8.0,5.0,0,0,0,1,0,0,19,0,0,7,8,2,7.64,1,0,6,6,2,4.31,0,11.18,4.0,0.12,19,Single,Dropout
2,17,4,11,1,16.0,1,24,4,13.0,17.0,1,0,0,0,0,0,17,0,0,5,4,2,13.92,1,0,4,5,3,14.12,1,13.06,1.44,-1.53,14,Married,Not Dropout
1,13,2,8,0,1.0,1,5,20,12.0,4.0,1,0,0,1,0,1,29,0,0,4,3,2,11.82,2,0,4,10,3,14.06,1,9.74,1.24,-0.36,12,Single,Not Dropout
1,7,4,17,1,9.0,1,1,22,8.0,10.0,1,0,1,1,0,0,23,1,0,8,8,5,10.59,0,1,7,11,5,13.95,1,9.04,-0.78,0.67,11,Single,Not Dropout
1,8,3,5,0,6.0,1,16,2,12.0,15.0,0,0,0,1,0,0,29,0,1,4,5,1,6.59,0,1,6,4,1,10.1,1,9.07,0.12,1.61,9,Single,Dropout
1,2,2,16,0,9.0,1,17,19,17.0,16.0,1,0,0,0,1,1,22,0,1,5,7,1,4.88,0,0,4,4,1,2.15,0,9.54,1.4,-0.81,18,Single,Dropout
2,1,0,11,1,1.0,1,17,13,7.0,4.0,1,0,0,1,0,1,20,0,1,6,6,4,9.17,0,0,6,6,6,12.67,0,15.82,2.07,-0.86,15,Married,Not Dropout
1,10,5,13,1,15.0,1,1,6,8.0,8.0,1,0,0,1,0,0,19,0,0,3,4,2,14.73,2,1,4,6,3,15.04,0,10.06,0.42,1.32,3,Single,Not Dropout
1,1,4,3,1,8.0,1,6,23,2.0,11.0,0,1,1,1,0,0,27,0,0,5,7,1,6.41,0,0,4,7,0,4.33,0,10.05,1.36,-1.66,14,Single,Dropout
1,11,5,1,1,16.0,1,11,28,8.0,12.0,1,0,0,1,0,1,18,0,0,5,5,2,10.33,0,2,4,3,2,6.76,0,13.43,3.42,0.95,19,Single,Not Dropout
1,7,1,13,1,3.0,1,22,18,6.0,4.0,1,0,0,0,0,1,25,0,2,6,8,2,,0,0,6,7,2,7.24,0,13.33,1.42,1.87,20,Single,Dropout
1,3,1,9,1,,1,19,6,15.0,12.0,1,0,0,1,0,0,23,0,0,6,4,5,13.26,1,0,5,6,3,11.81,0,8.65,2.8,0.03,12,Single,Not Dropout
1,10,1,6,1,11.0,1,24,13,3.0,,1,0,0,0,0,0,17,0,0,5,4,3,14.92,0,0,6,6,5,16.98,0,10.93,1.02,1.39,18,Single,Not Dropout
1,10,0,16,1,13.0,1,16,15,12.0,12.0,0,0,0,1,1,0,20,0,0,6,9,3,9.38,1,1,6,7,3,9.23,0,7.0,2.72,-2.21,15,Single,Not Dropout
1,13,1,6,1,1.0,1,12,27,15.0,14.0,1,0,0,0,0,0,23,0,0,9,6,4,10.58,1,0,9,12,3,9.93,0,12.84,1.94,-0.52,19,Single,Dropout
1,4,1,8,1,11.0,1,17,23,5.0,9.0,0,0,1,1,0,1,21,0,0,10,10,5,15.32,2,1,11,13,7,12.44,2,13.25,0.07,-1.87,20,Single,Not Dropout
1,10,5,13,1,3.0,1,12,20,2.0,5.0,1,0,0,1,0,0,34,0,1,7,8,1,0.56,3,0,6,6,1,5.13,0,13.16,-0.24,1.11,16,Single,Dropout
1,15,1,17,1,7.0,1,5,23,13.0,5.0,0,0,1,1,0,0,24,0,0,6,7,4,12.42,1,0,6,10,5,15.71,0,16.73,3.04,-5.0,14,Single,Not Dropout
1,5,3,16,1,1.0,1,17,21,12.0,14.0,0,0,0,0,0,1,22,0,0,5,7,4,13.89,0,0,5,2,4,13.92,0,12.69,2.07,1.68,19,Single,Not Dropout
1,15,3,12,1,1.0,1,9,10,11.0,9.0,1,0,1,1,0,0,21,0,0,5,6,3,10.11,3,0,4,1,3,12.88,0,11.73,-0.17,-1.39,9,Single,Not Dropout
1,13,2,2,0,13.0,1,8,4,17.0,18.0,0,0,0,1,0,0,22,0,0,6,6,4,9.69,3,0,7,7,3,11.07,0,11.96,1.15,-1.64,6,Single,Not Dropout
1,8,5,2,1,12.0,1,21,25,2.0,19.0,0,0,0,1,0,0,19,0,0,8,7,5,10.06,0,0,6,8,3,9.5,2,9.96,2.05,2.61,23,Single,Not Dropout
1,16,0,12,1,15.0,1,2,17,4.0,9.0,0,0,0,1,0,1,18,0,0,4,8,2,,1,0,2,1,1,11.75,0,16.92,-1.0,-0.33,9,Single,Not Dropout
1,17,5,9,0,12.0,1,1,28,9.0,6.0,0,0,0,1,0,0,27,0,0,7,10,2,11.73,0,0,8,14,4,11.22,0,16.15,1.52,-0.97,14,Single,Not Dropout
1,5,4,3,1,10.0,1,11,20,,16.0,0,0,0,1,1,1,32,0,0,5,7,2,5.81,0,0,3,4,1,6.83,0,10.06,2.17,0.62,15,Single,Dropout
1,17,1,12,1,2.0,1,18,14,18.0,14.0,1,0,1,1,0,1,20,0,0,8,9,6,14.32,0,0,10,11,7,13.33,0,8.49,1.29,0.36,16,Single,Not Dropout
1,1,4,17,1,13.0,1,25,19,12.0,4.0,1,0,0,1,0,1,26,0,0,6,6,2,11.53,0,0,4,7,3,8.91,1,11.68,2.26,-0.29,22,Single,Not Dropout
1,3,2,2,1,4.0,1,15,19,5.0,18.0,0,0,0,1,1,0,19,0,0,5,6,4,10.73,0,0,7,5,6,10.09,0,11.38,-0.21,2.22,17,Single,Not Dropout
1,1,5,15,1,2.0,1,8,29,17.0,4.0,0,0,1,1,0,0,24,0,0,5,4,3,10.0,0,2,6,10,4,11.14,0,11.68,3.84,-4.74,18,Single,Dropout
1,7,0,6,1,12.0,1,10,11,8.0,11.0,1,0,0,1,0,0,17,0,0,9,13,6,8.55,0,0,7,6,3,11.56,0,12.03,-1.0,-2.23,10,Single,Not Dropout
2,16,0,7,1,10.0,1,11,12,17.0,4.0,0,0,0,1,0,0,18,0,1,6,5,5,11.85,0,0,6,4,6,12.3,0,7.01,-0.99,-2.17,11,Married,Not Dropout
1,11,3,13,1,3.0,1,10,11,6.0,10.0,1,0,0,0,0,0,18,0,2,8,6,5,13.41,0,0,6,7,4,10.57,0,10.89,2.31,3.35,10,Single,Not Dropout
2,11,5,5,1,9.0,1,20,4,16.0,12.0,1,0,0,1,0,0,22,0,0,7,14,2,5.54,0,1,6,6,1,7.4,0,11.86,1.45,2.87,12,Married,Dropout
1,2,0,3,0,12.0,1,24,14,11.0,3.0,1,0,0,1,1,0,17,0,1,7,8,4,13.04,0,0,6,9,3,13.36,0,8.85,-1.0,0.29,19,Single,Not Dropout
1,9,4,17,1,8.0,1,21,13,11.0,5.0,1,0,0,1,1,0,17,0,0,6,5,4,13.43,0,1,4,4,2,13.54,0,14.71,2.85,-0.11,17,Single,Not Dropout
1,7,5,6,1,12.0,1,12,6,19.0,15.0,0,0,0,1,1,0,17,0,0,6,9,2,8.37,0,1,5,8,3,10.19,2,9.98,-0.39,-0.72,9,Single,Not Dropout
1,9,2,3,1,9.0,1,9,24,3.0,19.0,1,0,0,1,0,0,22,0,0,4,2,2,9.59,2,0,4,6,2,7.86,0,10.82,2.07,2.17,16,Single,Dropout
3,5,5,12,1,6.0,1,3,20,6.0,18.0,0,0,0,1,1,0,18,0,0,4,4,3,9.6,0,0,4,6,2,11.47,1,,-1.0,-2.51,11,Other,Not Dropout
1,4,4,4,1,4.0,1,24,8,4.0,15.0,0,0,0,1,0,0,20,0,0,6,9,4,13.21,0,1,4,5,3,14.81,1,7.21,-0.98,1.87,16,Single,Not Dropout
4,17,1,14,1,5.0,1,28,5,16.0,19.0,0,0,0,1,0,1,25,0,1,6,11,4,8.01,0,1,5,5,2,6.76,1,11.25,2.51,3.45,16,Other,Not Dropout
1,10,5,2,1,,1,2,18,17.0,4.0,1,0,0,1,1,1,18,0,0,6,9,5,17.01,0,0,6,7,6,14.26,0,8.86,3.93,0.44,10,Single,Not Dropout
2,7,4,9,1,6.0,1,4,1,16.0,4.0,1,0,0,1,1,0,23,0,2,8,10,2,9.7,0,0,9,10,1,8.96,1,12.47,1.45,0.62,2,Married,Dropout
3,2,0,7,1,,1,7,5,5.0,8.0,0,0,0,1,0,0,36,0,1,10,14,5,6.74,1,0,12,15,5,7.04,2,12.69,1.38,0.33,6,Other,Not Dropout
1,13,3,17,1,6.0,1,24,13,5.0,18.0,0,0,0,1,0,0,21,0,0,4,4,3,9.01,0,1,5,6,3,8.95,0,11.61,-0.89,-0.87,18,Single,Not Dropout
1,9,3,9,1,9.0,1,7,29,8.0,16.0,1,0,0,1,0,1,22,0,0,7,5,1,5.73,0,0,6,6,1,4.8,0,9.1,0.22,-3.43,18,Single,Dropout
1,7,4,16,1,10.0,1,1,3,,,1,0,1,1,0,0,25,0,2,5,5,3,9.71,0,0,4,6,1,10.08,0,9.12,-0.17,0.31,2,Single,Dropout
1,12,4,5,1,8.0,1,10,16,15.0,1.0,0,0,1,1,1,0,18,0,1,3,7,2,8.96,0,1,3,3,1,6.88,1,10.0,0.15,-1.33,13,Single,Not Dropout
4,3,2,9,1,12.0,1,11,17,19.0,12.0,1,0,0,1,0,0,19,0,0,10,9,6,12.03,1,0,12,16,8,14.93,0,8.91,-0.94,-1.85,14,Other,Not Dropout
1,10,1,14,1,15.0,1,12,8,15.0,6.0,1,0,0,1,1,0,22,0,0,6,7,2,4.34,1,1,8,10,0,5.03,0,12.7,2.25,-0.43,10,Single,Dropout
1,15,1,3,1,14.0,1,15,16,19.0,5.0,0,0,0,1,1,0,24,0,0,6,7,4,14.54,0,0,4,8,4,14.14,0,10.03,0.52,1.51,15,Single,Not Dropout
1,8,0,16,1,15.0,1,8,19,6.0,5.0,0,0,0,1,1,1,17,0,0,8,10,4,11.86,0,0,9,10,6,9.78,0,11.88,3.21,0.89,13,Single,Not Dropout
1,1,3,14,0,1.0,1,1,4,12.0,5.0,1,0,0,0,0,0,26,0,0,11,13,9,15.17,0,0,9,11,9,14.82,0,10.07,-0.12,0.76,2,Single,Not Dropout
5,4,5,12,1,13.0,11,4,28,11.0,7.0,0,0,1,1,1,0,32,0,0,7,9,3,8.77,0,0,7,8,4,7.64,0,14.71,0.89,1.39,16,Other,Dropout
1,1,0,5,1,12.0,1,22,8,3.0,12.0,1,0,0,1,1,0,17,0,0,11,18,6,12.06,2,0,12,12,5,12.78,0,14.03,1.36,0.83,15,Single,Not Dropout
1,9,4,14,1,,1,20,11,18.0,4.0,0,0,0,1,0,0,25,0,1,6,9,4,12.6,0,0,5,7,2,12.82,0,11.29,0.49,1.86,15,Single,Not Dropout
3,7,3,15,1,6.0,7,8,1,3.0,10.0,0,0,0,1,0,0,22,1,0,8,12,0,5.74,2,1,7,7,2,5.99,0,12.73,-0.93,2.27,4,Other,Dropout
1,3,1,5,1,1.0,1,28,18,17.0,18.0,1,0,0,1,0,0,21,0,0,5,6,4,13.39,0,0,7,7,5,13.77,1,14.04,1.57,1.87,23,Single,Not Dropout
1,12,1,10,1,14.0,1,16,18,6.0,19.0,0,0,0,1,0,0,25,0,0,5,10,3,11.27,1,1,7,5,4,8.98,0,11.48,2.33,-1.48,17,Single,Not Dropout
1,4,1,2,1,14.0,1,24,4,5.0,16.0,0,0,0,1,0,0,31,0,1,7,6,1,6.52,0,0,8,12,1,5.05,0,9.6,1.64,1.73,14,Single,Dropout
1,6,4,7,1,,1,23,9,12.0,6.0,1,0,0,1,0,0,25,0,0,9,12,4,11.22,0,1,7,7,3,11.94,0,13.21,2.7,-0.94,16,Single,Not Dropout
1,17,1,3,1,10.0,1,9,23,9.0,3.0,0,0,0,1,0,1,29,0,0,5,6,3,17.35,0,1,3,3,2,18.69,0,11.15,0.14,-2.02,16,Single,Not Dropout
2,2,4,10,1,9.0,1,18,21,8.0,17.0,0,0,0,1,0,0,23,0,1,8,11,4,9.48,0,0,8,8,3,9.25,0,7.25,4.0,-1.33,19,Married,Not Dropout
1,5,2,10,1,3.0,1,18,9,18.0,8.0,1,0,0,0,1,1,25,0,0,7,9,4,14.81,2,0,8,8,2,12.32,0,10.38,0.95,-1.89,13,Single,Not Dropout
3,6,0,10,1,9.0,1,14,19,14.0,9.0,1,0,0,1,1,1,20,0,1,6,10,0,4.25,0,0,6,6,1,3.35,0,14.58,0.97,1.8,16,Other,Dropout
2,9,0,12,1,,1,19,22,12.0,9.0,1,0,0,1,0,1,23,0,0,8,10,2,6.59,0,0,7,6,5,7.45,0,11.87,2.0,0.53,20,Married,Dropout
2,5,2,16,1,6.0,1,10,11,15.0,3.0,0,0,0,1,1,0,21,0,0,5,6,3,,0,1,5,7,4,,1,7.0,3.93,2.25,10,Married,Not Dropout
1,17,2,4,1,12.0,1,3,6,16.0,14.0,1,0,0,0,0,0,24,0,0,8,11,6,17.29,0,0,9,9,6,14.78,0,9.77,0.77,2.26,4,Single,Not Dropout
1,1,4,4,1,16.0,1,2,1,4.0,5.0,1,0,0,1,0,0,17,0,0,6,5,3,10.18,1,0,6,9,3,10.7,0,10.39,3.04,-0.27,1,Single,Not Dropout
1,17,2,4,1,8.0,1,13,28,9.0,5.0,0,0,0,1,0,0,17,0,1,8,5,7,11.61,0,0,7,8,5,11.5,0,8.75,1.44,1.43,20,Single,Not Dropout
1,10,0,16,0,2.0,1,27,10,18.0,15.0,1,0,0,1,0,1,30,0,0,7,4,4,,0,0,7,4,3,11.5,0,7.86,-1.0,-2.96,18,Single,Not Dropout
1,1,1,2,1,5.0,1,7,24,16.0,14.0,1,0,0,1,0,0,31,0,0,6,11,2,11.98,1,0,7,9,3,,0,7.0,1.56,-1.82,15,Single,Not Dropout
1,2,3,1,1,3.0,1,18,10,2.0,16.0,1,0,0,0,1,1,17,0,0,0,2,0,6.31,0,1,0,1,0,9.3,0,11.12,0.99,-3.06,14,Single,Dropout
1,2,2,3,1,6.0,1,5,21,5.0,14.0,1,1,1,1,0,1,20,0,1,5,7,2,8.0,1,0,5,6,2,9.73,0,12.42,3.41,-1.91,13,Single,Dropout
1,5,4,14,1,11.0,1,19,10,6.0,1.0,0,0,0,1,0,1,19,0,3,5,5,2,11.37,0,0,5,7,3,9.64,0,7.0,-0.21,-1.64,14,Single,Not Dropout
1,6,5,10,1,4.0,1,6,18,10.0,8.0,1,0,0,1,0,0,25,0,0,7,9,1,5.78,1,0,5,4,2,6.24,0,16.6,0.38,-1.11,12,Single,Dropout
1,11,2,16,1,9.0,1,13,28,16.0,8.0,1,0,0,1,0,0,22,0,0,6,6,6,19.59,2,0,6,10,6,19.57,0,8.7,-0.43,-0.97,20,Single,Not Dropout
1,6,3,4,1,16.0,1,24,22,10.0,7.0,1,0,0,1,0,1,27,0,0,3,4,1,9.66,1,0,4,4,3,7.23,0,12.39,2.38,-1.49,23,Single,Not Dropout
2,13,4,7,1,5.0,1,11,5,4.0,10.0,0,0,0,1,0,0,17,0,0,7,4,3,13.14,0,0,7,11,5,14.72,0,12.76,1.16,-2.29,8,Married,Not Dropout
1,5,1,10,1,15.0,1,28,16,11.0,10.0,1,0,0,1,0,1,25,0,1,6,3,1,3.73,0,0,8,7,2,6.75,1,7.78,1.77,2.03,22,Single,Dropout
2,5,3,2,1,5.0,1,2,8,5.0,12.0,1,0,0,1,1,0,21,0,1,6,4,1,4.31,0,1,4,3,0,1.0,0,10.82,1.94,-0.34,5,Married,Dropout
2,5,1,16,1,10.0,1,3,7,13.0,19.0,0,0,0,1,0,0,19,0,0,7,6,5,17.31,1,0,8,9,7,17.1,0,14.0,-1.0,1.14,5,Married,Not Dropout
1,6,3,14,1,3.0,1,5,25,19.0,13.0,1,0,0,1,0,1,26,0,0,7,11,4,10.49,0,0,8,10,3,11.97,0,8.54,-1.0,-1.55,15,Single,Not Dropout
1,15,4,3,1,5.0,1,8,29,13.0,18.0,0,0,0,1,0,0,22,1,1,10,16,1,3.87,0,0,9,10,0,3.19,0,14.92,2.81,-2.2,18,Single,Dropout
1,5,0,15,1,14.0,1,13,27,18.0,16.0,1,0,0,0,0,0,22,0,1,8,11,4,8.75,0,0,8,9,2,9.53,1,7.0,0.23,2.15,20,Single,Dropout
1,5,1,8,1,10.0,1,27,25,11.0,14.0,0,0,0,0,0,0,31,0,0,6,1,5,18.0,1,0,3,6,2,20.0,1,11.43,2.09,2.45,26,Single,Not Dropout
1,17,0,6,1,,1,8,14,16.0,6.0,0,0,0,1,1,0,23,0,0,7,12,4,12.94,1,0,7,7,4,9.57,0,12.91,1.26,0.52,11,Single,Not Dropout
1,12,0,17,1,9.0,1,11,16,18.0,11.0,0,0,0,1,0,0,35,0,0,6,6,1,2.6,1,2,5,4,1,1.87,0,10.18,3.75,-0.2,13,Single,Dropout
2,4,0,9,1,4.0,1,2,16,4.0,3.0,0,0,0,1,0,1,17,0,1,5,3,4,12.03,0,0,5,9,2,11.04,0,13.6,1.03,3.36,9,Married,Not Dropout
3,15,4,4,1,15.0,1,21,22,13.0,18.0,0,0,0,1,1,0,23,0,0,8,13,4,10.96,0,1,9,12,6,11.11,0,9.9,2.38,2.29,21,Other,Not Dropout
2,4,5,14,1,7.0,1,16,2,5.0,,1,0,0,1,1,1,17,0,1,9,9,5,14.5,0,1,9,12,5,11.06,0,11.67,1.27,-0.5,9,Married,Not Dropout
1,3,2,13,1,1.0,1,2,24,2.0,5.0,0,0,0,1,0,1,17,0,0,6,5,5,14.46,0,0,5,4,3,10.34,0,13.72,1.5,-2.05,13,Single,Not Dropout
1,8,5,4,1,15.0,1,14,24,5.0,18.0,0,0,1,1,0,0,19,0,0,7,7,1,6.99,0,0,5,4,1,7.52,0,8.13,0.67,3.02,19,Single,Dropout
5,12,4,12,0,,1,7,29,3.0,3.0,1,0,0,1,0,0,29,0,0,5,5,2,9.45,1,2,4,6,1,6.3,2,12.71,1.37,-5.0,18,Other,Dropout
1,4,4,11,0,15.0,1,13,18,4.0,11.0,1,1,0,0,1,0,21,0,0,7,9,3,5.15,0,0,7,12,4,8.12,0,10.03,0.58,-0.21,15,Single,Dropout
1,13,4,5,1,5.0,1,9,14,1.0,11.0,1,0,0,1,0,0,17,0,0,5,6,4,12.74,0,0,5,9,5,13.39,0,13.18,-0.29,-0.96,11,Single,Not Dropout
1,3,1,8,1,2.0,1,23,14,19.0,5.0,0,0,0,0,0,1,27,0,1,7,7,3,12.66,1,1,4,5,2,8.53,1,9.16,0.55,-1.44,18,Single,Not Dropout
1,14,3,15,0,4.0,1,2,18,9.0,8.0,0,0,0,0,0,0,17,0,2,7,4,4,9.75,1,1,9,8,3,8.61,0,14.03,0.75,-1.7,10,Single,Dropout
1,2,3,3,1,11.0,1,18,9,4.0,15.0,0,0,0,1,0,0,33,0,1,9,8,3,,0,0,9,8,4,11.12,1,7.0,1.93,-0.24,13,Single,Not Dropout
1,8,3,13,1,9.0,1,24,23,7.0,14.0,0,0,0,1,0,0,17,0,0,3,5,1,7.9,0,1,2,2,1,9.18,0,8.76,-0.57,2.24,23,Single,Dropout
1,11,4,15,0,3.0,1,1,13,15.0,12.0,0,0,0,1,0,0,21,0,0,9,9,9,13.94,0,2,8,15,8,16.64,0,16.69,-0.82,-1.75,7,Single,Not Dropout
1,5,0,16,1,5.0,1,27,9,13.0,11.0,0,0,0,1,1,0,35,0,0,8,9,4,13.86,0,0,7,6,6,15.81,1,12.91,1.97,3.22,18,Single,Not Dropout
1,11,4,6,0,4.0,1,23,22,1.0,7.0,1,0,0,1,1,1,21,0,2,7,8,4,14.1,0,0,8,9,6,14.76,1,8.86,1.07,-0.67,22,Single,Not Dropout
1,12,4,5,1,11.0,1,9,10,3.0,,1,0,0,0,0,0,26,0,0,6,9,2,6.12,0,0,7,6,4,9.02,0,8.63,3.43,-2.78,9,Single,Dropout
1,12,0,16,0,14.0,1,14,3,11.0,1.0,0,0,0,1,1,1,22,0,0,8,10,5,12.25,1,1,8,10,4,13.35,0,10.13,-0.79,-1.69,8,Single,Not Dropout
2,7,2,8,1,5.0,1,20,16,19.0,2.0,0,0,0,1,1,1,23,0,1,10,13,6,10.25,0,0,11,8,8,12.77,0,11.06,0.53,-1.15,18,Married,Not Dropout
1,14,5,10,1,15.0,1,15,15,2.0,15.0,0,0,0,1,0,1,18,0,0,6,7,2,8.77,0,2,7,6,3,8.32,0,10.85,3.31,-1.08,15,Single,Not Dropout
1,13,0,9,1,7.0,1,22,9,17.0,4.0,0,0,0,1,0,0,26,0,1,9,13,4,9.54,1,0,9,8,1,8.69,0,14.58,-1.0,-2.31,15,Single,Dropout
1,6,0,9,1,2.0,1,26,2,2.0,14.0,0,0,1,1,1,1,31,0,0,8,8,2,4.88,1,0,9,8,3,7.97,1,16.93,1.92,1.29,14,Single,Dropout
1,13,4,11,1,6.0,1,11,14,10.0,1.0,1,0,0,1,0,0,17,0,0,9,8,2,8.02,0,0,11,10,3,4.49,2,11.1,1.27,1.26,12,Single,Dropout
2,16,1,8,0,14.0,1,4,23,5.0,5.0,1,0,0,1,1,0,17,0,0,8,12,5,15.4,0,0,9,10,7,11.65,0,12.27,2.31,-0.37,13,Married,Not Dropout
1,14,4,7,0,13.0,1,13,24,9.0,18.0,1,0,0,1,1,0,20,0,1,6,6,5,14.64,0,0,7,11,6,15.29,0,10.61,2.36,-2.39,18,Single,Not Dropout
1,13,5,7,0,12.0,1,18,7,18.0,6.0,0,0,0,1,1,1,18,0,0,4,3,1,10.04,0,1,5,6,2,8.17,0,8.92,-0.21,-1.37,12,Single,Not Dropout
1,14,2,12,1,7.0,1,23,13,5.0,19.0,1,0,0,1,0,0,27,0,0,5,4,3,11.16,0,1,4,3,2,9.45,0,13.31,3.28,0.03,18,Single,Not Dropout
1,14,2,14,1,13.0,1,9,27,13.0,6.0,1,0,0,1,1,0,19,0,1,8,8,4,10.21,0,0,6,8,2,7.41,1,11.67,1.39,-2.78,18,Single,Not Dropout
6,5,2,10,1,12.0,1,27,10,7.0,13.0,1,0,1,1,0,0,23,0,2,6,6,6,18.76,1,1,6,9,5,17.31,1,14.7,1.57,-2.74,18,Other,Not Dropout
2,13,2,12,1,13.0,5,2,14,13.0,13.0,0,0,0,1,1,1,32,0,2,3,5,1,13.91,0,0,3,2,1,8.98,0,9.64,1.85,-0.66,8,Married,Not Dropout
3,4,2,8,1,9.0,1,17,20,2.0,13.0,1,0,0,1,1,0,17,0,1,5,8,4,8.29,0,1,5,4,2,9.33,0,11.4,2.15,-3.26,18,Other,Not Dropout
3,7,3,14,1,9.0,1,13,14,6.0,6.0,0,0,0,0,1,0,25,0,0,4,5,2,13.22,0,0,2,2,1,9.39,0,7.68,-0.51,1.39,13,Other,Not Dropout
1,16,5,7,1,16.0,1,21,25,19.0,15.0,1,0,0,1,0,0,22,0,1,7,10,3,6.59,0,0,8,8,3,5.15,1,11.47,1.62,0.27,23,Single,Dropout
2,5,5,8,1,16.0,1,9,11,14.0,6.0,0,0,0,1,0,1,22,0,0,8,11,4,11.22,0,0,8,9,6,11.33,0,12.29,1.67,2.77,10,Married,Not Dropout
1,15,5,1,1,9.0,1,28,15,18.0,16.0,0,0,0,1,1,0,18,0,1,7,6,7,17.18,0,1,6,7,4,15.48,0,9.82,0.25,-2.65,21,Single,Not Dropout
2,8,0,5,1,4.0,1,1,15,,8.0,1,0,0,1,0,0,21,0,0,4,3,2,9.95,0,1,3,3,1,10.84,2,11.72,1.82,-1.47,8,Married,Not Dropout
1,4,1,13,1,7.0,19,24,22,4.0,16.0,0,0,0,1,1,0,23,0,0,6,6,3,16.35,0,1,5,7,3,14.07,0,12.26,1.41,1.6,23,Single,Not Dropout
1,2,4,2,1,9.0,1,15,10,9.0,19.0,0,0,0,1,1,0,22,0,0,4,1,1,3.53,1,0,4,4,1,2.37,0,7.0,-0.67,1.59,12,Single,Dropout
1,10,3,4,0,11.0,1,15,8,17.0,15.0,1,0,0,1,1,1,27,0,1,6,7,2,9.98,2,0,6,4,2,9.13,0,8.13,1.83,-3.36,11,Single,Dropout
2,8,2,14,1,6.0,1,10,11,13.0,9.0,0,0,0,1,1,0,17,0,0,8,9,3,12.27,1,0,9,11,6,9.13,0,11.16,0.35,3.18,10,Married,Not Dropout
1,9,1,15,0,1.0,1,12,7,10.0,9.0,0,0,0,1,0,1,17,0,0,7,11,1,4.82,1,0,5,4,1,5.11,0,10.07,3.22,-1.68,9,Single,Dropout
1,1,0,8,0,14.0,1,13,6,17.0,8.0,1,0,0,1,0,0,17,0,0,6,9,4,10.48,1,0,6,6,4,11.9,0,14.18,1.31,2.91,9,Single,Not Dropout
1,5,1,7,1,16.0,1,10,24,3.0,7.0,1,0,0,1,0,0,24,0,0,9,9,4,8.44,1,0,7,10,2,12.64,0,12.59,-0.29,-0.53,17,Single,Not Dropout
4,1,2,9,1,2.0,1,1,11,19.0,,1,0,0,1,0,1,28,0,0,5,8,3,10.59,0,0,4,6,3,11.27,1,11.92,2.37,1.83,6,Other,Not Dropout
1,6,2,14,1,6.0,1,12,8,3.0,10.0,1,0,0,1,0,1,17,0,0,8,9,4,12.03,0,0,8,8,4,10.28,1,13.16,-0.35,-4.44,10,Single,Not Dropout
1,16,3,8,1,7.0,1,12,24,19.0,14.0,1,0,0,1,0,1,17,0,1,6,8,1,10.55,2,0,6,9,3,10.56,0,13.27,1.95,4.0,18,Single,Not Dropout
1,3,1,3,1,13.0,1,21,23,16.0,17.0,0,0,1,1,1,0,34,0,0,11,8,5,3.93,1,2,9,12,0,3.1,1,9.75,0.16,-0.03,22,Single,Dropout
1,12,1,8,1,13.0,1,14,8,10.0,17.0,0,0,0,1,1,0,31,0,1,7,7,2,7.75,0,1,6,4,3,9.18,0,12.98,1.67,2.75,11,Single,Dropout
1,1,5,5,0,6.0,1,16,9,10.0,12.0,1,0,0,1,1,1,31,0,0,3,4,2,10.87,1,0,5,0,3,13.15,0,16.0,-1.0,0.17,12,Single,Not Dropout
1,10,2,12,1,5.0,1,14,24,1.0,19.0,0,0,0,1,1,0,25,0,0,6,6,3,7.04,0,0,7,8,1,,0,13.5,-1.0,0.79,19,Single,Dropout
2,16,1,3,1,7.0,1,13,9,7.0,17.0,0,0,0,1,1,0,27,1,1,4,8,1,8.84,0,0,7,8,1,7.25,1,10.63,2.84,2.11,11,Married,Dropout
3,6,3,11,0,4.0,1,21,25,5.0,10.0,0,0,0,1,0,0,21,0,0,10,12,3,6.8,0,2,10,13,4,11.44,1,7.0,2.55,3.68,23,Other,Not Dropout
3,4,3,3,0,7.0,1,20,18,14.0,8.0,0,0,0,1,0,1,17,0,0,5,7,3,8.94,0,0,4,8,1,10.21,1,7.86,2.07,-0.0,19,Other,Not Dropout
1,10,3,17,1,5.0,1,29,20,4.0,9.0,1,0,0,1,0,0,17,0,0,9,10,5,11.99,0,0,9,13,8,13.66,0,11.89,2.7,3.37,24,Single,Not Dropout
1,5,1,11,1,1.0,1,15,16,16.0,1.0,0,0,0,1,0,0,23,0,0,8,9,4,9.73,0,0,8,13,6,,0,9.19,0.53,0.06,15,Single,Not Dropout
1,16,4,3,0,12.0,1,1,1,6.0,7.0,1,0,1,1,1,1,29,1,0,4,7,1,9.12,0,0,4,3,1,9.69,0,8.26,0.09,1.28,1,Single,Dropout
2,15,1,17,1,13.0,1,17,24,17.0,8.0,1,0,0,1,1,0,22,0,1,4,9,0,5.95,0,0,5,9,1,,0,13.56,0.18,0.49,20,Married,Dropout
1,12,5,10,0,5.0,1,12,17,7.0,15.0,1,0,0,1,0,0,27,0,0,8,5,8,20.0,0,0,9,7,9,20.0,0,14.5,0.56,0.44,14,Single,Not Dropout
1,11,2,11,1,7.0,1,3,6,15.0,5.0,1,0,1,1,0,1,22,0,1,6,5,3,12.41,0,1,4,0,2,11.11,0,8.73,2.86,-0.45,4,Single,Not Dropout
1,11,2,2,1,7.0,1,25,25,13.0,13.0,1,0,0,0,0,0,25,0,0,6,7,5,13.44,0,0,7,5,5,14.98,0,15.48,0.7,-0.66,25,Single,Not Dropout
1,13,2,4,1,1.0,1,19,9,19.0,7.0,1,0,0,1,0,1,28,0,0,7,11,0,2.89,0,0,7,8,1,4.77,0,9.96,-0.01,-0.34,14,Single,Dropout
1,8,2,14,1,9.0,1,19,11,10.0,7.0,1,1,0,0,0,0,31,0,0,1,4,0,12.65,0,0,3,5,1,9.44,1,11.99,1.91,2.04,15,Single,Dropout
1,17,3,8,1,8.0,1,19,19,7.0,,1,0,0,1,0,0,25,0,0,6,5,3,10.5,0,0,7,7,3,9.08,0,7.0,0.36,2.53,19,Single,Not Dropout
1,6,2,11,1,16.0,1,29,9,13.0,10.0,1,0,1,1,0,0,35,0,1,8,8,5,11.35,2,0,9,10,4,9.82,1,13.72,1.29,-4.16,19,Single,Dropout
1,1,0,17,1,6.0,1,20,1,1.0,2.0,1,0,0,1,0,0,22,0,0,3,6,2,11.23,0,0,3,4,3,11.96,0,7.34,2.55,-0.86,10,Single,Not Dropout
1,12,3,8,1,13.0,1,21,10,19.0,4.0,0,1,0,1,1,0,31,0,0,8,8,2,7.62,0,0,6,7,2,8.72,1,7.5,1.07,-3.65,15,Single,Not Dropout
2,12,1,7,1,7.0,1,22,20,13.0,10.0,0,0,0,1,0,0,26,0,1,6,8,4,8.96,1,0,8,7,3,10.38,0,11.95,1.53,0.4,21,Married,Not Dropout
1,17,0,14,1,3.0,1,22,13,,14.0,0,0,0,0,0,0,17,0,0,4,4,3,12.52,0,1,5,6,2,10.05,1,7.33,2.32,-2.72,17,Single,Not Dropout
1,7,5,2,1,6.0,1,21,21,4.0,8.0,0,0,0,1,0,1,31,0,0,7,9,3,13.63,0,3,9,13,6,12.36,0,11.07,2.25,-2.6,21,Single,Not Dropout
2,8,1,8,1,15.0,1,3,3,1.0,5.0,0,1,0,1,0,1,17,0,0,6,8,2,5.9,0,1,5,6,2,6.72,0,7.9,0.21,-0.68,3,Married,Dropout
1,10,3,15,1,5.0,1,12,8,13.0,18.0,0,0,0,1,0,0,22,0,0,9,5,6,15.01,1,0,9,7,6,13.81,0,13.98,0.12,-3.2,10,Single,Not Dropout
1,7,1,4,1,14.0,1,8,7,13.0,7.0,1,0,0,1,0,0,28,0,0,5,10,2,9.81,0,0,5,9,3,10.86,0,13.59,-0.13,1.18,7,Single,Not Dropout
1,14,2,6,1,11.0,1,26,2,4.0,7.0,1,0,0,1,0,0,19,0,1,9,14,4,8.81,0,1,8,9,5,9.59,0,9.28,1.48,0.42,14,Single,Not Dropout
2,8,2,9,1,12.0,1,17,19,11.0,2.0,0,0,0,1,0,0,23,0,0,6,3,5,14.43,1,1,4,4,3,16.09,0,13.23,0.93,-1.54,18,Married,Not Dropout
1,14,0,2,1,13.0,1,15,7,10.0,7.0,0,0,0,1,1,0,27,0,0,7,8,6,20.0,0,0,7,11,7,19.87,0,9.48,1.86,0.98,11,Single,Not Dropout
1,8,5,2,0,9.0,1,16,14,10.0,5.0,1,0,0,1,0,0,18,0,0,6,4,5,10.45,1,0,5,4,3,12.57,0,13.58,-0.65,-0.89,15,Single,Not Dropout
1,4,1,5,0,10.0,1,20,29,12.0,7.0,1,0,1,1,0,0,22,0,0,5,2,0,9.48,0,1,7,9,1,6.1,0,11.8,0.19,0.17,24,Single,Dropout
1,17,3,16,1,2.0,1,23,8,17.0,4.0,1,0,0,1,0,0,21,0,0,8,11,2,8.39,0,1,8,6,3,10.27,0,14.75,2.52,4.0,15,Single,Not Dropout
1,9,3,4,1,12.0,1,6,6,18.0,4.0,1,0,1,1,1,0,29,0,0,6,11,6,15.76,0,0,5,5,4,16.77,0,9.79,0.86,-0.53,6,Single,Not Dropout
1,13,2,13,1,12.0,1,29,27,4.0,14.0,1,0,0,1,0,0,32,0,0,6,7,3,10.85,0,0,7,5,3,10.01,0,11.22,0.94,0.2,28,Single,Not Dropout
1,11,3,8,1,2.0,1,23,11,18.0,10.0,1,0,0,1,0,1,17,0,0,8,12,6,14.05,1,2,9,10,6,,0,12.55,-0.62,1.56,17,Single,Not Dropout
2,7,3,13,1,9.0,1,6,9,11.0,14.0,1,0,1,1,1,0,23,0,0,9,9,6,14.61,0,0,9,11,7,,1,15.51,2.41,4.0,7,Married,Not Dropout
1,17,0,6,1,9.0,1,18,21,4.0,11.0,0,0,0,1,1,0,20,0,0,5,3,2,7.13,0,0,5,6,3,9.3,0,11.67,2.37,-1.3,19,Single,Not Dropout
1,7,4,15,0,5.0,1,13,4,18.0,11.0,0,0,0,1,1,0,23,0,0,9,9,8,14.89,1,2,8,10,8,17.71,0,8.92,1.64,-0.83,8,Single,Not Dropout
4,17,0,7,0,2.0,1,11,11,8.0,9.0,0,0,0,1,0,0,34,0,0,5,4,3,12.53,0,0,5,6,2,11.52,0,7.0,-0.44,1.17,11,Other,Not Dropout
1,8,2,14,1,1.0,1,26,6,9.0,8.0,1,0,0,1,0,0,25,0,0,7,9,5,9.46,1,0,7,6,5,10.69,0,,2.43,-0.96,16,Single,Not Dropout
5,1,2,15,1,4.0,1,9,26,19.0,5.0,1,0,0,1,0,0,20,0,0,8,11,3,9.31,0,2,9,12,5,9.74,0,11.43,-1.0,0.52,17,Other,Not Dropout
5,1,2,8,1,,1,25,9,12.0,17.0,0,0,0,1,1,1,17,0,1,0,0,0,5.97,0,0,1,3,0,7.62,2,7.0,1.13,4.0,17,Other,Dropout
3,17,0,12,1,4.0,1,19,17,3.0,8.0,0,0,0,1,0,0,29,0,0,5,3,2,7.19,0,0,5,7,2,7.9,0,11.54,0.8,-0.53,18,Other,Not Dropout
1,9,4,3,1,10.0,1,24,16,2.0,17.0,0,0,0,1,1,0,20,0,1,6,9,2,5.4,0,0,8,8,4,7.15,0,13.52,3.12,-0.95,20,Single,Not Dropout
1,7,2,9,1,7.0,1,22,15,16.0,15.0,1,0,0,1,0,0,18,0,0,7,7,6,16.57,0,0,6,4,6,20.0,0,,2.63,3.79,18,Single,Not Dropout
1,14,0,7,1,2.0,1,18,2,,,1,0,1,0,0,0,25,0,0,6,9,4,13.73,0,1,6,7,4,14.38,0,9.72,4.0,-0.99,10,Single,Not Dropout
1,11,0,17,1,2.0,1,6,8,2.0,17.0,1,0,0,0,1,0,26,0,0,2,1,0,9.58,2,0,2,5,1,4.68,0,7.0,-0.47,0.65,7,Single,Dropout
1,12,3,16,1,11.0,1,29,25,1.0,13.0,1,0,0,1,0,0,21,0,0,6,6,4,20.0,1,1,7,7,6,19.92,0,10.11,2.4,-4.0,27,Single,Not Dropout
1,12,3,14,1,15.0,1,19,16,18.0,16.0,1,0,0,1,0,0,17,1,0,3,6,2,16.85,0,0,4,4,3,15.64,0,9.72,1.72,1.37,17,Single,Not Dropout
2,4,3,17,1,14.0,1,11,26,11.0,16.0,1,0,1,1,0,0,31,0,0,5,8,1,9.33,0,2,7,9,3,8.31,0,13.67,0.47,0.53,18,Married,Dropout
1,2,4,17,1,13.0,1,8,17,10.0,13.0,1,0,0,1,0,1,27,0,2,6,10,3,14.33,0,0,7,5,5,12.3,0,11.08,0.67,-3.12,12,Single,Not Dropout
1,13,4,14,1,6.0,1,4,10,12.0,14.0,1,0,0,0,1,0,29,0,0,7,8,3,8.57,0,0,5,2,2,8.15,0,12.71,3.29,-0.09,7,Single,Dropout
1,1,5,11,1,12.0,1,10,11,8.0,16.0,0,0,0,1,0,1,21,0,0,5,9,4,14.69,1,1,5,7,4,16.45,0,13.58,1.09,2.0,10,Single,Not Dropout
1,13,5,4,1,2.0,1,4,23,19.0,5.0,1,0,0,1,1,0,18,0,0,6,8,3,13.72,0,0,6,7,4,11.77,2,,-0.22,-1.16,13,Single,Not Dropout
1,3,5,14,1,3.0,1,26,7,12.0,17.0,0,0,0,1,0,0,20,0,3,5,7,2,10.51,0,1,4,6,3,8.65,0,11.82,2.82,-1.09,16,Single,Not Dropout
1,5,4,4,1,3.0,1,13,18,13.0,10.0,0,0,0,1,0,0,17,0,0,7,6,3,8.57,0,0,7,8,0,6.52,1,8.94,2.34,2.45,15,Single,Dropout
2,13,2,4,1,3.0,1,19,28,17.0,,1,0,0,1,0,1,21,0,0,4,6,2,11.88,1,0,2,0,1,8.3,0,9.05,1.55,-0.14,23,Married,Not Dropout
1,11,3,15,1,6.0,1,24,25,1.0,3.0,1,0,0,0,1,0,19,0,0,6,6,4,11.4,1,0,6,6,4,12.01,0,12.45,-0.43,1.44,24,Single,Not Dropout
1,14,3,2,0,1.0,1,28,12,7.0,15.0,1,0,1,1,0,0,23,0,0,4,9,3,16.19,0,1,4,4,4,16.98,1,12.87,-1.0,2.61,20,Single,Not Dropout
1,11,1,3,0,14.0,1,14,9,16.0,16.0,1,0,0,1,1,1,23,0,0,6,7,4,,0,0,5,7,3,13.63,1,12.22,4.0,-1.78,11,Single,Not Dropout
1,1,4,9,1,12.0,1,2,19,2.0,13.0,0,0,0,1,0,1,24,0,0,7,8,4,15.14,1,0,6,6,4,15.01,0,9.66,0.78,-1.68,10,Single,Not Dropout
1,15,3,10,0,11.0,1,18,18,7.0,13.0,0,0,0,1,0,0,19,0,1,5,9,2,7.94,0,1,6,8,2,7.5,0,15.21,4.0,0.75,18,Single,Dropout
1,4,3,1,1,3.0,1,28,21,4.0,17.0,1,0,0,0,0,0,17,0,0,6,7,0,,0,2,6,5,2,1.73,0,11.27,1.79,-1.69,24,Single,Dropout
2,3,5,7,1,14.0,1,11,3,,19.0,1,0,0,1,1,0,17,0,0,6,5,0,3.34,0,0,6,10,0,6.27,1,9.13,2.2,-0.02,7,Married,Dropout
1,15,4,4,1,1.0,1,3,16,17.0,16.0,0,0,0,1,0,0,24,0,1,10,8,4,13.52,0,0,9,10,5,8.47,0,14.93,-0.62,0.74,9,Single,Not Dropout
1,4,5,6,1,16.0,1,21,1,6.0,3.0,1,0,0,1,0,0,24,0,1,7,6,2,6.85,0,0,8,10,3,5.94,2,16.3,3.98,1.58,11,Single,Not Dropout
1,10,5,4,1,12.0,1,18,29,14.0,16.0,1,0,0,1,0,1,17,0,0,7,4,4,12.12,2,2,8,10,6,9.38,0,15.7,1.14,-0.67,23,Single,Not Dropout
1,9,4,12,1,4.0,1,5,26,15.0,10.0,1,0,0,1,0,1,32,0,0,5,6,3,14.43,1,1,6,2,3,12.46,0,8.17,1.31,3.73,15,Single,Not Dropout
2,14,1,9,1,4.0,1,1,22,18.0,16.0,1,0,0,1,1,0,28,0,0,2,5,1,14.48,0,1,3,5,2,11.37,1,16.22,2.36,4.0,11,Married,Not Dropout
1,1,1,17,0,12.0,1,16,9,18.0,14.0,1,0,0,0,0,1,17,0,1,5,5,1,1.88,0,1,6,7,1,3.07,0,10.16,-0.32,-1.72,12,Single,Dropout
2,2,1,1,1,13.0,1,5,22,9.0,13.0,0,0,0,1,1,0,25,0,0,3,9,3,18.58,0,0,3,3,3,,0,9.69,3.47,4.0,13,Married,Not Dropout
1,8,4,14,0,8.0,1,6,13,2.0,17.0,0,0,0,1,0,0,22,0,1,7,5,4,10.69,0,0,6,8,3,12.26,1,12.35,-0.39,-1.2,9,Single,Not Dropout
1,9,5,16,0,1.0,1,9,19,15.0,3.0,1,0,0,1,0,1,25,0,0,7,9,3,13.5,1,1,7,7,5,10.98,2,10.68,1.6,-3.11,14,Single,Not Dropout
1,14,5,9,1,8.0,1,14,7,11.0,17.0,0,0,0,1,0,0,24,0,0,7,9,3,12.89,0,2,7,11,4,10.59,1,9.93,1.43,0.19,10,Single,Not Dropout
1,11,4,12,1,8.0,1,24,14,9.0,7.0,1,0,0,1,0,1,27,0,3,6,6,3,10.03,0,0,6,11,2,11.53,0,10.3,3.24,1.02,19,Single,Not Dropout
6,3,4,8,1,6.0,1,13,26,11.0,4.0,1,0,0,1,0,0,32,0,1,5,6,3,17.95,0,1,5,6,3,11.31,0,,-1.0,-1.16,19,Other,Not Dropout
1,17,5,11,1,15.0,1,25,6,13.0,14.0,0,0,0,1,1,0,25,0,0,5,9,2,8.3,0,0,7,10,3,7.03,0,10.39,-0.27,-0.51,15,Single,Dropout
2,8,4,16,0,6.0,1,18,12,6.0,19.0,0,0,0,1,0,0,26,0,0,7,10,4,11.65,0,0,7,7,3,12.45,0,13.43,1.64,1.54,15,Married,Not Dropout
2,17,0,10,1,4.0,6,12,9,7.0,2.0,0,0,0,1,0,0,32,0,0,10,13,9,16.0,0,0,11,10,10,16.71,1,11.03,-1.0,-3.61,10,Married,Not Dropout
1,17,3,10,1,11.0,1,15,6,7.0,19.0,1,0,1,1,0,1,20,0,1,7,6,4,,0,0,5,7,5,10.89,0,9.25,-1.0,-0.24,10,Single,Not Dropout
1,1,2,17,1,10.0,1,5,12,10.0,7.0,1,0,1,1,0,0,17,0,3,7,9,5,10.27,0,0,8,7,4,10.64,1,8.32,-0.1,-2.55,8,Single,Not Dropout
1,9,3,9,1,10.0,1,29,18,13.0,19.0,0,0,0,1,0,0,27,0,0,10,13,4,6.92,1,0,10,10,4,6.53,0,12.59,1.08,-1.03,23,Single,Dropout
1,8,3,3,1,9.0,1,9,2,1.0,1.0,1,0,0,1,0,0,17,0,2,6,9,5,13.38,0,0,6,7,5,12.59,0,11.8,-0.97,3.37,5,Single,Not Dropout
2,9,1,12,1,6.0,1,27,6,6.0,12.0,0,0,0,0,1,0,18,0,0,5,3,4,11.75,0,0,5,6,3,8.01,0,12.58,1.74,0.64,16,Married,Not Dropout
1,6,1,12,1,5.0,1,19,24,14.0,11.0,0,0,1,1,1,1,32,0,0,7,9,3,10.46,1,0,6,7,3,10.84,0,11.7,2.29,4.0,21,Single,Not Dropout
3,10,0,5,1,2.0,1,9,8,1.0,16.0,1,0,0,1,1,0,17,0,1,9,11,7,14.87,0,0,7,10,5,13.83,0,12.62,-1.0,-1.11,8,Other,Not Dropout
1,9,1,13,1,3.0,1,15,10,16.0,9.0,0,0,0,1,0,0,25,0,0,8,11,1,7.34,0,0,7,10,2,6.77,1,9.66,2.34,2.59,12,Single,Dropout
1,4,4,2,1,10.0,1,4,20,15.0,2.0,0,0,0,1,0,1,17,0,0,7,7,5,14.94,1,0,11,14,10,19.81,1,11.0,2.08,1.92,12,Single,Not Dropout
1,5,3,6,1,7.0,1,18,22,7.0,4.0,0,0,0,1,1,1,25,0,0,3,2,3,20.0,0,0,5,6,5,20.0,0,15.71,1.52,-3.57,20,Single,Not Dropout
1,3,5,15,1,12.0,12,2,28,12.0,5.0,1,0,0,0,0,0,34,0,2,4,3,2,8.68,0,0,4,2,1,9.17,0,,3.25,-1.26,15,Single,Dropout
3,15,5,11,0,13.0,1,19,5,10.0,17.0,0,0,0,1,1,0,17,0,0,7,9,5,14.76,0,2,7,7,5,17.35,2,14.32,2.35,2.99,12,Other,Not Dropout
1,12,5,11,1,9.0,1,6,22,,2.0,1,0,0,1,0,0,17,0,0,6,9,3,10.4,0,0,8,8,5,13.45,0,,1.45,0.93,14,Single,Not Dropout
5,7,1,11,0,2.0,1,4,21,3.0,16.0,1,0,0,0,0,0,25,0,1,6,6,2,7.61,1,0,6,7,1,8.22,0,10.16,1.2,-1.66,12,Other,Dropout
2,7,2,3,1,1.0,1,7,4,19.0,10.0,0,0,0,1,1,1,19,0,0,8,10,6,12.91,0,0,6,9,5,14.69,0,9.43,2.1,-3.48,5,Married,Not Dropout
2,2,0,17,1,4.0,1,3,26,17.0,11.0,0,0,0,0,1,0,22,0,1,4,1,2,7.91,0,0,6,8,3,10.71,0,8.36,1.14,-3.99,14,Married,Dropout
1,5,0,6,1,5.0,1,26,10,18.0,19.0,1,0,0,0,0,0,25,0,1,5,2,3,12.8,0,0,5,6,3,14.37,1,11.35,2.38,1.84,18,Single,Not Dropout
2,16,1,14,1,2.0,1,28,13,3.0,15.0,0,0,0,1,1,1,26,0,0,8,10,6,16.68,0,0,8,10,7,13.68,0,10.26,2.8,-2.43,20,Married,Not Dropout
1,1,1,17,1,13.0,1,27,24,19.0,13.0,0,0,0,0,0,0,26,0,2,4,6,3,11.14,0,0,4,5,2,10.91,0,10.97,1.67,3.47,25,Single,Not Dropout
1,3,0,5,1,6.0,1,21,16,12.0,16.0,0,0,0,1,1,0,23,0,0,8,10,3,8.39,1,0,8,9,7,12.6,1,11.71,0.77,2.11,18,Single,Not Dropout
1,15,5,11,1,,1,7,8,10.0,9.0,1,0,0,1,0,1,26,1,1,7,4,2,8.31,0,0,8,10,2,7.57,0,10.44,-0.04,-5.0,7,Single,Not Dropout
1,9,3,1,1,4.0,1,23,10,7.0,18.0,1,0,0,1,0,0,22,0,1,6,10,3,7.2,0,0,6,8,3,8.58,0,12.66,1.77,0.98,16,Single,Dropout
1,1,3,11,1,1.0,1,23,22,5.0,16.0,1,0,1,1,0,0,21,0,1,7,7,6,11.08,0,0,7,7,3,11.61,0,13.88,3.23,-1.49,22,Single,Not Dropout
1,9,3,8,1,3.0,1,7,6,7.0,19.0,0,0,0,1,0,0,23,0,0,7,7,2,10.2,1,0,6,4,3,8.28,0,7.0,2.29,-0.29,6,Single,Not Dropout
1,13,5,2,1,8.0,1,25,14,4.0,11.0,1,0,1,1,0,0,26,0,2,7,9,5,,0,0,10,11,6,12.99,1,10.3,-1.0,0.18,19,Single,Not Dropout
2,6,0,12,1,8.0,1,29,22,16.0,13.0,1,0,0,1,0,0,19,0,1,3,4,0,5.8,1,0,5,5,2,7.51,0,13.62,2.72,-0.5,25,Married,Dropout
1,7,2,17,1,7.0,1,11,26,19.0,9.0,0,0,0,1,0,0,24,0,1,9,13,3,8.54,0,2,10,10,2,9.71,1,9.68,0.47,0.71,18,Single,Not Dropout
1,11,1,2,1,,1,18,24,19.0,18.0,0,0,1,1,0,0,20,0,2,7,9,3,13.84,0,1,9,9,4,11.84,0,15.55,1.71,-2.59,21,Single,Not Dropout
1,11,3,16,0,11.0,1,26,11,17.0,12.0,0,0,0,1,0,0,19,0,0,8,12,5,11.69,0,1,8,9,4,8.74,0,15.68,0.0,1.8,18,Single,Not Dropout
1,16,3,15,1,12.0,1,8,6,3.0,4.0,0,0,0,1,1,0,29,0,0,7,7,5,13.56,0,0,8,9,5,7.79,0,8.86,0.89,-3.37,7,Single,Not Dropout
2,5,4,10,1,2.0,1,29,28,15.0,10.0,0,0,0,1,0,0,25,0,0,10,13,6,11.49,0,1,11,11,6,9.43,0,10.41,-1.0,-0.68,28,Married,Not Dropout
1,5,3,16,1,8.0,1,9,18,17.0,3.0,0,0,0,0,0,1,25,0,0,5,2,2,7.06,0,0,5,4,1,10.15,1,12.44,0.72,-0.67,13,Single,Dropout
1,3,1,6,1,10.0,1,29,12,10.0,13.0,0,0,0,1,1,0,17,0,0,9,10,7,16.7,0,1,9,7,5,12.08,0,15.62,-0.27,3.17,20,Single,Not Dropout
3,12,3,13,1,10.0,1,7,27,11.0,14.0,0,0,0,0,0,1,22,0,1,5,3,4,17.0,0,0,5,6,5,18.48,0,12.72,-1.0,-2.34,17,Other,Not Dropout
2,10,5,12,0,16.0,1,22,22,8.0,16.0,1,0,0,1,0,0,27,0,0,7,8,3,9.93,0,1,7,9,4,9.97,0,12.27,3.68,0.7,22,Married,Not Dropout
1,6,3,10,1,8.0,1,16,14,16.0,3.0,1,0,0,1,0,0,25,0,1,8,9,3,8.89,1,0,6,7,1,7.4,1,12.12,0.75,1.53,15,Single,Dropout
1,12,3,15,1,6.0,1,11,6,14.0,9.0,1,0,0,1,0,0,38,0,0,6,9,2,7.72,0,1,7,5,1,3.4,1,12.7,3.74,1.6,8,Single,Dropout
1,7,1,15,0,16.0,1,13,3,12.0,7.0,0,0,0,0,0,1,24,0,1,3,5,3,17.33,2,0,4,3,4,15.1,0,11.58,0.92,-0.59,8,Single,Not Dropout
1,4,0,14,1,6.0,1,7,16,1.0,8.0,1,0,0,1,1,0,19,1,0,7,7,5,7.49,0,0,6,5,3,9.03,0,11.56,1.74,1.21,11,Single,Not Dropout
2,10,1,11,1,10.0,1,20,4,19.0,18.0,1,0,0,0,1,0,20,0,0,5,5,4,14.11,1,0,4,3,4,15.87,1,11.04,1.64,2.99,12,Married,Not Dropout
1,8,0,17,1,1.0,1,29,9,10.0,11.0,0,0,0,1,0,0,18,0,0,8,9,5,14.99,0,0,7,7,6,16.63,0,11.38,0.29,-1.65,19,Single,Not Dropout
2,7,2,10,1,3.0,1,17,20,19.0,9.0,0,0,0,1,0,0,19,0,2,5,5,4,15.94,1,1,5,5,4,12.12,0,10.96,1.91,-0.76,18,Married,Not Dropout
1,8,5,11,1,1.0,1,9,1,13.0,18.0,0,0,0,0,0,0,24,0,2,5,8,4,14.88,0,0,4,10,3,14.36,0,15.15,3.88,0.13,5,Single,Not Dropout
1,16,2,4,1,7.0,1,20,29,10.0,11.0,0,0,0,1,0,0,20,0,0,5,5,4,13.31,0,1,4,4,3,12.92,1,13.34,1.81,-1.76,24,Single,Not Dropout
6,4,3,6,1,15.0,1,13,13,15.0,9.0,1,0,0,1,0,0,31,0,0,6,9,4,9.05,0,1,7,4,5,11.4,0,11.53,0.73,3.35,13,Other,Not Dropout
2,5,5,16,0,2.0,1,27,26,5.0,11.0,1,0,0,1,1,0,28,0,0,6,6,2,,0,3,5,8,0,7.55,0,16.56,1.58,-0.53,26,Married,Dropout
2,10,4,9,1,16.0,1,8,6,9.0,17.0,0,0,0,1,1,1,28,0,0,7,9,6,13.36,0,0,7,8,6,14.55,0,7.0,2.21,-0.46,7,Married,Not Dropout
4,1,3,9,1,14.0,1,16,14,1.0,9.0,0,0,0,1,0,0,21,0,0,7,8,0,6.39,0,1,8,11,1,5.89,0,10.56,0.74,-2.12,15,Other,Dropout
1,3,4,14,1,1.0,1,15,28,15.0,12.0,1,0,0,1,0,0,28,0,0,4,7,3,10.71,0,1,4,5,1,9.45,0,11.61,0.76,0.97,21,Single,Not Dropout
1,10,1,6,1,1.0,1,26,19,7.0,4.0,1,0,0,1,0,0,29,0,0,5,10,3,9.23,0,0,6,10,2,9.12,1,11.31,0.71,1.55,22,Single,Dropout
1,9,2,5,1,15.0,1,4,24,2.0,,1,0,1,1,1,0,33,0,0,5,6,4,10.66,1,0,6,7,3,17.18,1,12.98,1.69,-2.54,14,Single,Not Dropout
1,12,2,1,1,10.0,1,18,20,16.0,2.0,1,0,1,1,0,0,20,0,0,6,11,4,13.11,0,1,6,9,5,10.97,1,13.15,2.93,1.35,19,Single,Not Dropout
1,2,4,4,1,3.0,1,24,22,5.0,10.0,1,0,0,1,0,0,23,0,0,5,6,2,10.6,0,0,4,7,1,9.85,0,12.43,1.36,1.75,23,Single,Dropout
3,15,2,9,1,16.0,1,11,11,5.0,14.0,1,0,0,1,0,0,18,0,0,5,6,3,,0,1,5,5,3,10.59,1,8.59,2.02,0.63,11,Other,Not Dropout
1,9,5,13,1,9.0,1,15,14,3.0,5.0,1,0,1,1,1,0,39,0,0,9,10,8,16.27,0,0,8,9,7,20.0,1,14.0,1.76,-1.91,14,Single,Not Dropout
1,3,1,6,1,11.0,1,9,2,12.0,,0,0,0,1,1,1,22,0,0,7,6,2,10.54,1,0,8,11,5,10.24,0,10.06,-1.0,-0.66,5,Single,Not Dropout
1,6,1,8,1,11.0,1,13,8,7.0,3.0,0,0,0,1,0,0,31,0,0,4,8,2,12.46,0,0,3,5,1,7.55,0,11.49,0.82,-3.37,10,Single,Not Dropout
1,4,4,4,1,4.0,1,28,2,11.0,14.0,1,0,0,1,0,0,24,0,0,7,8,4,14.56,0,1,8,11,6,12.42,1,12.66,-1.0,-2.93,15,Single,Not Dropout
1,8,4,14,1,6.0,1,11,10,7.0,5.0,1,0,1,1,0,1,28,0,0,6,6,3,11.48,0,0,6,12,3,7.78,1,7.0,-0.23,1.73,10,Single,Not Dropout
1,8,4,9,1,3.0,1,6,22,15.0,2.0,1,0,0,1,0,0,23,0,1,10,10,6,11.48,0,0,11,11,8,13.64,1,10.78,-1.0,3.01,14,Single,Not Dropout
1,8,1,3,1,9.0,1,17,6,8.0,14.0,0,0,0,1,0,1,29,0,1,5,10,5,14.05,0,1,6,6,5,15.14,0,7.0,0.97,-0.74,11,Single,Not Dropout
1,8,0,11,1,16.0,1,14,14,16.0,10.0,1,0,0,1,1,0,25,0,1,5,6,5,13.81,0,0,7,5,7,15.39,0,,0.19,1.2,14,Single,Not Dropout
2,16,1,6,1,11.0,1,23,17,9.0,,0,0,0,1,1,0,33,0,1,6,7,3,8.73,0,0,7,6,3,11.62,0,7.0,1.42,-1.25,20,Married,Not Dropout
1,17,2,15,0,12.0,1,2,5,1.0,18.0,1,0,0,1,0,1,25,0,0,4,7,3,13.5,1,0,4,4,3,13.53,2,14.47,2.07,-0.2,3,Single,Not Dropout
1,9,2,5,1,4.0,1,27,24,,11.0,0,0,0,1,0,0,19,0,0,7,11,4,10.33,0,0,8,10,5,10.84,0,10.06,0.57,0.87,25,Single,Not Dropout
1,17,5,15,1,9.0,1,21,23,5.0,16.0,1,0,0,1,0,1,26,0,0,6,6,2,,0,0,7,8,1,6.3,0,9.67,0.26,1.07,22,Single,Dropout
1,14,5,12,1,16.0,1,25,6,10.0,10.0,0,0,0,1,0,0,23,0,1,7,9,4,11.82,1,0,8,8,3,10.75,0,17.0,1.18,-0.92,15,Single,Not Dropout
1,14,4,3,1,2.0,1,12,2,3.0,,0,0,0,1,1,0,17,0,0,6,8,1,7.03,0,1,6,7,2,6.17,0,10.94,1.81,1.71,7,Single,Dropout
4,4,0,13,1,4.0,1,13,1,15.0,8.0,1,0,0,1,0,0,25,0,0,7,8,4,13.21,1,0,9,9,6,12.27,0,13.61,-0.18,-2.52,7,Other,Not Dropout
1,8,0,13,0,12.0,1,10,9,12.0,7.0,1,0,0,1,0,0,19,0,1,9,9,3,2.6,0,0,9,9,1,5.12,0,8.47,-0.08,3.11,9,Single,Dropout
1,6,2,8,1,1.0,1,25,4,3.0,17.0,1,0,0,1,0,0,22,0,0,7,7,3,6.87,0,0,5,3,3,5.53,0,,2.5,-1.84,14,Single,Dropout
1,2,3,3,0,4.0,1,3,1,19.0,,1,0,0,1,1,0,23,0,1,3,6,2,,0,1,3,7,3,15.32,1,11.05,2.26,1.18,2,Single,Not Dropout
2,2,4,9,1,16.0,1,16,14,7.0,18.0,0,0,0,1,1,0,17,0,0,7,9,4,,1,0,6,6,5,14.62,0,9.73,2.62,-3.2,15,Married,Not Dropout
1,11,1,11,1,1.0,1,8,16,4.0,5.0,0,0,1,1,0,0,20,0,0,8,9,4,11.65,0,2,8,8,3,14.03,0,9.84,2.02,-2.52,12,Single,Not Dropout
1,8,0,3,0,,1,19,1,1.0,15.0,0,0,0,0,0,0,29,0,0,2,2,1,10.96,0,0,2,2,1,9.94,0,10.99,0.62,-3.55,10,Single,Dropout
2,15,1,6,1,6.0,1,28,18,5.0,3.0,1,0,0,1,1,0,22,0,0,4,7,2,7.97,0,0,5,4,3,8.3,0,9.42,-1.0,-2.78,23,Married,Dropout
1,12,4,12,1,7.0,1,20,12,1.0,6.0,1,0,0,1,0,0,17,0,1,7,9,3,9.81,0,0,7,10,4,10.3,0,7.21,1.25,2.48,16,Single,Not Dropout
1,2,5,10,1,5.0,1,2,6,10.0,1.0,0,0,0,1,0,0,23,0,0,8,7,6,13.54,1,0,10,8,3,13.27,0,12.4,3.53,-0.71,4,Single,Not Dropout
1,15,5,17,0,5.0,1,12,4,12.0,18.0,1,0,0,1,0,0,26,0,0,7,7,2,8.43,1,0,7,8,4,8.81,1,,1.53,1.28,8,Single,Not Dropout
1,9,3,4,0,13.0,1,1,23,8.0,6.0,1,0,0,1,1,1,21,0,0,7,10,0,1.51,0,1,7,11,0,1.59,0,9.9,0.47,1.19,12,Single,Dropout
4,10,0,14,1,1.0,1,15,4,17.0,16.0,1,0,0,1,0,0,21,0,0,9,6,2,5.69,0,1,10,9,2,5.63,1,15.77,-1.0,1.34,9,Other,Dropout
1,17,5,8,1,3.0,1,6,6,19.0,9.0,1,0,0,1,1,0,20,0,1,5,6,2,7.22,0,2,5,2,3,10.55,0,13.21,-1.0,2.5,6,Single,Dropout
1,11,0,4,1,5.0,1,21,21,6.0,3.0,0,0,0,0,1,1,27,0,1,5,8,3,12.29,0,1,3,4,1,10.6,0,10.19,0.73,-0.48,21,Single,Not Dropout
1,1,1,17,1,14.0,1,16,19,13.0,7.0,1,0,0,1,1,0,18,0,0,6,7,3,9.87,0,0,5,6,3,7.75,0,10.66,0.97,-0.87,17,Single,Not Dropout
1,4,5,11,1,7.0,1,9,29,8.0,7.0,1,0,0,1,1,1,26,0,0,7,9,2,6.28,2,0,9,10,2,7.5,0,7.0,0.25,-3.09,19,Single,Not Dropout
2,8,3,10,1,1.0,7,25,2,6.0,10.0,1,0,0,1,0,1,21,0,0,7,4,5,12.66,1,1,7,7,5,13.9,0,8.88,2.16,0.19,13,Married,Not Dropout
1,1,1,6,1,9.0,1,22,6,4.0,7.0,1,0,0,1,1,0,31,0,1,8,6,3,4.99,0,0,8,9,2,5.78,0,12.12,0.39,-0.12,14,Single,Dropout
2,3,3,15,1,11.0,1,19,20,10.0,13.0,1,0,1,1,1,0,20,0,1,9,12,4,7.91,1,1,11,14,5,7.21,0,15.3,-0.42,-2.17,19,Married,Dropout
1,14,0,1,1,8.0,1,11,7,3.0,14.0,1,0,0,1,1,0,17,0,0,7,9,3,12.58,0,2,7,7,5,13.49,2,9.5,2.62,-1.43,9,Single,Not Dropout
1,3,1,2,0,2.0,1,8,12,13.0,3.0,1,0,0,1,1,0,27,0,0,4,4,3,12.08,0,0,4,5,3,10.21,0,10.43,1.36,-1.7,10,Single,Not Dropout
1,3,5,4,1,15.0,1,17,9,17.0,10.0,1,0,0,1,0,0,26,0,0,5,7,3,10.47,0,0,5,5,4,10.9,1,11.41,0.93,-2.69,13,Single,Not Dropout
2,9,1,12,1,14.0,1,23,24,7.0,11.0,0,0,1,1,1,0,25,0,0,7,9,6,13.72,0,2,7,12,6,10.6,0,11.98,-0.01,3.21,23,Married,Not Dropout
1,2,5,2,1,15.0,1,25,23,11.0,6.0,1,0,0,1,1,0,28,0,1,9,9,5,11.08,0,0,9,12,5,11.43,0,8.47,-0.43,1.26,24,Single,Not Dropout
1,5,3,14,1,16.0,1,23,24,19.0,15.0,0,0,0,1,0,1,17,0,0,7,7,4,9.99,0,0,7,12,3,10.3,0,8.16,-0.64,3.24,23,Single,Not Dropout
1,16,3,4,1,,1,1,15,14.0,5.0,1,0,0,1,0,0,18,0,0,5,3,4,13.45,3,0,6,9,3,15.77,0,17.0,1.3,1.88,8,Single,Not Dropout
1,11,4,12,1,7.0,1,29,15,8.0,17.0,1,0,1,1,1,0,31,0,2,5,9,3,11.67,0,1,5,3,2,14.51,2,7.26,1.64,2.35,22,Single,Not Dropout
1,17,3,14,1,16.0,1,7,17,17.0,9.0,0,0,0,1,0,1,26,0,1,6,7,5,16.16,0,0,6,6,4,14.01,0,14.82,-0.16,-3.67,12,Single,Not Dropout
1,7,0,15,1,8.0,1,1,2,1.0,7.0,1,0,0,1,1,0,20,0,0,6,10,3,12.63,0,0,6,8,2,9.59,0,12.45,0.35,-1.41,1,Single,Not Dropout
2,11,5,5,1,14.0,1,17,16,12.0,13.0,1,0,0,1,1,0,17,0,1,6,4,3,8.43,2,1,9,9,5,7.01,1,11.21,0.61,2.43,16,Married,Not Dropout
1,5,2,2,1,11.0,1,14,9,5.0,12.0,1,0,0,1,1,1,17,0,1,5,6,3,11.23,0,0,6,8,4,10.11,1,12.12,0.34,1.78,11,Single,Not Dropout
1,7,3,13,1,15.0,1,4,28,4.0,10.0,1,0,0,1,1,0,17,0,1,5,4,3,8.51,0,0,2,3,1,9.37,0,15.9,0.01,1.85,16,Single,Not Dropout
1,3,3,8,0,1.0,1,7,6,10.0,14.0,0,0,0,1,1,0,20,0,2,6,11,5,16.55,1,0,6,9,6,17.84,0,11.67,1.67,-1.99,6,Single,Not Dropout
1,15,3,17,1,,1,6,2,14.0,5.0,0,0,0,1,1,0,25,0,0,7,13,4,15.7,0,2,6,11,5,13.75,0,12.77,0.31,1.25,4,Single,Not Dropout
1,4,2,4,1,13.0,1,13,28,15.0,16.0,1,0,0,1,0,0,17,0,1,5,9,1,9.63,0,0,5,3,2,6.82,0,15.83,1.44,-2.64,20,Single,Dropout
1,4,5,10,1,4.0,1,22,5,15.0,12.0,1,0,0,1,1,0,20,0,0,7,6,1,5.16,0,0,7,5,2,8.02,1,14.0,0.85,-0.29,13,Single,Dropout
1,8,1,3,1,12.0,1,20,16,6.0,5.0,1,0,0,1,1,1,17,0,1,10,9,7,16.76,0,0,8,8,8,19.42,0,7.04,0.94,1.08,18,Single,Not Dropout
1,8,3,9,1,4.0,1,1,12,8.0,19.0,1,0,0,1,0,1,20,0,0,7,8,4,7.99,1,1,9,10,5,8.66,1,7.08,0.29,-2.13,6,Single,Not Dropout
2,6,3,1,1,15.0,1,6,8,,17.0,0,0,0,1,0,0,37,0,0,7,8,4,10.25,0,0,7,7,4,10.93,0,12.06,-1.0,0.21,7,Married,Not Dropout
1,7,3,13,1,15.0,1,18,15,12.0,4.0,0,0,0,1,0,1,30,0,2,4,6,3,11.99,0,1,5,7,3,12.42,0,9.36,0.36,-0.6,16,Single,Not Dropout
1,6,0,11,0,1.0,1,24,22,16.0,15.0,1,0,0,1,0,0,26,0,1,8,10,5,13.08,0,0,7,7,7,13.47,0,11.94,0.8,-0.55,23,Single,Not Dropout
3,16,2,2,1,9.0,1,1,4,10.0,11.0,1,0,0,1,0,0,20,0,0,5,6,1,8.87,1,0,5,4,2,9.09,0,12.37,0.81,-0.84,2,Other,Dropout
2,10,0,9,1,7.0,1,10,20,6.0,15.0,0,0,0,1,0,0,17,0,0,8,9,5,11.3,0,1,9,11,6,11.65,0,16.0,-0.22,-2.18,15,Married,Not Dropout
1,16,3,8,1,15.0,1,4,26,7.0,8.0,1,0,0,1,0,1,22,0,0,10,9,4,8.84,0,1,9,12,6,9.87,1,10.55,-0.06,-1.82,15,Single,Not Dropout
1,17,4,12,1,6.0,1,15,9,13.0,5.0,0,1,0,1,0,0,17,0,1,5,7,5,20.0,2,0,8,9,8,20.0,0,10.96,2.17,0.58,12,Single,Not Dropout
1,12,3,9,1,,1,12,20,13.0,5.0,0,1,0,1,0,1,27,0,1,5,1,1,6.26,0,0,7,12,2,7.85,0,8.48,-0.8,-2.71,16,Single,Not Dropout
1,15,4,8,1,2.0,1,6,27,10.0,2.0,1,0,0,1,1,0,22,0,0,7,8,4,11.51,0,0,7,7,5,13.65,0,11.19,2.35,-1.14,16,Single,Not Dropout
1,2,2,15,1,4.0,1,28,28,5.0,17.0,0,0,0,1,1,0,23,0,0,4,5,4,20.0,0,0,3,2,3,18.58,0,8.52,-0.44,0.6,28,Single,Not Dropout
1,17,1,9,0,16.0,1,23,19,8.0,6.0,1,0,0,1,1,1,17,0,0,6,7,4,12.65,1,0,6,8,5,11.61,0,12.78,1.82,0.05,21,Single,Not Dropout
1,9,2,14,1,7.0,1,16,28,7.0,19.0,1,0,0,1,0,0,23,0,0,6,9,2,9.71,1,0,3,0,1,12.68,0,10.37,1.31,-1.59,22,Single,Not Dropout
1,13,1,16,1,13.0,1,23,23,2.0,5.0,0,0,0,1,0,0,22,0,0,6,9,4,12.91,0,0,6,11,3,10.74,0,10.62,-1.0,0.99,23,Single,Not Dropout
1,5,4,15,1,16.0,1,10,15,8.0,7.0,0,0,1,1,0,0,17,0,0,3,4,1,7.05,0,1,5,9,2,9.26,0,13.49,3.97,1.12,12,Single,Dropout
1,2,4,17,1,16.0,1,28,4,17.0,17.0,1,0,0,1,0,0,24,0,1,7,13,7,17.68,2,1,5,9,4,17.52,0,11.42,3.44,1.6,16,Single,Not Dropout
1,16,2,12,1,1.0,14,12,25,12.0,7.0,0,0,0,0,0,0,21,0,0,11,11,5,8.13,0,0,10,6,7,11.43,0,13.55,-1.0,-0.34,18,Single,Not Dropout
2,8,4,10,1,4.0,1,12,9,3.0,15.0,1,0,0,0,0,0,25,0,0,6,6,2,14.05,0,1,5,5,2,9.95,1,9.68,2.09,2.52,10,Married,Dropout
2,3,0,10,1,12.0,1,17,22,17.0,2.0,0,0,0,1,0,0,27,0,1,4,4,2,9.28,0,0,5,6,2,8.97,0,13.47,0.3,-0.9,19,Married,Dropout
1,12,0,4,1,15.0,1,17,19,5.0,19.0,0,0,0,1,0,1,17,0,0,8,11,4,11.13,0,1,9,10,5,12.63,0,8.62,-0.85,-2.78,18,Single,Not Dropout
1,1,1,15,1,16.0,1,18,11,12.0,,0,0,0,1,0,0,24,0,0,5,7,3,10.59,0,1,4,6,4,11.48,0,13.71,-0.38,-2.4,14,Single,Not Dropout
1,8,2,12,1,12.0,1,25,23,11.0,15.0,1,0,0,1,0,0,24,0,0,6,3,4,14.5,0,0,6,9,5,16.42,1,9.67,1.2,0.23,24,Single,Not Dropout
1,12,1,15,1,2.0,1,8,20,14.0,1.0,1,0,0,0,0,0,30,0,1,5,5,4,16.17,0,0,5,9,4,11.3,1,8.51,0.92,-2.37,14,Single,Not Dropout
1,13,3,12,1,12.0,13,21,22,15.0,19.0,0,0,0,1,0,0,28,0,0,4,4,3,12.76,1,0,3,6,2,14.36,0,11.87,2.0,1.95,21,Single,Not Dropout
1,8,4,9,1,5.0,1,6,28,6.0,10.0,1,0,0,1,0,0,21,0,1,7,11,2,2.79,0,1,6,7,0,,0,15.66,1.82,1.91,17,Single,Dropout
1,7,2,6,1,13.0,1,7,8,15.0,5.0,0,0,0,1,0,0,20,0,0,5,4,3,14.95,0,0,4,5,3,14.95,0,11.49,1.85,3.12,7,Single,Not Dropout
1,15,2,17,1,9.0,1,15,23,12.0,3.0,1,0,0,1,0,0,24,0,0,3,4,1,6.98,1,1,2,4,0,5.75,1,11.54,2.83,1.06,19,Single,Dropout
1,4,0,13,0,3.0,1,16,2,7.0,2.0,1,0,0,1,0,0,17,0,0,7,5,5,14.56,1,1,7,6,6,12.8,0,7.93,1.34,-3.43,9,Single,Not Dropout
1,2,1,15,1,14.0,1,19,21,2.0,13.0,1,0,0,1,0,0,17,0,0,11,12,0,1.85,1,0,10,11,0,0.0,0,17.0,0.65,-0.2,20,Single,Dropout
1,3,4,10,1,16.0,1,5,5,11.0,5.0,1,0,0,1,0,0,20,0,1,8,13,3,9.49,0,2,8,12,5,12.14,0,8.26,1.36,-0.28,5,Single,Not Dropout
4,14,4,9,1,9.0,1,24,7,9.0,18.0,1,0,0,0,0,0,17,0,1,6,5,4,15.26,0,0,6,8,4,,0,12.18,3.81,0.93,15,Other,Not Dropout
1,8,0,1,0,14.0,1,17,6,9.0,5.0,1,0,0,1,0,1,17,0,1,12,15,2,9.53,3,0,12,15,4,8.7,1,12.26,1.29,-0.21,11,Single,Not Dropout
1,1,0,2,0,1.0,1,18,25,14.0,2.0,0,0,0,1,0,1,21,0,0,3,4,2,11.23,0,0,3,5,1,9.67,0,11.1,-0.27,2.15,21,Single,Not Dropout
1,3,4,13,1,5.0,1,22,11,14.0,17.0,1,0,0,1,1,0,40,0,0,7,8,6,12.96,1,0,5,8,4,13.24,0,12.88,0.6,-0.58,16,Single,Not Dropout
1,1,1,4,1,,1,21,12,4.0,15.0,0,0,0,1,0,0,19,0,0,10,12,7,13.81,0,0,9,11,7,14.55,1,13.56,0.42,0.35,16,Single,Not Dropout
1,14,3,2,1,5.0,1,13,11,6.0,10.0,1,0,1,1,0,1,27,0,0,4,2,1,5.56,1,0,5,10,2,4.84,1,7.0,2.39,0.39,12,Single,Dropout
1,8,4,14,0,7.0,1,15,19,,16.0,0,0,0,0,0,0,22,0,0,7,6,6,14.12,0,0,9,9,6,15.49,0,15.81,-0.0,0.17,17,Single,Not Dropout
1,2,4,11,0,7.0,1,7,27,12.0,14.0,1,0,0,1,0,0,26,0,0,5,4,4,16.5,0,0,6,6,5,16.64,0,9.43,1.36,0.04,17,Single,Not Dropout
1,4,3,2,1,6.0,1,17,20,8.0,4.0,0,0,0,1,1,0,17,0,0,6,10,6,13.49,0,0,8,6,8,15.64,2,10.35,1.96,-0.73,18,Single,Not Dropout
1,11,2,9,1,9.0,1,6,3,19.0,8.0,1,0,0,1,0,0,17,0,0,7,10,2,7.12,2,1,7,8,3,10.4,0,9.41,3.0,0.11,4,Single,Dropout
1,11,4,8,0,4.0,1,19,15,13.0,18.0,1,0,0,0,0,0,31,0,1,3,6,1,9.24,0,0,4,7,2,8.65,1,8.5,0.75,-1.25,17,Single,Dropout
1,14,4,1,1,6.0,1,13,4,17.0,13.0,1,0,0,1,0,0,17,0,0,4,7,2,12.33,0,1,6,10,3,13.47,0,14.78,2.37,-1.4,8,Single,Not Dropout
1,1,5,11,1,14.0,1,7,5,9.0,12.0,1,0,0,1,0,0,32,0,0,6,9,4,12.57,0,0,7,8,5,11.41,1,10.68,2.25,-1.68,6,Single,Not Dropout
2,2,3,7,1,9.0,1,14,6,4.0,4.0,1,0,0,1,0,1,21,0,0,3,1,2,13.4,0,1,3,7,2,14.66,1,13.69,-0.57,-0.19,10,Married,Not Dropout
1,1,5,15,1,1.0,1,28,21,14.0,11.0,0,0,1,1,1,1,18,0,0,6,6,3,11.28,0,1,7,9,3,,0,13.8,1.14,-1.34,24,Single,Not Dropout
1,7,4,2,1,6.0,1,17,26,16.0,4.0,1,0,0,1,1,0,20,0,0,4,5,2,9.37,0,1,2,1,1,11.67,0,15.38,1.22,-3.42,21,Single,Not Dropout
1,13,0,15,1,14.0,1,11,8,12.0,13.0,0,0,1,1,1,1,33,0,1,4,5,2,9.42,0,1,3,6,1,7.99,0,8.13,4.0,3.02,9,Single,Dropout
1,12,1,1,1,3.0,1,14,28,9.0,5.0,1,0,0,1,1,0,19,0,0,8,7,1,9.73,0,0,5,5,2,7.29,0,9.95,2.47,-0.93,21,Single,Dropout
1,4,4,13,1,15.0,1,18,8,3.0,6.0,0,0,0,1,0,1,21,0,0,6,4,4,10.54,0,0,6,6,2,11.04,0,12.67,2.12,-1.31,13,Single,Not Dropout
1,12,0,14,1,5.0,1,5,9,5.0,11.0,1,0,1,1,0,1,29,0,1,6,5,3,10.5,0,0,5,9,2,10.23,1,14.12,-0.86,-1.41,7,Single,Not Dropout
1,12,4,7,1,11.0,1,17,4,18.0,1.0,0,0,0,1,1,0,26,0,3,6,5,4,14.24,0,0,4,8,3,11.53,0,9.01,0.62,-1.43,10,Single,Not Dropout
1,4,2,5,1,8.0,1,1,2,,14.0,0,0,0,1,0,0,35,0,0,7,7,4,8.01,0,0,8,10,4,7.95,0,8.62,-1.0,-1.38,1,Single,Not Dropout
1,13,1,3,1,11.0,1,25,18,13.0,9.0,1,0,0,1,1,0,30,0,1,5,7,3,13.38,0,1,4,4,3,14.21,1,13.18,-1.0,-1.19,21,Single,Not Dropout
2,8,3,6,1,13.0,1,18,12,13.0,10.0,1,0,0,1,0,0,19,0,0,5,6,2,5.16,0,1,5,4,1,6.51,0,11.63,1.11,1.69,15,Married,Dropout
1,2,5,12,1,3.0,1,4,4,9.0,15.0,0,0,0,1,1,0,31,0,0,8,11,4,8.9,0,1,9,11,3,10.38,0,9.66,-0.14,-0.64,4,Single,Not Dropout
6,7,5,13,1,6.0,1,14,17,19.0,15.0,1,0,0,1,1,0,17,0,2,5,7,2,9.7,0,1,3,5,1,7.37,0,7.7,0.81,2.22,15,Other,Dropout
1,14,2,4,1,10.0,1,26,11,13.0,18.0,1,0,0,1,0,0,28,0,0,9,9,5,9.93,1,1,10,10,4,15.34,0,8.78,2.14,2.14,18,Single,Not Dropout
2,12,0,1,1,5.0,9,28,12,19.0,4.0,1,0,0,1,0,0,19,0,1,5,7,4,14.19,0,1,5,7,4,16.85,0,13.02,-0.35,-4.3,20,Married,Not Dropout
2,5,5,10,1,7.0,1,4,26,,9.0,1,0,0,0,1,0,27,0,1,8,9,3,12.12,2,1,9,10,4,13.24,1,14.35,1.65,1.05,15,Married,Not Dropout
1,13,5,10,1,15.0,1,8,12,15.0,2.0,0,0,0,1,1,0,35,0,2,7,7,3,11.53,1,0,6,6,4,9.61,0,14.2,1.85,-2.05,10,Single,Not Dropout
2,7,3,17,1,4.0,1,5,14,15.0,6.0,1,0,0,1,0,0,17,0,0,7,8,2,9.59,1,0,8,7,3,9.78,0,,1.81,2.4,9,Married,Not Dropout
3,8,3,13,0,4.0,1,11,20,18.0,11.0,1,0,0,1,0,1,29,0,0,7,9,2,8.66,0,0,7,8,4,8.92,1,14.35,2.17,-1.04,15,Other,Not Dropout
1,2,3,10,1,10.0,1,26,26,8.0,3.0,1,0,0,1,0,0,28,0,0,8,11,5,15.73,0,1,8,8,6,15.13,0,14.83,1.82,-0.99,26,Single,Not Dropout
1,17,0,11,1,2.0,1,21,22,7.0,,1,0,0,1,0,0,27,0,2,9,14,8,14.28,3,0,9,9,6,12.26,1,12.47,1.39,-0.09,21,Single,Not Dropout
1,15,0,11,1,,1,8,15,16.0,18.0,0,0,1,1,0,0,17,0,1,5,9,1,6.48,0,0,3,4,1,4.08,0,11.84,0.12,1.26,11,Single,Dropout
2,4,0,8,1,14.0,1,10,9,14.0,2.0,0,0,0,1,0,0,22,0,0,9,8,7,16.0,0,0,9,10,9,16.04,0,13.06,0.2,-2.78,9,Married,Not Dropout
1,10,5,12,1,5.0,1,18,6,6.0,5.0,0,0,0,1,0,0,17,0,0,6,4,1,8.17,0,0,7,7,3,8.83,0,7.44,-1.0,0.44,12,Single,Not Dropout
2,14,0,4,1,2.0,13,18,4,6.0,6.0,1,0,0,1,0,0,26,0,0,3,7,1,7.9,0,0,3,5,2,10.41,0,7.0,3.31,2.57,11,Married,Dropout
2,9,3,15,1,11.0,1,14,23,16.0,18.0,1,0,0,0,1,0,17,0,1,8,9,6,9.91,0,0,7,7,4,12.41,0,11.28,4.0,0.43,18,Married,Not Dropout
4,4,2,15,0,8.0,1,13,22,11.0,14.0,1,0,0,1,0,0,20,0,0,8,8,2,6.88,0,1,8,10,3,11.15,0,11.13,0.63,0.16,17,Other,Not Dropout
1,17,0,8,0,8.0,1,28,11,18.0,4.0,0,0,1,1,1,0,27,0,0,7,11,6,17.98,0,1,8,7,7,18.39,0,7.0,1.2,-1.95,19,Single,Not Dropout
1,5,5,8,1,8.0,1,15,28,12.0,14.0,0,0,0,1,0,0,19,0,0,6,7,2,12.32,1,2,7,7,4,7.84,0,12.04,2.4,0.31,21,Single,Not Dropout
1,6,0,9,1,3.0,1,23,29,19.0,1.0,0,0,0,1,0,1,21,0,0,5,6,4,11.52,0,0,6,8,4,13.36,0,14.0,1.54,1.29,26,Single,Not Dropout
3,7,5,14,1,14.0,1,28,19,7.0,16.0,0,0,0,1,1,1,18,0,2,5,5,2,10.98,0,0,6,4,1,2.19,1,14.99,1.04,0.33,23,Other,Dropout
3,16,4,3,1,1.0,1,10,8,15.0,5.0,1,0,0,1,0,0,25,0,0,7,4,4,8.75,0,0,6,10,3,9.28,0,12.34,1.71,0.4,9,Other,Dropout
1,9,4,6,0,,1,23,15,4.0,14.0,0,0,0,1,0,0,22,0,0,6,5,3,8.98,0,0,7,9,4,10.99,1,10.13,3.88,1.42,19,Single,Not Dropout
1,13,0,11,1,5.0,1,24,24,14.0,10.0,0,0,0,1,0,1,19,0,1,4,4,2,13.31,0,0,4,5,3,11.09,0,14.63,1.12,0.38,24,Single,Not Dropout
1,16,5,12,1,11.0,1,7,15,8.0,14.0,1,0,0,1,0,0,19,0,1,6,4,1,,0,1,6,8,2,4.23,0,14.58,1.73,-1.39,11,Single,Dropout
5,16,3,6,1,9.0,1,7,15,10.0,7.0,1,0,0,1,1,0,24,0,0,5,6,3,17.02,0,0,3,2,2,13.44,0,11.97,0.56,0.68,11,Other,Not Dropout
1,15,2,2,1,7.0,1,5,16,16.0,11.0,0,0,0,0,0,0,17,0,0,5,7,2,11.59,0,1,5,7,4,11.32,0,13.33,1.22,-1.76,10,Single,Not Dropout
1,16,4,9,1,9.0,1,18,25,3.0,,1,0,0,1,1,0,23,0,2,8,11,4,10.06,0,0,10,8,4,10.03,0,13.38,2.49,0.46,21,Single,Not Dropout
2,17,2,11,1,4.0,1,23,12,5.0,16.0,1,0,0,1,0,1,23,0,2,4,3,1,11.43,1,0,4,7,1,10.49,0,16.98,1.13,-1.52,17,Married,Not Dropout
1,17,1,14,1,3.0,1,22,6,11.0,11.0,1,0,0,1,0,0,24,0,1,7,4,2,6.93,0,0,7,6,3,5.91,0,7.0,-0.01,4.0,14,Single,Dropout
1,11,1,1,1,15.0,1,12,15,8.0,18.0,0,0,0,1,0,1,20,0,0,5,5,0,2.73,0,0,4,7,1,4.96,0,,-1.0,2.95,13,Single,Dropout
1,3,3,1,1,10.0,1,21,19,11.0,3.0,0,0,0,1,0,0,27,0,0,7,5,5,12.71,0,1,8,7,6,8.74,1,10.99,-0.08,1.91,20,Single,Not Dropout
2,2,3,7,1,,1,1,28,9.0,14.0,0,0,0,1,1,1,29,0,0,5,6,3,14.6,0,1,7,8,4,15.32,0,11.66,3.27,0.76,14,Married,Not Dropout
1,14,1,10,1,16.0,1,20,4,2.0,12.0,0,0,0,1,0,0,27,0,1,6,9,3,11.39,0,0,7,8,1,11.03,0,13.57,0.94,0.02,12,Single,Not Dropout
1,6,1,1,1,15.0,1,14,28,18.0,5.0,1,0,0,1,0,1,24,0,0,5,5,1,3.14,0,0,4,5,1,2.94,0,11.54,-1.0,-3.37,21,Single,Dropout
1,14,5,3,1,10.0,1,25,24,14.0,8.0,0,0,0,1,0,0,17,0,0,7,8,3,11.82,0,0,6,8,3,9.26,1,12.19,-1.0,0.87,24,Single,Not Dropout
1,16,3,8,1,13.0,1,29,21,12.0,8.0,1,0,0,1,0,0,33,0,0,3,0,2,10.52,0,0,2,1,1,,0,10.99,1.83,-2.04,25,Single,Not Dropout
2,11,5,5,1,9.0,1,17,7,3.0,13.0,1,0,0,0,0,1,23,0,0,6,6,4,12.6,0,0,9,6,4,13.98,0,12.88,-1.0,-1.05,12,Married,Not Dropout
1,13,1,13,1,4.0,1,19,6,4.0,12.0,0,0,0,0,0,1,25,0,0,4,8,3,13.89,2,2,4,4,3,,0,12.57,-0.77,-2.37,12,Single,Not Dropout
1,5,1,1,1,10.0,1,27,13,12.0,15.0,0,0,0,1,1,1,19,0,0,5,7,1,6.79,1,0,6,9,0,8.21,1,9.03,1.71,-4.58,20,Single,Dropout
1,8,1,16,0,15.0,1,10,6,2.0,13.0,0,0,0,1,0,0,22,0,0,6,5,3,9.36,0,0,6,6,3,9.23,0,12.75,3.14,-1.82,8,Single,Not Dropout
1,17,3,3,1,15.0,1,5,20,9.0,19.0,1,0,0,1,1,0,30,0,0,8,7,4,12.53,0,1,9,9,6,14.27,0,13.44,2.25,0.17,12,Single,Not Dropout
1,14,4,8,0,9.0,1,15,22,17.0,16.0,1,0,0,1,0,0,28,0,0,3,4,1,13.08,0,0,2,7,1,15.77,0,12.19,-0.76,-5.0,18,Single,Not Dropout
1,4,3,17,1,16.0,1,11,14,17.0,11.0,0,0,0,1,0,0,21,0,0,3,5,2,11.31,0,0,2,1,1,3.54,0,14.63,2.11,0.06,12,Single,Not Dropout
1,16,1,12,1,4.0,1,19,21,10.0,1.0,1,0,1,1,1,0,32,0,0,8,7,6,10.91,2,1,7,10,4,13.88,0,11.22,2.95,3.95,20,Single,Not Dropout
1,9,5,17,1,1.0,1,23,23,5.0,7.0,1,0,0,1,0,0,17,0,1,6,7,3,10.82,1,0,6,5,2,7.47,0,8.97,-0.19,-1.0,23,Single,Dropout
1,15,3,1,1,7.0,1,15,27,2.0,3.0,0,0,0,1,1,0,17,0,0,3,0,2,8.92,1,0,2,1,1,13.19,0,11.84,1.76,1.73,21,Single,Not Dropout
1,9,2,13,0,4.0,1,9,20,4.0,9.0,1,0,0,1,1,0,17,0,0,6,9,3,12.82,0,1,5,8,4,10.92,0,11.4,2.8,-1.67,14,Single,Not Dropout
3,11,0,2,1,16.0,1,17,7,6.0,19.0,1,0,0,1,1,0,28,0,0,5,4,2,9.08,0,0,5,7,2,10.3,1,7.78,2.3,4.0,12,Other,Not Dropout
1,3,3,11,1,2.0,1,13,4,11.0,8.0,1,0,0,0,0,0,19,0,1,5,7,5,,0,0,3,2,3,20.0,0,13.32,-1.0,0.7,8,Single,Not Dropout
5,6,3,6,1,9.0,1,6,28,14.0,16.0,1,0,0,1,0,1,22,0,0,7,9,5,9.23,0,0,6,3,2,8.27,0,16.69,0.14,-0.18,17,Other,Not Dropout
1,13,5,14,1,13.0,9,23,23,9.0,9.0,1,0,0,1,1,0,30,0,0,3,5,2,8.2,2,0,4,5,2,6.61,0,11.38,0.77,-1.95,23,Single,Not Dropout
1,15,1,3,1,2.0,1,10,25,16.0,11.0,1,0,0,1,0,0,25,0,0,6,6,2,,0,1,8,9,2,7.17,0,9.89,0.95,-0.47,17,Single,Dropout
1,2,0,16,0,1.0,1,16,13,4.0,1.0,1,0,0,1,0,0,17,0,1,5,9,4,15.48,1,0,7,12,4,14.84,0,7.0,0.8,-0.41,14,Single,Not Dropout
1,2,5,9,1,9.0,1,27,5,9.0,14.0,1,0,0,0,1,0,33,0,0,6,6,3,9.92,0,0,6,5,2,11.07,0,,-0.72,-0.67,16,Single,Dropout
2,12,3,9,1,,1,6,18,12.0,5.0,1,0,1,1,0,0,21,0,1,8,12,4,12.94,0,0,8,9,4,11.82,0,13.97,0.16,-3.07,12,Married,Not Dropout
1,8,0,10,1,1.0,1,13,19,2.0,9.0,0,0,0,1,0,1,23,0,0,8,10,4,9.21,0,0,9,10,4,,1,10.64,0.19,-1.74,16,Single,Not Dropout
1,15,0,1,1,1.0,1,6,7,18.0,,1,0,0,1,0,0,19,0,0,9,10,5,12.96,0,1,7,8,4,12.92,0,11.14,1.44,1.77,6,Single,Not Dropout
1,2,2,6,1,15.0,1,13,14,19.0,5.0,0,0,1,1,0,1,17,0,0,3,4,2,16.72,1,0,3,3,3,16.36,1,7.0,0.47,-1.68,13,Single,Not Dropout
1,6,3,13,0,10.0,1,9,13,15.0,18.0,0,0,0,1,1,1,24,0,1,7,8,6,16.0,1,0,8,8,6,15.76,1,12.19,0.91,3.66,11,Single,Not Dropout
3,1,1,17,1,12.0,1,27,8,14.0,16.0,1,0,0,1,0,0,17,0,0,8,9,3,9.1,1,1,8,9,5,7.27,0,8.52,-1.0,3.56,17,Other,Not Dropout
4,13,2,17,1,5.0,1,9,24,4.0,1.0,1,0,0,1,0,1,23,0,0,5,9,2,7.18,0,0,6,8,3,11.28,0,12.99,2.15,-2.31,16,Other,Not Dropout
1,15,4,10,0,5.0,1,18,15,4.0,8.0,0,0,0,0,0,0,33,0,0,6,5,2,11.91,0,0,6,9,2,7.08,0,11.84,1.19,-2.33,16,Single,Dropout
2,3,5,5,1,8.0,1,4,27,5.0,19.0,1,0,0,1,0,0,28,0,0,9,10,7,10.96,0,1,8,10,4,10.11,0,10.95,1.87,-4.58,15,Married,Not Dropout
2,6,2,9,0,4.0,1,14,1,3.0,,0,0,0,1,1,0,24,0,0,6,5,4,11.95,0,0,6,6,3,10.19,0,14.53,0.1,4.0,7,Married,Not Dropout
1,15,2,8,1,8.0,1,25,28,11.0,16.0,0,0,0,0,0,0,17,0,1,9,9,5,11.84,1,0,8,11,4,13.16,1,8.55,1.09,-0.25,26,Single,Not Dropout
1,1,2,7,1,16.0,1,20,20,19.0,18.0,0,1,1,1,1,1,23,0,1,6,7,1,5.83,0,1,7,9,2,7.5,0,16.21,1.35,-0.57,20,Single,Not Dropout
1,17,0,7,1,12.0,1,9,21,13.0,1.0,1,0,0,1,1,0,18,0,1,7,11,4,14.62,1,0,8,10,5,12.5,0,12.71,0.7,-0.13,15,Single,Not Dropout
1,16,0,15,1,,1,29,9,17.0,14.0,1,0,0,0,0,0,32,0,1,8,10,3,5.8,1,0,9,8,3,8.96,1,11.45,1.15,1.09,19,Single,Dropout
4,3,5,7,1,8.0,1,24,3,19.0,18.0,1,0,0,1,1,1,20,0,0,4,3,2,9.05,1,0,5,8,3,8.01,1,,2.33,-3.7,13,Other,Not Dropout
1,3,0,1,1,13.0,1,12,7,13.0,11.0,0,1,0,1,0,0,18,0,0,7,7,6,15.0,0,0,8,9,7,12.22,0,13.93,1.1,1.21,9,Single,Not Dropout
2,12,4,13,1,7.0,1,29,13,2.0,19.0,1,0,0,1,0,0,22,0,1,5,8,2,9.56,1,0,8,11,3,9.25,0,10.29,2.32,2.65,21,Married,Not Dropout
3,1,1,12,1,10.0,20,6,10,18.0,14.0,0,0,1,1,0,0,18,0,0,8,8,2,7.28,0,0,8,8,3,9.47,2,14.66,2.14,0.54,8,Other,Dropout
1,9,4,7,1,12.0,1,10,6,11.0,12.0,0,0,0,1,0,0,24,1,1,6,7,5,13.27,2,0,6,5,4,12.77,0,15.07,-1.0,0.49,8,Single,Not Dropout
1,2,5,11,1,14.0,1,27,1,11.0,3.0,1,0,0,1,0,0,34,0,0,6,8,3,15.69,1,0,6,4,6,15.23,0,9.32,2.67,-2.21,14,Single,Not Dropout
3,10,4,16,1,15.0,1,29,21,19.0,15.0,1,0,1,0,0,0,23,0,0,5,6,2,8.51,1,0,5,6,2,6.4,1,12.79,0.87,2.86,25,Other,Dropout
4,6,4,16,1,2.0,1,24,20,13.0,17.0,0,0,0,1,0,0,17,0,3,6,5,2,7.18,0,0,6,5,1,4.42,1,7.66,2.17,0.9,22,Other,Dropout
1,13,1,14,1,13.0,1,6,5,3.0,7.0,1,0,0,1,1,0,22,0,0,7,9,4,6.97,0,0,9,8,3,9.41,1,14.32,1.43,-1.82,5,Single,Not Dropout
1,15,3,10,1,12.0,1,7,23,15.0,4.0,1,0,0,1,0,0,17,0,1,6,12,4,10.58,0,0,8,11,4,7.66,0,12.54,0.04,0.92,15,Single,Not Dropout
1,9,3,1,1,12.0,1,19,29,19.0,11.0,1,0,1,1,0,1,40,0,1,10,10,9,15.48,0,1,10,12,8,16.67,0,11.09,-1.0,2.43,24,Single,Not Dropout
1,11,2,9,1,1.0,1,2,29,5.0,18.0,1,0,0,1,0,0,34,0,0,5,5,1,5.96,0,0,6,5,2,3.67,0,7.0,4.0,-2.98,15,Single,Dropout
1,11,0,14,1,8.0,1,29,6,9.0,14.0,1,0,0,1,0,0,30,0,0,5,7,1,7.18,2,0,3,0,1,4.88,2,13.09,0.07,2.68,17,Single,Dropout
1,17,5,15,1,16.0,1,28,13,2.0,,0,0,0,1,0,0,28,0,0,6,12,3,9.63,0,1,7,6,6,10.74,1,11.49,0.66,0.0,20,Single,Not Dropout
1,4,1,14,1,,1,24,2,14.0,11.0,0,0,0,1,1,1,22,0,2,7,6,5,10.44,0,0,9,14,3,9.53,0,8.67,-0.67,0.67,13,Single,Not Dropout
1,5,5,17,1,4.0,1,29,1,3.0,8.0,1,0,0,1,0,0,22,0,0,4,3,2,7.8,0,0,0,1,0,4.97,0,12.22,-0.32,-1.9,15,Single,Dropout
1,7,5,9,1,8.0,1,7,25,9.0,6.0,1,0,0,1,0,1,22,0,0,9,12,6,12.38,1,0,10,10,6,14.66,0,15.23,0.86,-4.4,16,Single,Not Dropout
1,13,0,2,1,14.0,1,26,29,13.0,16.0,1,0,0,1,1,0,37,0,0,6,9,4,14.17,0,0,7,10,4,11.48,1,15.51,-0.13,0.77,27,Single,Not Dropout
1,15,4,9,1,15.0,1,8,6,16.0,13.0,0,0,0,1,0,0,22,0,0,9,8,8,15.57,2,0,9,9,8,15.79,1,10.87,0.33,-2.35,7,Single,Not Dropout
1,5,3,6,1,6.0,1,4,14,7.0,15.0,1,0,0,0,0,1,20,0,0,9,9,5,10.7,0,1,10,9,9,12.25,0,8.43,0.86,-3.45,9,Single,Not Dropout
1,2,1,15,1,13.0,1,8,1,,16.0,0,0,0,0,0,1,22,0,0,7,6,2,8.75,0,0,7,8,2,8.18,0,14.14,2.35,-2.24,4,Single,Dropout
1,11,4,14,1,14.0,1,23,24,,19.0,0,0,0,1,0,0,26,0,0,6,6,1,6.64,0,0,8,9,1,4.36,0,7.9,1.6,1.86,23,Single,Dropout
1,11,0,8,1,3.0,1,28,16,4.0,16.0,0,0,0,1,0,1,17,0,0,4,4,3,12.6,0,0,5,3,4,17.08,1,9.02,-0.76,2.39,22,Single,Not Dropout
1,7,1,7,1,1.0,1,18,9,3.0,9.0,1,0,0,1,0,1,25,0,0,5,8,2,10.55,2,0,6,6,2,7.96,1,13.41,2.75,3.01,13,Single,Not Dropout
1,4,5,3,1,1.0,1,8,29,15.0,3.0,0,0,1,1,1,0,17,0,0,4,7,4,20.0,1,0,2,1,2,18.66,0,14.67,0.1,2.61,18,Single,Not Dropout
1,15,4,1,1,3.0,1,18,4,7.0,11.0,1,0,0,1,1,1,32,1,0,4,5,3,11.23,0,0,3,5,2,14.16,0,13.26,-1.0,-1.69,11,Single,Not Dropout
1,15,0,6,1,12.0,1,15,8,1.0,,0,0,0,1,0,0,17,0,1,7,11,7,16.71,1,0,4,5,4,15.9,0,,1.37,-2.28,11,Single,Not Dropout
1,13,0,5,1,7.0,1,16,22,15.0,18.0,0,0,1,1,0,0,18,0,0,7,10,2,7.43,0,1,7,10,2,8.08,0,13.25,0.37,1.42,19,Single,Dropout
1,10,1,5,1,11.0,1,11,12,6.0,1.0,0,0,0,1,0,0,17,0,1,3,1,2,10.51,0,1,3,2,2,11.66,1,14.53,-1.0,1.02,11,Single,Not Dropout
3,5,0,17,1,2.0,1,5,21,13.0,17.0,0,0,0,1,0,0,34,0,0,5,8,3,15.47,0,0,5,7,4,11.5,1,12.86,0.5,1.79,13,Other,Not Dropout
2,7,1,12,1,10.0,1,11,7,11.0,13.0,0,0,0,1,1,0,23,0,1,5,8,3,9.57,1,1,5,5,3,13.48,0,,2.53,1.55,9,Married,Not Dropout
1,2,3,10,1,12.0,1,26,20,3.0,2.0,1,0,0,1,0,0,36,1,0,9,14,3,9.48,0,0,9,11,4,11.03,0,9.96,1.24,0.11,23,Single,Not Dropout
1,5,0,4,0,16.0,1,12,17,12.0,5.0,1,0,0,1,1,0,35,0,0,3,5,2,12.98,0,0,2,0,1,13.03,0,14.02,-0.74,2.27,14,Single,Not Dropout
1,8,1,15,0,6.0,1,1,2,17.0,2.0,0,0,0,1,0,1,30,0,1,10,15,6,8.91,0,0,10,13,4,8.65,0,9.8,1.83,0.29,1,Single,Not Dropout
1,8,1,11,1,9.0,1,11,10,7.0,18.0,0,0,0,1,0,0,17,0,0,7,5,4,7.52,0,0,7,10,2,9.54,0,13.97,1.97,2.67,10,Single,Not Dropout
1,2,5,9,1,8.0,1,14,9,16.0,13.0,0,0,0,1,0,0,24,0,1,2,2,1,8.3,0,1,0,1,0,16.2,0,12.65,1.38,-1.61,11,Single,Not Dropout
1,17,5,8,1,6.0,1,18,18,6.0,12.0,0,0,0,1,0,0,31,0,1,5,2,3,9.08,1,0,7,11,4,7.97,0,12.44,3.46,-3.35,18,Single,Not Dropout
1,5,5,10,0,11.0,1,19,13,6.0,10.0,1,0,0,1,0,1,25,0,0,7,7,1,7.29,0,0,7,7,2,8.16,1,14.72,3.0,-0.38,16,Single,Not Dropout
1,9,2,15,1,10.0,1,13,14,4.0,8.0,0,0,0,1,0,1,21,0,1,5,6,3,10.24,0,0,4,8,2,10.27,0,10.92,2.19,-0.3,13,Single,Not Dropout
1,8,3,13,1,14.0,1,5,5,5.0,4.0,0,0,0,1,1,0,25,0,0,6,7,4,4.31,1,0,7,9,3,8.63,0,13.47,-0.44,-0.88,5,Single,Dropout
2,8,3,9,1,1.0,1,13,27,5.0,14.0,1,0,1,1,1,0,26,0,0,10,13,7,12.36,1,0,11,12,8,14.69,1,11.12,1.75,-2.53,20,Married,Not Dropout
1,15,5,12,1,4.0,1,1,22,13.0,3.0,1,0,0,1,1,1,17,0,0,6,12,4,13.56,1,0,8,12,6,14.64,0,12.55,1.17,-0.46,11,Single,Not Dropout
1,13,4,16,1,10.0,1,15,20,3.0,4.0,0,0,0,1,0,0,20,0,1,4,4,3,13.07,0,1,6,8,4,12.64,1,14.0,0.6,-2.05,17,Single,Not Dropout
1,15,5,6,1,10.0,1,13,8,11.0,19.0,1,0,0,1,1,1,27,0,1,8,12,3,8.02,0,0,6,6,3,9.36,1,9.33,0.78,-1.9,10,Single,Dropout
1,7,3,16,1,15.0,1,11,20,5.0,,0,0,0,1,0,0,28,0,1,4,6,1,6.4,0,1,5,8,1,6.29,0,12.13,-1.0,-1.7,15,Single,Dropout
1,5,5,11,1,11.0,1,20,7,3.0,19.0,0,0,0,1,1,0,24,0,0,8,10,6,13.76,0,0,9,9,8,14.61,0,8.79,1.43,-4.0,13,Single,Not Dropout
1,8,4,4,1,1.0,1,22,15,16.0,2.0,0,0,1,1,1,0,21,0,2,7,10,3,9.93,0,0,8,7,3,,0,10.55,0.89,-0.5,18,Single,Not Dropout
1,10,4,17,1,8.0,1,8,8,11.0,10.0,1,0,0,1,1,1,22,0,0,10,10,5,12.78,0,1,8,10,6,14.43,0,10.34,-1.0,1.03,8,Single,Not Dropout
1,6,3,12,1,14.0,13,15,9,6.0,12.0,1,0,0,1,0,0,18,0,0,7,10,3,5.97,1,0,6,8,2,8.74,0,9.76,-0.03,-2.28,12,Single,Dropout
3,8,2,7,1,14.0,1,15,19,13.0,3.0,0,0,0,1,1,0,22,0,0,6,4,4,10.38,0,0,5,6,2,8.64,0,13.94,-1.0,2.61,17,Other,Not Dropout
1,3,3,4,1,13.0,1,15,10,18.0,17.0,0,0,0,1,1,0,28,0,0,6,7,5,15.1,0,0,7,8,5,16.23,1,11.55,2.74,-1.75,12,Single,Not Dropout
1,10,2,16,0,8.0,1,12,22,6.0,19.0,1,0,0,1,1,0,38,0,0,10,10,5,9.78,2,0,9,9,6,9.87,0,17.0,4.0,-0.09,17,Single,Not Dropout
1,13,3,14,1,2.0,1,7,15,5.0,5.0,1,0,0,1,0,1,17,0,1,6,12,3,12.16,0,0,7,6,3,10.24,0,11.68,1.31,-1.55,11,Single,Not Dropout
1,9,1,1,1,,1,5,29,13.0,5.0,0,0,1,1,0,1,31,1,0,6,5,4,11.5,0,0,6,9,4,14.23,0,10.07,1.23,-2.86,17,Single,Not Dropout
1,15,4,11,1,14.0,1,1,6,10.0,15.0,1,0,0,1,0,0,25,0,1,6,8,3,10.58,0,0,7,8,5,12.64,0,13.65,-0.7,-1.09,3,Single,Not Dropout
1,17,3,2,1,6.0,19,2,28,13.0,8.0,0,0,0,1,1,0,17,0,2,7,11,7,16.66,0,0,7,8,7,20.0,0,12.84,2.31,-1.5,15,Single,Not Dropout
1,16,4,6,0,13.0,1,24,4,4.0,1.0,0,0,0,1,1,0,22,0,0,6,6,4,8.97,1,0,7,5,4,8.66,1,14.15,-0.38,-0.25,14,Single,Not Dropout
1,2,1,10,1,1.0,1,3,16,18.0,15.0,0,0,0,1,0,0,22,0,0,4,5,3,10.29,0,0,2,5,1,12.51,0,10.4,0.11,0.63,9,Single,Not Dropout
1,15,4,5,1,8.0,1,25,11,1.0,7.0,0,0,0,1,0,0,23,0,0,5,5,3,12.28,0,0,4,4,2,8.44,0,10.62,-1.0,4.0,18,Single,Not Dropout
2,6,4,9,1,16.0,1,26,22,6.0,8.0,0,0,0,1,0,0,29,0,1,5,5,1,9.3,2,0,6,6,3,7.01,1,12.22,1.2,0.69,24,Married,Dropout
1,8,0,8,1,4.0,1,7,4,12.0,13.0,1,0,0,1,1,0,35,0,0,6,10,2,10.96,2,0,6,8,4,12.41,0,11.18,-0.2,0.29,5,Single,Not Dropout
1,8,2,10,1,1.0,1,13,8,10.0,11.0,1,0,1,1,0,0,31,0,0,5,2,1,7.34,1,0,4,4,2,6.07,0,,-1.0,-0.48,10,Single,Dropout
1,5,4,14,1,5.0,1,11,7,7.0,,1,0,0,1,0,0,24,0,0,6,8,4,13.14,0,0,4,5,3,15.75,1,8.58,-0.81,-3.0,9,Single,Not Dropout
1,15,5,3,1,2.0,1,12,27,19.0,16.0,1,0,0,1,0,1,25,0,1,6,3,2,5.17,1,1,4,5,2,8.02,0,13.87,3.68,0.69,19,Single,Dropout
1,11,4,14,1,10.0,1,11,16,7.0,18.0,0,1,1,1,0,0,35,0,0,7,10,2,7.77,0,1,8,9,3,7.19,1,16.8,2.39,-1.44,13,Single,Dropout
4,17,2,4,1,4.0,1,10,5,13.0,18.0,1,0,0,1,0,0,17,0,0,5,5,1,,3,1,7,8,2,8.43,0,13.84,2.31,0.03,7,Other,Dropout
1,17,1,1,1,4.0,1,20,23,8.0,13.0,1,0,0,1,0,0,30,0,1,9,7,4,14.57,0,0,7,9,3,15.78,0,14.03,-1.0,-0.81,21,Single,Not Dropout
1,8,5,8,1,10.0,1,12,9,9.0,11.0,0,0,0,1,0,0,17,0,0,9,10,2,3.63,1,0,10,13,4,9.77,2,11.71,1.47,-5.0,10,Single,Dropout
1,13,5,6,1,6.0,1,6,7,15.0,9.0,1,0,1,1,1,0,17,0,1,7,6,4,12.18,0,0,7,9,6,12.78,1,8.63,1.96,-0.63,6,Single,Not Dropout
1,9,5,4,1,11.0,1,11,15,7.0,13.0,1,0,0,1,1,0,27,0,1,8,11,3,12.46,0,1,8,12,2,9.61,0,7.0,2.37,-0.81,13,Single,Dropout
1,9,1,8,1,15.0,1,29,23,8.0,2.0,0,0,0,1,0,1,17,0,0,4,7,3,7.05,0,0,4,5,2,10.56,2,12.77,0.97,1.37,26,Single,Not Dropout
1,13,2,15,1,15.0,1,29,25,15.0,8.0,1,0,0,0,0,0,21,0,0,5,4,2,8.38,0,1,3,4,1,5.48,0,11.27,1.31,1.82,27,Single,Dropout
1,12,1,10,1,12.0,1,2,1,2.0,6.0,1,0,0,1,0,0,31,0,0,5,7,4,17.95,0,0,5,11,5,16.89,0,8.31,1.51,1.06,1,Single,Not Dropout
1,16,5,13,1,16.0,1,17,27,9.0,11.0,1,0,1,1,0,0,18,0,0,4,4,1,5.91,0,0,6,6,1,4.54,0,15.97,2.7,-0.96,22,Single,Dropout
1,14,5,3,1,12.0,1,29,29,6.0,18.0,0,0,0,1,0,0,34,0,1,6,6,4,13.74,0,0,6,6,4,11.97,0,10.34,0.33,0.97,29,Single,Not Dropout
1,11,1,2,1,2.0,1,6,10,10.0,10.0,0,0,0,1,1,0,17,0,0,10,15,3,11.2,0,1,10,10,8,10.35,0,11.85,1.4,-0.92,8,Single,Not Dropout
1,16,1,6,1,16.0,1,2,15,11.0,12.0,0,0,1,0,0,0,29,0,1,6,6,3,11.04,0,1,6,10,2,7.17,0,11.99,3.98,0.24,8,Single,Dropout
2,2,3,14,1,10.0,1,7,11,9.0,8.0,1,0,0,1,0,0,17,0,1,9,13,6,11.66,0,0,9,11,5,12.27,0,13.48,1.42,2.51,9,Married,Not Dropout
1,13,2,16,1,1.0,1,10,14,19.0,7.0,0,0,0,1,0,0,22,0,0,9,14,5,9.61,0,0,10,13,6,,0,12.83,1.08,0.57,12,Single,Not Dropout
1,7,2,2,1,10.0,1,28,19,18.0,13.0,1,0,0,1,0,0,24,0,1,5,5,2,7.32,0,1,7,7,2,,0,9.03,3.82,4.0,23,Single,Dropout
1,8,2,9,1,4.0,1,8,19,3.0,5.0,0,0,0,1,1,0,21,0,1,6,8,2,8.58,0,0,6,5,2,6.08,0,,1.2,2.07,13,Single,Dropout
1,14,4,7,1,9.0,1,10,14,13.0,17.0,1,0,0,1,0,0,21,0,0,6,6,3,10.24,1,2,4,3,2,10.19,1,11.32,2.76,-1.83,12,Single,Not Dropout
1,5,5,13,1,11.0,1,8,14,7.0,3.0,1,0,0,0,0,0,17,0,0,8,9,3,7.65,0,0,9,9,5,10.76,0,10.58,3.17,-0.7,11,Single,Dropout
1,16,5,4,1,1.0,1,12,15,14.0,5.0,1,0,0,1,0,1,31,0,0,7,9,3,6.12,0,2,7,10,2,8.9,0,13.5,0.59,-0.81,13,Single,Dropout
1,9,2,9,1,8.0,1,29,12,10.0,15.0,1,0,0,1,0,0,17,0,0,9,10,5,11.69,0,0,9,10,5,11.48,1,9.66,1.76,-0.55,20,Single,Not Dropout
4,6,4,15,1,1.0,1,3,4,19.0,2.0,1,0,0,1,0,0,17,0,0,7,9,5,13.32,0,0,8,10,6,15.85,0,12.23,1.06,0.64,3,Other,Not Dropout
1,6,4,8,1,2.0,1,14,11,18.0,8.0,1,0,0,1,0,0,22,0,0,8,8,3,7.0,1,0,8,5,2,5.43,0,14.01,-0.4,-2.27,12,Single,Dropout
1,8,1,14,1,4.0,1,18,21,2.0,8.0,0,0,0,1,1,1,19,0,2,5,4,3,13.14,1,0,6,6,4,11.75,0,7.87,-0.34,-0.8,19,Single,Not Dropout
1,17,4,11,1,13.0,1,4,29,3.0,18.0,0,0,0,0,1,0,28,0,0,4,4,3,14.33,0,0,6,6,5,12.34,0,12.57,2.1,-1.05,16,Single,Not Dropout
1,2,2,11,1,7.0,1,2,24,1.0,4.0,0,0,0,1,0,0,20,0,0,8,9,7,16.39,1,0,9,10,6,17.16,0,11.92,2.07,-0.44,13,Single,Not Dropout
1,9,3,5,1,1.0,1,29,25,16.0,9.0,1,0,0,1,1,0,23,0,1,7,11,3,11.82,1,0,8,12,3,10.45,2,10.13,1.96,3.37,27,Single,Not Dropout
1,15,4,17,1,12.0,1,8,23,5.0,9.0,1,0,0,1,0,0,24,0,0,7,8,4,17.04,1,0,7,10,7,15.6,1,7.28,1.02,-1.14,15,Single,Not Dropout
1,9,5,5,1,,1,8,15,14.0,16.0,0,0,0,1,0,0,29,0,0,9,11,5,11.07,0,0,9,9,6,15.14,0,7.0,-0.26,-2.36,11,Single,Not Dropout
1,10,5,16,1,3.0,1,11,20,7.0,11.0,1,0,1,0,0,0,20,0,1,7,6,1,5.43,0,1,6,4,1,4.32,0,10.61,4.0,2.45,15,Single,Dropout
1,6,4,17,1,9.0,1,3,25,6.0,3.0,0,0,0,1,0,0,17,0,0,8,11,5,10.8,1,0,10,12,6,10.33,0,12.04,0.01,0.74,14,Single,Not Dropout
6,3,3,9,0,4.0,1,5,7,12.0,17.0,0,0,0,1,0,0,18,0,0,8,8,3,10.72,0,0,8,9,4,9.86,1,12.6,1.75,3.36,6,Other,Not Dropout
1,11,2,15,1,11.0,1,1,5,15.0,3.0,1,0,1,1,0,1,30,0,2,6,7,4,14.07,1,0,5,6,4,11.82,1,10.08,0.15,-1.66,3,Single,Not Dropout
1,16,2,13,1,16.0,1,16,8,11.0,14.0,0,0,1,1,1,0,25,0,0,5,6,4,10.79,1,2,6,6,5,13.88,0,14.6,0.48,0.03,12,Single,Not Dropout
4,9,5,13,1,6.0,1,14,16,11.0,6.0,0,0,0,1,0,0,21,0,0,10,10,4,6.22,0,0,12,14,5,6.99,1,14.3,0.41,0.4,15,Other,Not Dropout
1,8,1,2,1,12.0,1,8,23,14.0,3.0,0,0,0,1,1,0,23,0,0,7,6,6,13.1,0,0,7,8,6,12.28,1,10.38,1.19,1.33,15,Single,Not Dropout
1,3,3,3,1,1.0,1,27,14,4.0,4.0,1,0,0,1,0,0,21,0,1,7,9,4,6.12,0,0,8,6,3,9.39,0,10.94,1.83,2.44,20,Single,Not Dropout
1,17,4,2,1,7.0,1,9,29,12.0,18.0,1,0,0,1,1,0,28,0,0,5,8,1,10.82,2,0,6,10,2,6.91,0,11.13,2.24,-1.36,19,Single,Dropout
3,15,0,1,0,15.0,1,1,10,6.0,19.0,0,0,0,1,0,0,25,0,0,7,5,7,15.83,1,0,7,9,6,17.42,1,11.84,-0.94,-0.59,5,Other,Not Dropout
1,16,3,15,1,2.0,1,3,14,3.0,12.0,1,0,0,1,1,0,21,0,0,7,9,4,9.66,0,0,7,10,4,6.78,1,12.67,-0.9,-2.71,8,Single,Not Dropout
1,7,1,3,1,15.0,1,22,27,7.0,16.0,1,0,1,1,1,0,29,0,0,5,7,2,12.74,0,0,6,9,4,9.09,1,15.76,0.48,-0.88,24,Single,Not Dropout
5,11,1,1,1,2.0,1,16,5,4.0,18.0,0,0,0,0,0,0,30,0,0,8,8,5,11.9,0,0,8,11,4,10.83,0,8.81,1.04,4.0,10,Other,Not Dropout
1,8,3,16,1,8.0,1,8,25,7.0,7.0,1,0,0,1,1,0,17,0,0,6,6,4,13.79,0,1,6,12,5,10.16,0,,0.02,-1.07,16,Single,Not Dropout
5,4,0,5,1,3.0,18,8,5,1.0,15.0,0,0,0,1,1,0,18,0,0,2,5,2,16.86,1,1,2,5,2,15.7,0,12.05,1.56,-0.88,6,Other,Not Dropout
2,4,0,14,1,1.0,1,7,27,15.0,10.0,0,0,0,1,0,0,37,0,2,5,10,4,16.63,0,1,5,3,5,14.6,0,9.22,0.95,2.59,17,Married,Not Dropout
3,7,2,17,1,6.0,1,13,10,7.0,4.0,1,0,0,0,1,0,27,0,0,8,12,5,14.42,0,0,8,7,6,14.77,0,10.21,-0.04,1.75,11,Other,Not Dropout
1,10,3,9,1,10.0,1,21,19,13.0,11.0,1,0,0,1,0,0,33,0,0,5,7,1,6.31,3,0,4,4,1,4.26,2,16.4,2.35,-1.45,20,Single,Dropout
1,3,0,16,1,12.0,1,19,21,15.0,1.0,1,0,0,0,0,0,28,0,1,11,14,10,13.55,0,1,12,10,9,15.2,0,14.4,1.77,0.72,20,Single,Not Dropout
1,12,2,17,1,6.0,1,22,11,16.0,12.0,1,0,0,0,1,0,26,0,0,7,9,4,9.54,0,0,7,6,5,14.14,0,12.64,1.57,3.48,16,Single,Not Dropout
1,8,1,3,1,8.0,1,2,16,2.0,5.0,1,0,0,1,1,1,17,0,1,10,10,8,11.21,1,0,11,15,9,14.78,2,11.15,0.66,4.0,9,Single,Not Dropout
1,15,3,3,1,3.0,1,17,22,10.0,2.0,0,0,0,1,0,0,17,0,0,4,6,1,11.16,1,0,4,7,2,7.28,0,9.21,0.16,1.85,19,Single,Not Dropout
3,5,1,7,1,12.0,1,23,26,8.0,14.0,1,0,0,1,0,0,27,0,1,4,2,2,10.11,0,0,6,9,4,11.07,0,,2.7,-1.82,24,Other,Not Dropout
1,1,0,10,1,3.0,1,6,4,7.0,7.0,1,0,1,1,0,0,18,0,2,6,6,4,13.6,0,0,6,6,4,13.81,0,13.78,1.22,-0.06,5,Single,Not Dropout
1,6,3,14,1,14.0,1,17,15,16.0,9.0,1,0,0,0,1,1,22,0,0,4,7,4,17.69,0,1,4,3,4,17.28,1,9.59,-0.58,-0.56,16,Single,Not Dropout
1,17,5,4,1,3.0,1,1,25,,2.0,1,0,0,1,1,0,28,0,0,5,6,4,13.89,0,1,3,3,1,10.89,0,12.99,2.22,3.45,13,Single,Not Dropout
1,6,3,4,0,11.0,1,27,17,6.0,2.0,0,0,0,1,0,0,24,0,0,9,8,2,8.06,0,2,8,11,3,5.31,0,7.55,4.0,-1.99,22,Single,Dropout
1,12,2,6,1,6.0,1,22,1,16.0,18.0,0,0,0,1,0,0,25,0,0,6,6,4,13.23,1,1,7,8,4,13.37,1,13.86,0.07,-2.24,11,Single,Not Dropout
1,15,2,5,1,16.0,1,19,4,8.0,12.0,1,0,0,1,1,0,31,0,0,3,2,2,11.07,0,2,0,3,0,9.31,0,8.66,1.22,-2.48,11,Single,Not Dropout
2,5,0,16,1,5.0,1,18,24,2.0,8.0,1,0,0,1,0,1,32,0,1,7,9,2,11.2,0,0,6,10,1,10.27,1,13.98,1.0,-3.03,21,Married,Dropout
1,11,1,7,1,16.0,1,20,13,,13.0,0,0,0,1,0,0,23,0,0,9,9,4,8.99,0,2,5,5,3,13.28,0,13.84,2.13,-0.05,16,Single,Not Dropout
1,4,2,15,0,14.0,1,13,21,,14.0,0,0,0,1,0,0,31,0,1,3,4,2,14.75,1,0,0,0,0,12.52,2,16.16,1.12,-1.33,17,Single,Not Dropout
1,7,3,1,1,8.0,1,29,26,5.0,3.0,1,0,0,1,0,0,17,0,0,4,6,3,14.4,0,0,4,9,3,15.9,0,13.62,0.37,-3.5,27,Single,Not Dropout
1,6,2,2,1,8.0,1,7,3,13.0,18.0,1,0,0,0,0,0,24,0,0,6,8,2,9.33,0,0,4,6,2,8.94,0,16.46,2.12,-1.76,5,Single,Dropout
2,12,5,14,1,,1,24,14,4.0,13.0,1,0,0,1,0,0,26,0,0,4,3,2,10.59,0,0,4,3,2,8.79,0,9.29,1.75,0.36,19,Married,Not Dropout
2,15,3,5,1,7.0,1,23,5,15.0,6.0,1,0,1,1,1,1,22,0,0,6,5,4,7.73,0,0,7,6,5,10.67,0,8.57,3.04,0.94,14,Married,Not Dropout
1,5,0,2,1,8.0,1,25,25,6.0,6.0,1,0,0,1,0,0,22,0,0,9,10,7,14.91,0,0,9,12,7,15.47,1,11.96,3.03,-1.99,25,Single,Not Dropout
2,5,3,11,0,3.0,1,3,14,2.0,2.0,0,0,0,1,0,0,17,0,0,6,8,4,15.92,0,1,6,7,6,14.16,0,7.79,0.9,-2.79,8,Married,Not Dropout
1,14,3,3,1,6.0,1,13,26,1.0,5.0,1,0,0,1,0,0,23,1,0,7,7,5,13.54,0,0,6,5,4,16.11,1,17.0,2.39,2.46,19,Single,Not Dropout
1,8,0,2,1,15.0,1,19,9,12.0,7.0,0,0,0,1,0,0,17,0,0,7,7,5,13.6,0,0,7,6,6,12.68,0,15.01,2.33,-1.35,14,Single,Not Dropout
2,9,2,7,1,16.0,1,18,5,14.0,5.0,0,0,0,1,0,0,22,0,1,5,6,3,11.13,0,2,5,7,2,10.75,0,9.6,2.8,3.94,11,Married,Not Dropout
1,12,5,10,1,1.0,1,20,26,3.0,13.0,0,0,0,1,0,0,23,0,2,4,5,2,16.68,1,0,3,5,2,14.77,0,8.78,1.36,0.33,23,Single,Not Dropout
1,3,2,9,1,12.0,1,19,18,6.0,5.0,0,0,1,0,1,1,27,0,1,8,9,2,6.79,1,0,7,11,1,6.21,0,11.48,-1.0,-4.22,18,Single,Dropout
1,15,2,10,1,4.0,1,7,6,15.0,10.0,1,0,0,1,0,0,17,0,0,6,8,3,13.16,0,1,8,4,4,10.39,0,11.42,-0.36,-1.69,6,Single,Not Dropout
1,7,1,1,1,11.0,1,25,21,17.0,11.0,0,0,0,1,0,0,25,0,0,7,6,2,5.69,2,0,9,10,2,6.62,0,7.45,0.45,-0.21,23,Single,Dropout
1,12,0,5,1,10.0,1,15,13,14.0,2.0,0,0,0,1,0,1,26,0,3,6,10,2,6.35,0,0,6,5,2,5.76,0,11.81,0.35,1.37,14,Single,Dropout
1,8,1,6,0,15.0,1,29,2,12.0,4.0,1,0,0,1,1,0,23,0,0,6,6,1,4.64,0,0,3,1,0,4.44,0,12.13,2.19,-2.62,15,Single,Dropout
1,13,4,5,1,12.0,1,16,8,15.0,2.0,0,0,0,1,0,0,26,0,0,7,11,6,15.78,0,1,8,9,8,18.04,0,16.72,1.73,-0.44,12,Single,Not Dropout
1,11,5,10,1,14.0,1,16,22,,14.0,0,0,0,1,1,1,25,0,1,4,1,2,10.16,0,0,2,4,1,11.11,0,12.53,1.54,-1.9,19,Single,Not Dropout
2,3,3,4,1,13.0,1,18,4,2.0,14.0,0,0,0,1,0,1,17,0,0,7,5,2,8.75,0,1,6,9,2,8.01,0,14.29,1.43,1.37,11,Married,Dropout
1,4,4,11,0,11.0,1,26,10,,3.0,1,0,0,1,1,1,17,0,2,4,5,4,20.0,1,0,4,9,4,,0,13.12,0.33,-2.84,18,Single,Not Dropout
3,15,3,16,1,7.0,1,27,8,11.0,14.0,0,0,1,1,0,0,36,0,0,10,13,3,5.73,1,0,12,11,4,8.35,0,12.9,3.68,-0.08,17,Other,Dropout
1,9,3,12,0,,1,17,22,16.0,16.0,1,0,0,1,0,0,27,0,0,7,8,5,12.71,1,0,7,9,6,12.8,0,9.77,1.55,-0.99,19,Single,Not Dropout
1,5,2,7,1,6.0,1,16,25,5.0,3.0,1,0,0,1,0,1,19,0,0,7,8,2,5.64,0,1,8,8,1,10.5,1,8.81,1.38,0.3,20,Single,Not Dropout
1,3,0,8,0,6.0,1,2,23,17.0,3.0,1,0,0,1,1,0,25,0,0,4,6,2,12.38,0,0,2,0,2,11.23,0,12.41,1.1,-0.85,12,Single,Not Dropout
2,3,2,10,1,5.0,1,2,21,10.0,16.0,0,0,1,1,0,1,27,0,0,8,9,4,,1,0,8,11,3,11.11,0,10.48,-0.66,-2.57,11,Married,Not Dropout
1,16,5,13,1,5.0,1,22,3,9.0,6.0,0,0,1,1,1,0,32,0,0,5,10,2,6.71,1,0,6,9,2,6.59,0,9.05,2.87,-0.77,12,Single,Dropout
3,17,3,6,1,10.0,1,11,27,19.0,7.0,1,0,0,1,1,0,21,0,0,7,7,2,6.01,1,1,7,9,2,3.8,0,12.03,2.13,-2.96,19,Other,Dropout
1,7,4,1,0,5.0,1,13,5,11.0,12.0,1,0,0,1,0,1,19,0,0,5,9,2,7.77,0,0,5,7,2,7.4,0,8.75,4.0,-2.43,9,Single,Not Dropout
1,4,0,12,1,6.0,1,19,12,2.0,2.0,1,0,0,1,1,0,20,0,1,3,3,1,8.09,0,0,5,5,2,5.78,0,15.42,2.23,-0.45,15,Single,Dropout
1,8,1,12,1,12.0,1,7,25,5.0,,1,0,0,1,0,0,20,0,2,9,9,3,,0,0,9,11,0,5.92,0,10.12,2.24,-4.15,16,Single,Dropout
1,3,1,2,1,6.0,1,10,7,12.0,7.0,1,0,0,1,0,0,19,0,0,7,6,5,15.22,1,0,8,9,7,10.42,0,7.0,0.46,1.68,8,Single,Not Dropout
1,10,2,11,1,2.0,1,2,7,5.0,16.0,1,0,0,1,0,0,24,0,0,6,9,4,14.47,1,0,5,6,4,16.7,0,14.18,1.66,0.38,4,Single,Not Dropout
1,11,5,2,0,1.0,1,23,1,4.0,14.0,1,0,0,1,1,0,20,0,0,10,13,5,7.42,0,1,10,13,5,8.07,0,,2.04,3.85,12,Single,Not Dropout
1,17,2,11,1,13.0,1,15,11,6.0,6.0,1,0,0,1,0,0,23,0,0,6,7,0,1.82,2,1,5,5,0,5.21,1,11.07,-1.0,4.0,13,Single,Dropout
1,6,3,13,1,16.0,1,6,15,10.0,13.0,0,0,0,1,1,0,34,0,0,8,10,4,10.78,0,0,6,9,4,11.19,0,11.42,3.75,-2.57,10,Single,Not Dropout
1,4,3,1,1,11.0,1,18,14,2.0,8.0,1,0,0,1,0,1,17,0,0,3,4,2,11.16,1,0,2,6,2,10.33,1,10.42,1.9,1.29,16,Single,Not Dropout
1,3,2,13,1,1.0,1,5,2,10.0,10.0,0,0,0,1,0,0,25,0,0,6,8,2,8.59,1,1,7,9,2,6.99,0,16.45,2.9,0.18,3,Single,Dropout
1,7,5,3,1,10.0,1,23,6,14.0,14.0,1,0,0,0,0,0,17,0,1,6,9,3,11.94,0,0,6,7,5,10.12,1,11.15,2.78,2.08,14,Single,Not Dropout
1,11,1,5,1,5.0,1,7,1,9.0,6.0,1,0,0,1,1,0,29,0,0,5,4,1,3.62,1,1,6,7,0,1.05,0,8.39,-0.16,-0.91,4,Single,Dropout
1,2,0,12,1,6.0,1,8,7,14.0,11.0,1,0,0,1,1,1,30,0,0,5,4,3,11.91,0,0,4,4,2,9.72,0,9.81,0.15,-0.84,7,Single,Not Dropout
1,13,4,7,1,15.0,1,26,18,13.0,8.0,1,1,0,1,1,1,18,0,3,7,7,4,12.04,0,0,10,12,4,10.31,0,13.71,1.0,-0.41,22,Single,Not Dropout
1,8,3,17,1,14.0,1,22,1,10.0,13.0,1,0,0,0,1,0,19,0,1,6,6,4,14.69,1,1,7,6,5,15.89,0,14.5,0.77,0.27,11,Single,Not Dropout
2,14,1,17,1,12.0,1,20,5,19.0,8.0,0,0,0,1,1,0,27,0,0,6,7,4,11.5,1,0,5,4,3,12.57,0,13.7,1.64,-0.38,12,Married,Not Dropout
1,8,5,17,1,9.0,1,18,16,12.0,18.0,1,0,0,1,0,0,21,0,0,5,6,3,10.31,0,0,4,3,2,13.24,1,10.51,2.58,0.97,17,Single,Not Dropout
1,3,0,2,0,10.0,1,16,17,16.0,8.0,1,0,0,0,1,0,32,0,2,8,9,8,15.99,0,0,6,6,6,17.85,1,,-1.0,-1.39,16,Single,Not Dropout
2,1,1,3,1,15.0,1,6,26,13.0,3.0,1,0,0,1,1,0,17,0,0,4,5,2,10.64,0,0,2,1,1,,0,8.09,0.78,-3.42,16,Married,Dropout
1,10,0,4,1,11.0,1,9,17,,10.0,1,0,0,1,0,1,29,0,1,6,7,1,5.9,0,0,6,5,1,8.18,1,10.73,2.53,-1.17,13,Single,Dropout
1,10,1,10,1,10.0,1,28,27,9.0,5.0,0,0,0,1,0,0,36,0,1,5,4,4,12.09,0,0,2,2,1,12.87,1,9.36,-1.0,-1.26,27,Single,Not Dropout
4,14,4,8,1,2.0,1,27,21,4.0,9.0,1,0,0,1,0,0,25,0,0,5,2,4,12.96,0,2,5,6,5,15.55,0,17.0,2.05,4.0,24,Other,Not Dropout
4,15,4,13,1,16.0,1,22,16,4.0,18.0,1,0,0,1,0,0,19,0,0,2,1,1,17.77,0,1,1,1,1,13.5,0,10.05,2.72,-0.21,19,Other,Not Dropout
1,3,3,5,1,13.0,1,26,12,19.0,2.0,0,0,0,1,1,0,18,0,0,6,9,2,10.64,0,0,7,8,2,9.11,1,13.48,-0.18,1.52,19,Single,Not Dropout
1,6,5,4,1,,1,24,4,16.0,1.0,1,0,0,1,0,0,22,0,0,5,1,3,9.46,0,0,5,8,1,,0,14.95,1.63,-0.48,14,Single,Dropout
1,4,0,12,0,5.0,1,12,21,6.0,6.0,1,0,0,1,0,0,27,0,1,7,10,2,6.15,0,1,5,7,2,2.17,0,13.92,2.19,-2.6,16,Single,Dropout
5,2,3,11,1,16.0,1,21,28,9.0,9.0,0,0,0,1,0,0,17,0,1,12,12,2,4.58,0,1,12,11,4,7.53,0,9.93,1.88,-2.27,24,Other,Dropout
4,1,0,12,0,16.0,1,22,11,1.0,3.0,1,0,0,1,1,0,21,0,0,7,10,2,,0,1,7,10,0,4.65,0,17.0,2.25,0.55,16,Other,Dropout
1,2,5,6,1,7.0,1,5,11,19.0,14.0,0,0,0,1,0,1,24,0,2,7,6,4,8.53,1,0,7,8,3,7.14,0,10.14,1.74,1.65,8,Single,Not Dropout
1,9,3,9,1,4.0,1,27,3,9.0,12.0,0,0,1,1,0,1,32,0,0,5,1,3,15.29,1,2,5,7,5,17.71,0,10.87,1.63,1.28,15,Single,Not Dropout
1,3,4,16,1,13.0,1,15,18,8.0,14.0,1,0,0,1,0,0,34,0,2,7,6,3,9.22,1,0,8,10,3,7.97,2,16.22,1.59,0.47,16,Single,Not Dropout
1,4,3,11,0,11.0,1,10,9,5.0,9.0,1,0,0,1,0,1,22,0,0,6,7,4,12.73,0,0,7,8,4,,0,12.93,2.64,1.12,9,Single,Not Dropout
1,3,2,16,1,15.0,1,14,1,2.0,,1,0,0,1,1,0,17,0,1,5,7,3,12.77,1,1,4,9,3,14.06,0,11.73,0.42,0.91,7,Single,Not Dropout
1,13,4,8,1,9.0,1,10,1,15.0,13.0,0,0,0,1,0,1,24,0,1,5,3,3,10.5,3,1,3,4,1,11.12,0,11.75,2.27,0.69,5,Single,Not Dropout
1,11,5,1,1,9.0,1,10,10,5.0,18.0,1,0,0,0,1,1,24,0,0,7,9,2,11.26,0,0,5,8,2,13.49,0,7.0,-0.59,1.01,10,Single,Not Dropout
1,17,1,13,1,3.0,2,16,14,2.0,2.0,0,0,0,1,1,0,30,0,0,5,6,3,17.4,1,1,5,6,3,14.36,0,7.0,-0.72,0.51,15,Single,Not Dropout
1,2,5,8,1,10.0,1,29,14,19.0,13.0,1,0,0,1,1,0,20,0,0,5,5,2,10.08,0,0,5,6,4,9.73,0,12.97,-1.0,-1.13,21,Single,Not Dropout
1,4,4,1,1,6.0,1,12,22,11.0,7.0,0,0,0,1,0,0,17,0,0,9,10,5,15.24,0,0,11,11,10,18.25,1,10.8,0.43,-0.01,17,Single,Not Dropout
1,8,0,3,1,4.0,1,7,16,2.0,4.0,0,0,0,1,0,0,23,0,0,9,10,6,19.34,0,0,8,6,8,18.65,1,9.31,-0.09,4.0,11,Single,Not Dropout
1,12,5,6,1,13.0,1,23,23,6.0,4.0,1,0,1,1,0,0,21,0,0,5,7,3,8.6,0,0,5,7,2,7.71,1,12.77,0.93,0.89,23,Single,Dropout
4,3,1,4,0,6.0,1,9,9,11.0,4.0,1,0,0,1,1,0,21,0,1,8,9,3,9.82,0,1,8,10,5,11.86,0,8.42,1.38,2.4,9,Other,Not Dropout
1,4,3,12,1,4.0,1,16,7,4.0,2.0,1,0,0,1,0,1,18,0,0,3,4,2,8.86,0,2,4,0,2,10.36,0,11.56,0.17,-1.03,11,Single,Not Dropout
1,8,0,11,1,16.0,1,8,16,19.0,9.0,0,0,0,1,0,0,17,0,0,5,10,3,9.11,1,0,5,6,3,8.97,1,9.77,2.31,-0.37,12,Single,Not Dropout
1,1,1,6,1,16.0,1,7,4,17.0,15.0,1,0,0,1,0,0,27,0,0,4,1,2,9.96,0,0,3,4,1,10.97,0,13.64,1.9,-2.11,5,Single,Dropout
1,7,3,2,1,8.0,1,8,23,17.0,9.0,0,0,1,1,0,0,25,0,0,5,3,4,17.15,1,0,5,6,4,13.73,0,10.73,-0.44,-1.38,15,Single,Not Dropout
1,13,4,2,1,5.0,1,11,6,10.0,3.0,0,0,0,1,0,0,18,0,0,6,9,4,11.04,0,0,8,10,6,9.46,0,14.12,-1.0,1.35,8,Single,Not Dropout
1,9,4,17,0,3.0,1,28,27,19.0,14.0,0,0,1,0,1,0,28,0,0,4,2,4,17.04,0,0,4,4,4,19.44,1,10.41,1.1,-2.41,27,Single,Not Dropout
1,8,2,6,1,11.0,1,20,29,7.0,4.0,0,0,0,1,0,0,17,0,0,6,9,3,8.05,0,0,8,9,3,6.56,1,8.99,-0.22,3.76,24,Single,Not Dropout
1,9,4,2,1,10.0,1,21,16,11.0,17.0,0,0,0,1,0,0,21,0,0,5,7,3,13.86,0,0,5,9,5,13.39,0,11.6,2.63,0.33,18,Single,Not Dropout
1,17,0,13,1,10.0,1,2,10,15.0,7.0,1,0,0,1,0,0,24,0,0,7,5,5,,0,1,8,6,7,19.63,0,14.17,1.98,3.6,6,Single,Not Dropout
1,9,5,15,1,13.0,1,1,10,10.0,1.0,1,0,0,1,0,1,30,0,1,7,10,3,8.48,0,0,6,8,3,8.17,0,8.79,0.43,2.58,5,Single,Not Dropout
1,10,1,3,1,8.0,1,10,13,17.0,6.0,0,0,0,1,0,0,20,0,1,9,12,5,11.12,1,0,10,10,7,11.67,0,8.71,1.73,0.41,11,Single,Not Dropout
1,16,3,17,1,11.0,1,26,14,2.0,16.0,0,1,0,1,0,0,30,0,1,3,4,2,16.35,0,0,4,4,2,15.25,1,9.28,1.43,-1.91,20,Single,Not Dropout
1,3,5,13,1,11.0,1,1,3,,18.0,0,0,0,1,0,0,19,0,0,8,9,3,8.89,1,0,9,13,3,10.64,0,15.85,2.64,-0.92,2,Single,Not Dropout
1,2,1,5,1,13.0,1,23,6,16.0,9.0,1,0,0,1,0,1,28,0,1,8,12,7,16.4,0,1,10,11,9,17.3,0,9.68,0.17,-0.05,14,Single,Not Dropout
1,8,2,14,0,12.0,1,24,23,,19.0,1,0,0,0,1,0,33,0,0,5,3,3,6.26,1,0,8,9,3,7.4,0,14.59,4.0,-0.28,23,Single,Dropout
1,6,4,8,1,1.0,1,9,2,8.0,5.0,1,0,0,1,0,1,17,0,0,6,8,2,9.2,0,0,4,5,1,7.83,0,10.98,1.98,0.43,5,Single,Not Dropout
1,4,5,11,1,10.0,1,4,14,19.0,9.0,1,0,0,1,1,0,24,0,0,7,5,4,6.66,1,0,6,5,2,8.78,1,10.08,1.44,4.0,9,Single,Not Dropout
6,3,1,3,1,16.0,1,5,26,12.0,9.0,1,0,0,1,0,0,26,0,0,8,10,5,11.89,1,1,6,10,4,12.2,0,13.35,1.96,-1.09,15,Other,Not Dropout
6,15,3,5,0,9.0,2,3,3,7.0,4.0,1,0,0,1,1,1,17,1,0,3,4,2,10.0,1,1,5,7,4,9.91,0,,0.59,-2.07,3,Other,Not Dropout
5,11,1,14,1,9.0,1,25,27,7.0,8.0,1,0,0,1,0,0,26,0,1,5,6,1,11.02,1,1,4,4,2,9.75,0,14.35,0.99,0.98,26,Other,Dropout
1,12,3,14,1,10.0,1,23,14,4.0,10.0,1,0,0,1,0,0,20,0,0,7,11,2,13.68,0,0,7,7,6,10.62,1,9.62,-0.14,0.66,18,Single,Not Dropout
1,3,2,1,1,9.0,1,20,13,14.0,14.0,1,0,0,0,0,0,18,0,0,6,4,1,6.34,0,1,7,8,2,6.14,1,12.11,2.6,-2.09,16,Single,Dropout
1,6,0,4,1,7.0,1,3,21,2.0,10.0,0,0,0,0,0,1,20,0,1,6,8,6,12.17,0,0,6,9,5,15.9,0,8.58,0.92,2.27,12,Single,Not Dropout
1,11,5,11,1,16.0,1,28,23,4.0,2.0,0,0,0,1,0,1,20,0,0,3,4,2,12.45,0,1,3,2,2,15.49,0,7.47,1.11,-3.68,25,Single,Not Dropout
1,9,3,16,0,2.0,1,20,14,3.0,9.0,1,0,0,1,0,0,28,0,0,5,6,2,7.19,0,0,4,3,3,10.05,0,10.04,0.82,2.14,17,Single,Not Dropout
1,12,2,12,1,14.0,1,25,3,15.0,17.0,0,0,0,1,0,1,23,0,0,6,9,3,9.77,1,0,8,10,3,10.5,0,10.88,0.86,2.45,14,Single,Not Dropout
1,12,0,13,1,3.0,1,12,29,18.0,,1,0,0,1,0,0,37,0,1,5,8,3,7.41,1,1,4,4,2,8.1,0,10.48,0.17,4.0,20,Single,Dropout
1,8,0,7,0,4.0,1,6,1,2.0,19.0,0,0,0,1,0,0,20,0,0,8,10,2,9.8,0,1,8,8,1,5.16,0,8.06,0.93,-0.71,3,Single,Dropout
1,14,2,1,1,10.0,1,24,26,18.0,3.0,0,0,0,0,0,0,26,0,0,6,5,2,4.17,0,1,6,8,3,5.89,0,10.68,-1.0,0.22,25,Single,Dropout
1,5,3,14,1,11.0,1,2,13,18.0,1.0,1,0,0,1,0,0,22,0,0,5,7,2,5.89,2,0,6,4,3,7.77,0,10.63,2.91,0.32,7,Single,Dropout
1,2,1,14,0,15.0,1,6,15,10.0,3.0,1,0,0,1,0,0,17,0,0,10,13,8,15.42,0,0,10,13,7,12.0,0,15.44,0.82,-1.28,10,Single,Not Dropout
2,16,4,8,1,5.0,1,5,23,1.0,5.0,0,0,0,1,0,0,33,0,1,7,9,5,13.3,0,0,7,7,5,13.45,0,12.8,0.37,0.4,14,Married,Not Dropout
1,1,2,9,1,1.0,1,3,28,14.0,7.0,0,0,0,1,0,0,24,0,0,7,9,2,9.01,0,0,6,11,2,4.51,0,,2.65,0.79,15,Single,Dropout
1,5,0,4,1,5.0,1,16,5,10.0,16.0,1,0,0,1,0,0,18,0,0,6,7,4,13.26,0,0,8,13,8,13.49,0,9.76,3.72,0.75,10,Single,Not Dropout
1,2,3,8,1,9.0,1,7,24,16.0,12.0,0,0,0,1,1,1,25,0,0,5,4,0,7.42,0,1,3,7,1,7.85,0,12.99,-0.66,1.84,15,Single,Dropout
1,4,1,5,1,6.0,1,29,20,6.0,13.0,1,0,0,1,0,0,29,0,2,5,5,4,13.92,2,0,6,5,5,14.66,0,10.18,3.0,1.48,24,Single,Not Dropout
1,7,0,8,1,5.0,1,28,11,11.0,17.0,0,1,0,1,1,0,18,0,2,4,4,2,11.88,2,1,3,2,1,13.57,0,9.45,-0.54,-0.17,19,Single,Not Dropout
1,3,0,3,1,15.0,1,5,13,17.0,3.0,1,0,0,1,1,0,23,0,0,6,7,4,8.98,1,1,7,8,4,7.23,0,8.5,1.37,-3.2,9,Single,Not Dropout
1,8,1,11,1,,1,25,23,13.0,5.0,1,0,0,1,0,0,29,0,0,4,4,3,,0,0,5,8,4,13.94,0,11.63,3.26,3.34,24,Single,Not Dropout
1,16,3,5,1,11.0,1,2,5,13.0,19.0,1,0,0,1,0,0,24,0,1,8,13,7,17.25,1,1,6,9,4,15.98,1,16.15,-0.19,-2.46,3,Single,Not Dropout
1,3,5,13,0,12.0,1,9,15,19.0,15.0,0,0,0,1,0,0,26,0,0,5,7,2,3.8,0,0,6,7,1,5.23,0,9.1,-0.01,0.68,12,Single,Dropout
3,16,1,9,1,7.0,1,20,21,10.0,,1,0,1,1,1,0,21,0,0,8,9,8,14.9,1,0,7,3,7,,0,,3.0,-3.04,20,Other,Not Dropout
1,7,0,16,1,12.0,1,6,16,4.0,5.0,0,0,1,1,1,0,17,0,2,5,7,2,7.79,0,1,2,3,1,5.48,0,12.61,-1.0,-1.02,11,Single,Dropout
1,11,1,4,1,16.0,1,3,13,19.0,8.0,0,0,0,1,1,1,21,0,0,7,9,6,16.57,1,0,8,6,5,15.58,0,10.01,3.2,0.31,8,Single,Not Dropout
1,8,1,5,1,12.0,1,5,16,3.0,1.0,1,0,0,1,0,0,20,0,2,4,9,3,15.81,1,0,3,5,3,13.18,0,12.78,-0.66,0.55,10,Single,Not Dropout
1,6,1,5,1,5.0,1,20,15,11.0,12.0,0,0,0,1,0,0,22,0,0,5,7,2,6.56,0,1,4,5,1,5.64,0,7.49,1.66,-2.28,17,Single,Dropout
1,2,1,11,1,13.0,1,7,24,15.0,13.0,0,0,0,1,0,1,20,0,0,5,5,1,7.55,0,0,3,2,1,8.69,2,13.23,-0.69,3.3,15,Single,Not Dropout
1,11,5,2,1,4.0,1,8,24,15.0,7.0,0,1,0,1,0,0,24,0,1,7,6,4,11.33,1,1,6,11,4,13.26,0,11.02,1.07,-0.98,16,Single,Not Dropout
1,16,2,12,1,2.0,1,6,27,14.0,5.0,1,0,0,1,0,0,21,0,0,4,5,2,15.49,0,0,6,7,6,14.17,0,11.3,0.3,2.31,16,Single,Not Dropout
1,9,3,14,1,8.0,1,26,3,9.0,9.0,1,0,0,1,0,0,28,0,0,9,14,6,12.92,1,1,11,13,7,9.86,0,11.6,0.52,-0.92,14,Single,Not Dropout
1,11,4,12,1,9.0,1,26,10,4.0,18.0,0,0,0,1,0,0,27,0,1,6,7,4,12.12,0,0,5,8,3,11.93,0,13.91,-0.04,-0.66,18,Single,Not Dropout
1,11,0,3,1,8.0,1,24,26,1.0,14.0,0,0,0,1,0,0,17,0,0,6,5,3,8.64,0,0,6,5,1,6.95,0,9.34,1.6,4.0,25,Single,Not Dropout
3,7,1,9,1,5.0,1,1,19,6.0,18.0,0,0,0,1,1,1,31,0,1,4,7,2,9.97,2,1,4,6,2,9.68,1,7.0,0.53,0.32,10,Other,Not Dropout
2,3,2,10,1,5.0,1,8,11,19.0,11.0,1,0,0,1,1,0,19,0,0,7,8,3,12.13,0,0,6,4,2,9.25,0,7.0,2.03,-3.89,9,Married,Not Dropout
4,9,2,7,1,15.0,1,26,19,14.0,2.0,1,0,0,1,0,1,17,0,1,8,6,4,6.47,0,1,9,10,1,8.67,0,10.52,1.56,0.19,22,Other,Dropout
1,15,0,8,1,5.0,1,17,14,8.0,2.0,1,0,0,1,0,1,29,0,0,5,6,2,14.92,1,0,7,7,4,11.38,0,17.0,1.11,-0.15,15,Single,Not Dropout
1,6,3,13,1,13.0,1,2,26,10.0,4.0,0,0,0,1,0,0,19,0,0,5,8,4,9.77,0,0,4,5,1,8.96,0,10.48,1.86,-0.94,14,Single,Not Dropout
1,15,1,15,1,5.0,1,8,17,7.0,10.0,0,0,0,1,1,0,24,0,1,6,3,6,15.81,0,0,8,9,7,15.64,0,15.26,1.31,-2.64,12,Single,Not Dropout
3,15,1,6,1,2.0,1,24,13,17.0,4.0,1,0,0,1,0,0,17,0,1,6,8,4,14.0,0,1,5,4,4,13.96,0,9.63,-1.0,-1.44,18,Other,Not Dropout
1,5,3,6,1,2.0,1,26,19,9.0,7.0,1,0,0,1,0,0,21,0,0,5,3,3,10.55,0,0,5,8,2,13.2,0,13.47,1.71,3.57,22,Single,Not Dropout
1,10,5,4,1,4.0,1,13,6,16.0,18.0,1,0,0,1,0,0,22,0,0,7,8,5,14.42,0,0,10,12,8,15.72,0,9.89,0.46,-1.27,9,Single,Not Dropout
1,13,5,7,1,14.0,1,5,23,1.0,1.0,1,0,0,1,1,0,21,0,0,8,8,5,14.87,0,0,10,11,8,13.69,0,7.93,-0.2,0.57,14,Single,Not Dropout
1,9,5,10,1,8.0,1,3,6,10.0,2.0,1,0,0,1,1,0,20,0,0,6,9,3,10.17,0,0,4,10,3,10.79,1,,-0.51,-1.22,4,Single,Not Dropout
1,12,2,13,1,12.0,1,7,1,12.0,8.0,1,0,1,1,0,0,23,0,4,5,8,1,5.69,1,0,6,5,2,7.17,0,12.06,-0.0,-2.5,4,Single,Dropout
1,16,0,5,0,16.0,1,24,2,13.0,15.0,0,0,1,0,1,1,29,0,1,4,2,2,8.2,0,0,2,0,1,10.2,1,12.08,2.01,-1.15,13,Single,Dropout
1,11,1,4,1,1.0,1,24,2,1.0,16.0,1,0,0,1,0,0,17,0,0,11,8,4,13.89,0,1,12,16,4,11.17,3,14.32,-1.0,1.71,13,Single,Not Dropout
2,15,2,1,1,2.0,1,8,3,13.0,6.0,0,0,0,1,0,0,17,0,0,6,4,3,9.69,1,1,6,9,1,,0,12.92,2.0,2.22,5,Married,Not Dropout
1,14,1,2,1,15.0,1,29,2,16.0,6.0,0,0,0,1,0,0,30,0,0,7,9,3,7.98,0,1,8,11,5,9.24,0,14.87,-0.74,-0.93,15,Single,Not Dropout
2,14,1,1,1,10.0,1,26,9,2.0,12.0,1,0,0,1,0,1,19,0,3,3,0,3,14.81,0,0,3,7,3,14.64,0,14.85,1.17,-0.96,17,Married,Not Dropout
1,15,0,4,1,10.0,1,29,28,7.0,17.0,0,1,0,1,1,0,20,0,0,5,5,4,15.28,0,0,5,9,3,16.35,0,11.41,3.77,4.0,28,Single,Not Dropout
1,4,1,12,1,6.0,1,22,3,9.0,4.0,1,0,0,1,0,0,20,0,0,8,11,3,10.7,2,0,8,7,3,9.53,0,7.0,1.69,1.05,12,Single,Not Dropout
1,1,3,14,1,14.0,1,17,20,5.0,17.0,1,0,0,1,0,0,17,0,1,5,7,2,7.06,0,0,8,9,2,5.14,0,10.34,0.43,2.21,18,Single,Dropout
3,3,2,17,1,11.0,1,29,26,9.0,16.0,1,0,0,1,1,0,21,0,0,5,3,2,5.08,0,1,4,6,2,10.9,1,12.78,-1.0,1.38,27,Other,Dropout
1,5,0,10,1,5.0,1,20,24,17.0,6.0,1,0,1,1,1,0,21,0,0,7,8,6,13.75,0,1,6,4,5,14.51,0,11.82,1.57,3.18,22,Single,Not Dropout
1,12,3,8,1,11.0,1,25,11,18.0,13.0,0,0,0,1,0,1,26,0,0,5,4,4,15.76,0,1,7,7,5,14.33,1,16.0,0.06,-0.1,18,Single,Not Dropout
1,9,5,16,1,1.0,1,12,2,12.0,12.0,0,0,0,1,0,1,20,0,0,7,7,1,8.84,0,0,6,11,3,7.05,0,14.95,0.17,0.56,7,Single,Not Dropout
1,8,2,3,1,4.0,1,7,11,17.0,1.0,0,1,0,1,1,1,17,0,2,5,5,2,6.99,0,0,6,5,1,9.31,0,13.16,4.0,-0.66,9,Single,Dropout
1,1,1,11,1,4.0,1,17,18,16.0,8.0,0,0,0,0,0,0,17,0,0,6,6,3,11.46,1,1,6,8,2,8.79,0,12.2,1.06,-2.54,17,Single,Dropout
1,12,1,14,1,13.0,1,12,22,2.0,5.0,0,0,0,1,0,0,30,0,1,7,8,7,16.37,0,0,6,7,6,18.47,0,10.72,-0.17,-0.83,17,Single,Not Dropout
4,7,2,9,1,12.0,1,11,5,8.0,2.0,0,0,0,1,0,0,18,0,0,5,5,3,14.19,0,1,6,8,3,13.82,0,13.46,0.78,-4.34,8,Other,Not Dropout
1,13,1,5,1,,1,21,9,17.0,9.0,0,0,0,1,1,1,26,0,1,4,4,2,9.54,1,1,4,3,2,8.32,0,11.39,-0.08,-1.77,15,Single,Not Dropout
1,2,5,11,0,15.0,1,18,18,9.0,14.0,0,0,0,1,0,0,19,0,0,6,9,2,13.37,0,0,6,8,3,13.15,1,8.6,0.77,0.89,18,Single,Not Dropout
1,6,5,17,0,14.0,1,10,21,12.0,11.0,1,0,0,1,0,1,28,0,2,5,6,2,4.16,1,1,5,3,2,4.88,0,14.51,0.41,2.79,15,Single,Dropout
2,1,2,5,1,7.0,1,8,10,8.0,2.0,1,0,0,0,0,0,24,0,0,5,4,3,8.2,0,0,6,6,2,10.04,0,7.0,1.52,-2.43,9,Married,Dropout
2,5,5,10,1,4.0,1,16,24,1.0,16.0,1,0,0,1,0,1,17,0,0,6,7,4,13.03,0,0,4,5,3,15.76,0,9.68,0.62,1.64,20,Married,Not Dropout
1,16,5,1,1,7.0,1,10,24,11.0,2.0,1,0,0,1,1,0,17,0,0,6,4,4,11.96,0,0,7,8,4,13.12,1,10.44,3.22,-0.52,17,Single,Not Dropout
4,9,0,4,0,10.0,1,7,11,8.0,8.0,0,0,0,1,1,0,17,0,2,8,9,6,12.62,0,0,6,9,2,10.19,0,9.04,2.69,-0.28,9,Other,Not Dropout
1,8,2,14,1,11.0,1,7,16,15.0,11.0,0,0,0,1,1,0,28,0,1,5,7,3,10.55,0,0,4,3,3,12.47,0,,0.0,2.12,11,Single,Not Dropout
2,5,3,9,1,6.0,1,20,14,17.0,18.0,0,0,0,0,0,0,17,0,0,6,9,2,6.31,0,1,7,10,2,8.49,0,11.95,0.39,1.14,17,Married,Dropout
4,5,2,4,1,2.0,1,13,20,2.0,,1,0,0,1,1,0,21,0,1,9,11,4,8.23,1,0,10,14,5,12.58,0,10.25,-0.07,-2.66,16,Other,Not Dropout
1,12,2,6,1,10.0,1,10,10,7.0,4.0,1,0,0,0,0,0,23,0,0,7,6,2,6.36,0,0,6,6,2,10.04,0,12.78,1.33,-0.48,10,Single,Dropout
1,17,2,3,1,,1,4,10,8.0,9.0,1,0,0,1,0,0,24,0,1,8,8,2,8.96,0,0,9,7,5,10.0,0,11.73,2.3,-0.82,7,Single,Not Dropout
1,13,4,14,1,5.0,1,2,13,13.0,17.0,0,0,0,1,0,0,20,0,0,6,9,4,9.33,1,1,6,6,2,11.56,1,11.67,0.89,1.7,7,Single,Not Dropout
1,13,1,17,1,11.0,1,21,7,8.0,5.0,0,0,0,0,1,0,17,0,0,8,8,5,6.43,1,2,6,9,2,10.77,1,13.08,3.09,2.15,14,Single,Not Dropout
2,9,3,2,1,10.0,1,29,17,11.0,18.0,0,0,0,0,1,0,17,0,0,6,7,3,8.97,1,0,5,9,3,11.63,0,8.99,2.18,1.36,23,Married,Not Dropout
1,2,1,5,1,9.0,1,10,28,18.0,11.0,0,0,0,1,0,0,17,0,1,4,6,3,13.72,0,0,2,2,1,12.49,0,7.0,2.16,-0.21,19,Single,Not Dropout
1,13,5,15,1,1.0,1,25,11,12.0,12.0,1,0,0,1,0,0,17,0,0,7,11,3,12.25,1,0,7,8,4,11.68,0,13.38,3.13,-1.99,18,Single,Not Dropout
3,14,0,15,1,5.0,1,18,25,2.0,,1,0,0,1,0,0,26,0,1,7,8,3,11.6,0,1,7,9,4,11.2,0,11.0,1.51,-1.32,21,Other,Not Dropout
1,9,0,14,1,6.0,1,9,14,10.0,19.0,0,0,0,1,0,1,26,0,0,6,6,3,8.36,0,1,7,10,3,6.82,0,12.75,1.82,-0.04,11,Single,Not Dropout
1,2,0,13,1,14.0,1,17,5,17.0,14.0,1,0,0,0,0,0,17,0,3,5,10,1,4.1,0,0,3,5,0,4.01,1,7.0,1.7,0.64,11,Single,Dropout
1,13,2,15,1,14.0,1,4,15,10.0,8.0,1,0,0,1,0,0,31,0,0,9,14,3,10.77,0,1,10,14,5,12.94,0,9.95,1.08,-0.55,9,Single,Not Dropout
1,16,3,7,1,14.0,8,10,15,19.0,12.0,1,0,0,1,1,0,22,0,1,8,9,3,8.82,0,0,9,12,5,7.04,2,11.02,0.23,2.73,12,Single,Dropout
1,4,5,16,1,8.0,1,22,1,18.0,14.0,0,0,0,1,1,0,28,0,1,5,6,2,9.94,0,0,7,8,5,12.32,0,11.87,2.57,1.78,11,Single,Not Dropout
1,3,2,16,1,6.0,15,25,14,6.0,12.0,0,0,0,0,0,1,28,0,1,9,12,2,8.82,0,0,8,10,2,9.04,0,14.17,0.36,3.74,19,Single,Not Dropout
1,13,1,4,1,8.0,1,7,5,8.0,1.0,1,0,0,1,1,0,22,0,1,9,11,1,1.69,0,0,8,9,1,6.21,0,9.84,1.02,-2.45,6,Single,Dropout
1,6,2,2,1,13.0,1,27,24,4.0,,1,0,0,1,1,0,17,0,0,6,7,3,10.28,0,0,5,7,2,8.85,0,7.0,2.8,1.76,25,Single,Not Dropout
1,13,0,9,1,10.0,1,18,16,4.0,6.0,0,0,1,1,0,0,24,0,2,5,7,3,15.03,0,0,5,3,4,16.24,1,9.04,3.85,2.5,17,Single,Not Dropout
1,12,2,13,1,10.0,1,7,9,7.0,13.0,1,0,0,1,1,0,26,0,0,7,7,4,11.1,0,0,7,7,5,11.02,0,10.6,3.73,-1.83,8,Single,Not Dropout
1,5,4,15,1,7.0,1,23,1,8.0,11.0,0,0,0,1,0,0,19,0,2,6,9,2,6.86,0,0,6,8,2,6.25,0,12.55,2.16,0.69,12,Single,Dropout
1,1,0,3,1,12.0,1,26,17,7.0,3.0,0,0,0,0,1,1,24,0,1,11,13,6,8.83,0,0,10,13,7,10.25,0,12.4,1.55,0.1,21,Single,Not Dropout
1,10,4,7,0,14.0,1,8,21,14.0,17.0,1,0,0,1,0,0,23,0,0,4,6,2,,0,0,5,8,1,11.77,0,8.45,2.57,-0.31,14,Single,Dropout
1,7,1,14,1,11.0,1,4,13,3.0,2.0,1,0,0,1,1,0,17,0,0,9,10,5,10.98,0,0,10,6,6,12.26,0,14.09,0.35,-2.17,8,Single,Not Dropout
1,15,4,2,1,,1,9,27,10.0,19.0,1,0,0,1,0,0,22,0,0,6,6,3,7.75,0,2,6,9,2,8.14,0,7.48,1.25,-0.76,18,Single,Dropout
1,7,4,13,1,14.0,1,22,6,17.0,18.0,1,0,0,1,1,0,20,0,0,6,3,0,3.1,1,0,9,10,0,3.57,0,17.0,3.66,-1.39,14,Single,Dropout
3,5,4,5,1,16.0,1,2,22,14.0,12.0,1,0,0,1,1,0,25,0,0,5,2,4,8.39,1,0,3,1,2,13.58,0,10.92,1.43,1.97,12,Other,Not Dropout
1,15,4,1,0,13.0,1,9,15,4.0,19.0,1,0,0,0,0,1,19,0,0,7,5,7,14.11,0,0,6,6,5,13.87,0,8.41,1.3,3.13,12,Single,Not Dropout
1,13,4,5,0,15.0,1,10,10,5.0,17.0,1,0,0,1,0,0,19,0,1,5,8,2,10.2,0,1,4,2,2,11.55,1,10.31,1.14,-1.91,10,Single,Not Dropout
1,11,1,13,1,5.0,1,1,9,18.0,18.0,0,0,1,1,0,0,17,0,0,6,6,1,8.18,0,1,5,7,1,8.35,0,8.9,3.29,1.68,5,Single,Dropout
1,17,0,15,0,7.0,1,18,14,12.0,16.0,1,0,0,1,0,0,36,0,1,4,3,4,14.8,0,0,4,4,4,17.28,0,9.08,1.6,0.29,16,Single,Not Dropout
1,14,2,2,1,4.0,1,24,3,17.0,18.0,1,0,0,1,0,0,20,0,1,3,4,2,16.67,0,0,3,3,3,18.76,0,13.39,0.07,0.75,13,Single,Not Dropout
1,15,3,8,0,6.0,1,5,19,17.0,15.0,1,0,0,1,0,0,17,0,1,6,5,2,7.56,0,0,6,12,4,8.2,0,14.21,0.63,-0.78,12,Single,Not Dropout
2,14,3,4,1,12.0,1,26,12,9.0,17.0,0,0,0,1,0,0,27,0,0,9,9,5,9.72,1,0,12,14,6,11.32,1,,1.44,-1.52,19,Married,Not Dropout
1,7,4,12,1,11.0,1,28,20,11.0,3.0,1,0,0,1,0,0,24,0,1,7,9,5,12.37,0,1,5,8,2,14.79,1,10.97,-0.4,3.11,24,Single,Not Dropout
1,2,1,14,1,1.0,1,26,15,7.0,9.0,1,0,0,1,1,0,26,0,1,6,6,5,13.15,0,0,6,7,4,12.05,0,8.28,1.09,-0.99,20,Single,Not Dropout
1,11,5,17,1,13.0,1,21,29,13.0,10.0,0,0,0,1,0,0,27,0,0,11,11,6,6.89,0,1,12,13,3,9.7,1,14.23,0.43,1.78,25,Single,Dropout
1,14,2,7,1,4.0,1,13,3,13.0,18.0,0,0,1,1,0,0,30,0,1,2,3,1,11.97,0,1,0,1,0,13.8,0,10.09,-0.71,1.58,8,Single,Not Dropout
1,17,1,6,1,3.0,15,6,15,13.0,10.0,0,0,0,1,1,0,17,0,1,7,5,2,8.22,0,0,8,11,2,5.91,0,14.0,1.61,-0.27,10,Single,Not Dropout
1,12,4,6,1,9.0,1,27,16,17.0,9.0,0,0,0,1,1,0,24,0,0,5,7,3,11.73,1,0,7,10,5,13.72,0,11.99,2.25,1.32,21,Single,Not Dropout
3,10,0,13,1,4.0,1,16,8,15.0,15.0,1,0,0,1,1,0,17,0,0,6,10,4,17.74,1,0,6,7,5,19.18,1,10.14,2.78,-0.8,12,Other,Not Dropout
1,10,2,8,1,16.0,1,14,20,2.0,13.0,1,0,0,1,0,0,21,1,0,5,5,3,11.21,1,0,4,3,2,15.29,0,8.6,1.19,0.98,17,Single,Not Dropout
1,2,4,1,1,3.0,1,12,11,7.0,12.0,1,0,0,1,0,0,27,0,0,5,6,2,6.74,1,0,4,8,2,4.85,1,15.93,0.63,-3.6,11,Single,Dropout
1,1,4,17,1,3.0,1,7,23,11.0,18.0,0,0,0,1,0,1,18,0,0,7,6,7,,0,0,7,8,4,16.13,0,12.79,0.91,-1.12,15,Single,Not Dropout
1,1,1,2,1,13.0,1,12,27,12.0,16.0,0,0,1,1,0,0,36,0,0,6,6,2,10.96,0,0,6,3,3,9.46,0,,3.57,0.17,19,Single,Dropout
3,16,0,16,1,5.0,1,24,25,17.0,14.0,0,0,0,1,0,1,23,0,0,5,8,3,11.5,0,0,6,12,4,14.83,0,14.24,-0.07,-3.22,24,Other,Not Dropout
1,14,0,3,1,12.0,1,17,19,8.0,19.0,1,0,0,1,0,0,17,0,1,4,5,2,8.54,0,0,3,5,2,9.22,0,11.98,1.11,-2.37,18,Single,Dropout
1,5,0,10,1,11.0,1,12,21,16.0,1.0,0,1,0,1,0,0,27,0,0,8,10,5,9.75,0,0,9,10,4,6.71,0,10.47,0.19,-3.23,16,Single,Dropout
1,8,4,6,1,4.0,1,4,26,8.0,11.0,0,0,1,1,1,0,36,0,1,6,8,3,7.3,1,0,6,3,3,11.9,0,7.62,2.53,1.23,15,Single,Dropout
3,9,4,12,1,10.0,1,13,29,3.0,1.0,1,0,0,1,0,0,17,0,0,4,5,0,2.53,0,0,7,10,0,2.26,0,8.08,0.46,-2.71,21,Other,Dropout
1,5,3,7,1,9.0,1,7,21,10.0,16.0,1,0,0,1,0,0,27,0,0,3,6,1,7.71,1,0,2,0,1,10.56,0,13.63,-1.0,-2.25,14,Single,Dropout
1,8,3,7,1,2.0,1,12,27,3.0,3.0,1,0,0,1,0,0,17,0,0,7,4,6,17.93,0,0,9,14,9,19.54,0,9.94,0.56,-1.05,19,Single,Not Dropout
2,6,1,9,1,13.0,1,5,28,8.0,11.0,1,0,0,1,0,0,23,0,1,6,5,0,3.45,0,0,5,2,0,0.0,0,9.0,1.46,1.72,16,Married,Dropout
1,12,1,17,1,14.0,1,28,6,5.0,15.0,0,0,0,1,0,0,17,0,0,7,7,2,,0,0,5,8,1,6.52,0,13.31,2.42,-5.0,17,Single,Dropout
1,13,0,5,1,16.0,1,6,15,1.0,12.0,1,0,0,1,1,0,28,0,0,11,12,9,16.87,1,0,11,15,9,19.6,0,10.54,2.7,-0.96,10,Single,Not Dropout
1,2,4,4,1,2.0,1,4,11,13.0,2.0,0,0,0,1,0,0,21,0,0,8,8,4,10.61,0,1,7,9,3,6.34,1,10.24,-0.05,2.28,7,Single,Dropout
1,8,0,2,0,3.0,1,20,28,15.0,10.0,1,0,0,1,0,0,30,0,0,6,7,2,,0,2,6,7,2,,0,7.82,0.59,-1.88,24,Single,Not Dropout
1,17,0,13,1,14.0,1,10,22,3.0,15.0,1,0,0,1,0,0,17,0,1,3,7,2,9.05,2,0,4,6,3,6.92,0,8.37,1.05,0.63,16,Single,Not Dropout
2,15,4,12,1,5.0,1,29,26,12.0,19.0,0,0,1,1,0,0,22,0,0,9,8,3,5.62,0,0,8,5,1,4.02,1,11.45,1.04,1.1,27,Married,Dropout
1,14,3,11,1,11.0,1,12,11,10.0,18.0,0,0,0,1,1,0,17,0,2,6,10,3,15.18,1,1,5,5,4,12.52,0,11.19,-1.0,-3.27,11,Single,Not Dropout
1,13,2,1,1,6.0,1,19,25,3.0,16.0,0,0,0,1,0,0,39,0,0,11,12,6,10.55,1,1,12,14,5,8.74,0,10.46,1.01,-0.69,22,Single,Not Dropout
4,1,1,14,1,4.0,1,25,3,,6.0,0,0,0,0,0,0,35,0,1,5,6,3,7.91,0,0,4,7,2,10.92,0,15.5,0.11,-1.33,14,Other,Dropout
2,17,0,14,1,10.0,1,29,28,5.0,15.0,0,0,0,1,0,0,36,0,0,4,5,3,16.04,0,0,2,5,1,13.55,0,11.37,2.11,0.34,28,Married,Not Dropout
2,13,2,17,1,4.0,1,24,7,16.0,4.0,1,0,0,0,0,0,32,0,0,9,11,2,8.04,0,0,10,9,3,5.76,0,12.36,3.51,1.11,15,Married,Dropout
1,16,2,16,1,3.0,14,17,16,12.0,7.0,0,0,0,1,0,0,19,0,0,7,10,4,10.16,0,0,7,10,3,9.96,0,8.13,2.0,0.61,16,Single,Not Dropout
6,16,3,5,0,9.0,1,24,21,3.0,6.0,1,0,0,1,0,0,23,0,0,9,8,3,10.38,0,0,9,11,3,8.66,1,10.97,0.62,1.23,22,Other,Dropout
1,5,0,13,1,4.0,1,9,22,10.0,10.0,0,0,0,1,0,0,25,0,0,4,4,2,6.32,0,0,3,0,1,9.48,2,10.8,1.01,-1.8,15,Single,Dropout
1,1,1,7,1,4.0,1,26,7,3.0,17.0,0,0,0,1,0,0,25,0,0,4,6,4,16.97,0,0,5,3,5,18.85,0,9.98,3.45,-0.61,16,Single,Not Dropout
1,12,0,11,1,13.0,1,26,17,14.0,17.0,1,0,0,1,0,0,17,0,0,4,3,3,8.96,0,0,5,8,3,12.75,1,16.89,-1.0,1.46,21,Single,Not Dropout
2,8,2,6,1,9.0,1,12,16,6.0,17.0,1,0,0,1,1,0,17,0,1,1,0,1,14.45,0,0,0,1,0,16.0,0,10.9,1.48,1.01,14,Married,Not Dropout
3,1,1,12,1,9.0,1,2,23,10.0,18.0,0,0,0,0,1,0,17,0,0,5,7,3,12.42,0,0,8,11,4,9.58,1,12.11,2.22,-3.52,12,Other,Not Dropout
1,5,1,17,1,3.0,1,20,10,14.0,1.0,1,0,0,1,1,0,20,0,0,3,2,1,10.72,1,1,1,6,0,4.81,0,12.91,2.91,0.58,15,Single,Dropout
1,17,3,12,1,3.0,1,3,23,17.0,19.0,0,0,0,1,0,0,21,0,0,6,9,0,0.45,1,0,5,9,0,2.31,1,11.02,-1.0,-2.87,13,Single,Dropout
1,7,2,16,1,7.0,1,1,18,10.0,17.0,0,0,0,1,0,0,20,0,0,6,6,2,9.12,0,2,5,5,2,9.53,0,11.36,-0.01,-2.57,9,Single,Not Dropout
1,5,1,16,1,7.0,1,28,22,2.0,14.0,1,0,0,1,0,0,25,0,0,5,8,2,5.73,0,0,3,3,1,2.48,0,13.51,0.57,2.15,25,Single,Dropout
1,12,4,3,1,8.0,1,17,26,5.0,2.0,0,0,0,0,1,0,17,0,0,7,9,4,,1,0,6,7,4,12.22,0,7.89,0.86,1.65,21,Single,Not Dropout
1,12,2,17,1,3.0,1,19,13,12.0,14.0,0,0,0,1,0,0,18,0,0,7,7,2,7.19,0,0,6,8,2,9.93,0,15.48,0.42,-1.49,16,Single,Dropout
1,6,2,14,0,15.0,1,26,13,1.0,13.0,1,0,1,1,0,0,18,0,0,9,8,7,13.77,1,1,9,12,5,14.67,0,12.4,0.74,0.23,19,Single,Not Dropout
2,15,2,8,1,6.0,1,27,24,8.0,2.0,1,0,0,1,1,0,28,0,1,10,11,10,18.7,2,0,9,7,9,15.61,0,15.34,0.92,0.94,25,Married,Not Dropout
1,10,0,11,1,14.0,1,28,23,7.0,4.0,0,0,0,1,0,0,24,0,1,7,8,7,20.0,0,0,8,9,8,20.0,0,13.14,1.04,-1.84,25,Single,Not Dropout
2,3,2,11,1,7.0,1,4,26,6.0,15.0,0,0,0,1,0,1,25,0,0,7,7,4,13.4,0,0,7,10,3,11.06,0,7.0,0.91,-4.78,15,Married,Not Dropout
1,6,3,14,1,8.0,1,10,16,19.0,4.0,0,0,0,1,0,1,17,0,0,7,5,4,9.94,0,0,8,12,4,8.93,0,9.16,1.93,0.59,13,Single,Not Dropout
1,15,0,14,1,2.0,1,23,19,18.0,7.0,0,0,0,0,0,0,23,0,0,10,11,5,9.01,0,1,10,14,5,8.42,0,,2.84,3.08,21,Single,Dropout
1,2,3,2,1,11.0,1,1,2,18.0,12.0,0,0,0,0,0,0,18,0,1,4,8,2,7.78,0,0,5,3,3,8.09,0,7.59,3.49,-1.38,1,Single,Dropout
1,1,0,1,1,1.0,7,7,14,17.0,17.0,1,0,0,1,1,1,19,0,0,5,6,2,9.56,0,0,5,3,2,6.04,0,10.96,0.95,-0.13,10,Single,Not Dropout
1,12,3,5,1,12.0,1,15,8,17.0,6.0,1,0,0,1,1,0,25,0,2,4,4,4,16.57,0,0,5,7,4,15.39,0,8.33,2.84,2.19,11,Single,Not Dropout
1,8,0,9,1,15.0,13,10,25,4.0,1.0,0,0,0,0,1,1,19,0,0,5,6,2,10.64,0,0,4,9,1,9.25,0,10.62,1.48,2.93,17,Single,Dropout
1,5,1,15,1,6.0,1,6,4,8.0,17.0,1,1,0,1,0,0,22,0,2,6,8,6,18.5,0,0,7,9,7,16.79,0,,-0.36,0.81,5,Single,Not Dropout
1,9,2,12,1,15.0,1,27,23,2.0,18.0,0,0,0,1,1,0,21,0,3,5,4,1,,0,0,5,6,2,4.95,1,10.91,0.08,-1.05,25,Single,Dropout
1,4,3,3,1,12.0,1,13,25,16.0,17.0,1,0,0,1,0,1,17,0,0,7,7,4,11.44,1,1,7,6,4,9.22,0,14.5,2.57,0.26,19,Single,Not Dropout
1,7,4,13,1,1.0,1,12,14,17.0,10.0,1,1,0,1,0,0,20,0,0,7,8,1,4.92,0,0,9,9,1,4.07,0,9.46,2.35,-0.74,13,Single,Dropout
1,4,2,8,1,4.0,1,20,20,1.0,14.0,0,0,0,1,1,1,20,0,1,6,6,3,11.09,0,1,6,5,4,13.32,1,11.97,2.9,-0.79,20,Single,Not Dropout
1,10,0,7,1,11.0,1,20,17,4.0,3.0,1,0,0,0,0,1,21,0,1,7,6,2,12.15,0,0,7,8,3,10.29,1,9.07,1.54,1.2,18,Single,Not Dropout
1,12,2,14,1,,1,15,20,4.0,13.0,1,0,0,1,0,0,17,0,0,9,11,8,10.27,0,1,11,11,5,12.9,1,12.82,-0.51,0.83,17,Single,Not Dropout
1,16,4,6,1,2.0,1,26,20,18.0,12.0,0,1,0,1,0,0,19,0,2,7,4,2,7.81,1,0,7,9,5,6.25,0,,3.75,0.88,23,Single,Not Dropout
1,2,0,11,1,11.0,1,9,8,16.0,13.0,0,0,0,1,0,0,28,0,1,4,4,3,11.79,0,1,4,8,3,15.0,0,12.49,1.27,-0.6,8,Single,Not Dropout
1,6,4,4,1,13.0,1,26,20,6.0,14.0,1,0,1,0,0,0,26,1,0,5,5,3,14.34,1,1,3,3,2,11.28,0,7.0,0.59,3.05,23,Single,Not Dropout
3,5,2,7,1,2.0,1,26,27,1.0,17.0,1,0,0,1,1,1,21,0,0,5,5,2,12.9,1,0,4,4,2,13.7,0,7.93,-0.44,-1.69,26,Other,Not Dropout
1,10,0,10,1,15.0,1,1,10,8.0,15.0,0,0,0,1,0,0,17,0,0,9,13,4,9.77,0,0,10,10,4,7.26,0,12.73,0.07,-3.72,5,Single,Not Dropout
1,10,4,11,1,9.0,1,22,9,12.0,1.0,1,0,0,1,0,0,24,0,1,5,5,5,13.48,0,0,5,10,3,9.92,0,14.68,2.08,-1.35,15,Single,Not Dropout
1,15,0,16,1,10.0,1,5,9,1.0,14.0,1,0,0,0,0,1,29,0,1,4,7,1,11.01,1,0,3,2,2,9.73,0,13.95,1.05,0.79,7,Single,Dropout
1,16,2,5,1,1.0,1,15,27,9.0,14.0,1,0,0,1,1,0,32,0,0,4,5,4,16.3,0,0,3,4,3,15.61,0,12.03,-1.0,-0.43,21,Single,Not Dropout
1,14,1,16,1,10.0,1,27,26,11.0,11.0,0,0,0,0,0,0,20,0,0,5,7,4,9.76,1,0,4,3,2,14.97,0,9.74,0.27,-2.2,26,Single,Not Dropout
2,4,3,14,1,8.0,1,6,11,19.0,12.0,1,0,0,1,0,0,17,0,0,5,5,2,11.54,0,0,5,2,3,12.23,0,8.16,-0.06,2.73,8,Married,Not Dropout
1,1,0,7,1,6.0,1,17,28,4.0,2.0,0,0,0,1,0,1,26,0,0,5,7,1,10.82,0,2,6,6,4,9.54,0,10.99,0.22,-4.21,22,Single,Not Dropout
1,16,0,3,1,13.0,1,23,23,4.0,,1,0,0,1,1,1,25,0,0,8,8,2,7.12,1,1,7,8,1,7.01,0,8.61,1.4,-0.36,23,Single,Dropout
1,17,3,5,1,4.0,1,14,12,9.0,17.0,0,0,0,1,1,0,23,0,0,6,6,4,12.05,0,0,5,4,3,10.16,0,10.18,-1.0,-0.18,13,Single,Not Dropout
1,5,5,12,1,,1,3,24,7.0,1.0,1,0,0,0,0,0,19,0,2,6,6,3,16.63,0,0,4,3,4,11.64,0,12.57,1.29,4.0,13,Single,Not Dropout
1,1,0,14,1,,1,2,27,18.0,19.0,1,1,0,1,0,1,17,0,1,8,7,4,6.74,0,0,10,9,3,7.38,0,9.85,4.0,1.91,14,Single,Not Dropout
1,12,2,11,1,12.0,1,16,26,15.0,5.0,0,0,0,1,0,0,27,0,0,8,9,6,,0,3,8,8,5,16.25,0,10.25,0.14,1.08,21,Single,Not Dropout
1,11,4,13,1,3.0,1,1,14,5.0,15.0,1,0,0,1,1,1,28,0,2,5,8,3,12.98,0,0,6,7,6,11.62,1,10.84,3.01,4.0,7,Single,Not Dropout
4,16,1,2,1,16.0,1,1,7,7.0,5.0,0,0,0,1,0,1,21,0,0,8,8,1,8.41,0,2,7,11,0,5.67,0,12.54,0.44,1.45,4,Other,Dropout
1,10,2,9,0,11.0,1,28,5,13.0,1.0,0,0,1,1,0,1,33,0,2,6,5,2,7.99,2,0,6,9,2,7.84,0,10.54,-0.64,1.89,16,Single,Dropout
6,13,5,15,1,15.0,1,16,24,17.0,12.0,1,0,0,1,1,0,24,0,0,5,10,5,16.29,0,0,4,5,4,19.95,1,14.54,-1.0,-1.03,20,Other,Not Dropout
1,14,4,7,1,8.0,1,14,22,4.0,,0,0,0,1,0,1,22,0,0,8,8,6,11.5,1,0,9,7,6,10.1,0,13.43,2.69,2.79,18,Single,Not Dropout
2,1,1,16,1,2.0,1,3,21,6.0,2.0,0,0,0,1,0,0,17,0,0,7,9,2,8.63,0,0,8,7,3,6.69,0,14.59,1.62,-2.05,12,Married,Dropout
1,3,4,3,0,3.0,1,23,2,12.0,6.0,1,0,0,1,0,0,17,0,0,7,8,3,9.13,0,0,8,10,4,10.08,1,12.39,-1.0,-1.3,12,Single,Dropout
1,14,4,17,1,9.0,1,15,28,17.0,6.0,1,0,0,1,0,0,20,0,0,6,9,4,14.07,0,1,5,11,2,10.47,0,15.46,1.23,3.44,21,Single,Not Dropout
5,4,3,14,1,10.0,1,7,4,6.0,19.0,0,0,0,0,0,0,25,0,0,6,7,4,12.0,1,0,6,7,4,15.94,0,11.91,-0.99,-0.08,5,Other,Not Dropout
1,4,2,11,1,12.0,1,22,17,9.0,6.0,1,0,0,1,1,0,37,0,0,5,6,3,11.13,0,0,4,2,2,9.17,0,12.74,4.0,0.39,19,Single,Dropout
2,13,5,11,1,13.0,1,7,28,13.0,2.0,0,0,0,1,0,1,23,0,0,6,7,2,,0,1,6,8,3,2.49,0,7.21,1.16,3.85,17,Married,Not Dropout
1,4,5,16,1,13.0,1,15,8,9.0,19.0,1,0,1,1,0,0,27,0,1,6,6,1,4.42,0,0,7,10,1,6.06,0,12.41,0.63,-1.39,11,Single,Dropout
1,3,5,7,1,10.0,1,17,16,15.0,2.0,0,0,0,0,1,0,18,0,0,7,8,2,7.01,0,0,7,9,2,6.45,0,,0.61,0.13,16,Single,Dropout
1,1,4,3,1,1.0,1,9,25,10.0,10.0,1,0,0,0,0,0,24,0,1,9,8,4,6.53,0,0,9,10,4,6.43,0,12.48,1.69,-3.02,17,Single,Dropout
1,8,2,16,0,9.0,1,26,8,17.0,4.0,1,0,1,1,0,0,23,0,1,6,8,5,14.68,0,0,5,4,2,13.34,0,13.64,0.63,1.71,17,Single,Not Dropout
3,11,0,2,0,14.0,1,21,3,12.0,5.0,0,0,1,1,0,0,17,1,0,8,14,5,15.18,1,1,7,6,4,9.43,2,12.27,-0.38,1.73,12,Other,Not Dropout
2,13,0,12,0,14.0,1,9,14,18.0,15.0,1,0,0,1,0,0,31,0,0,7,6,5,18.72,0,0,6,8,6,17.45,1,11.16,1.92,0.74,11,Married,Not Dropout
1,16,5,5,1,14.0,1,5,24,17.0,3.0,1,0,0,1,1,0,22,1,1,8,10,2,6.02,0,1,7,6,2,7.05,1,14.83,-0.1,-1.62,14,Single,Dropout
1,12,2,16,1,1.0,1,10,17,5.0,13.0,0,0,0,1,1,0,30,0,0,9,10,7,11.19,0,0,10,12,8,11.87,1,8.59,2.46,0.99,13,Single,Not Dropout
1,13,0,17,1,7.0,1,14,13,18.0,11.0,1,0,0,1,1,0,23,0,1,5,4,3,13.47,0,2,4,3,2,12.25,0,13.43,2.96,-1.55,13,Single,Not Dropout
1,4,1,9,1,10.0,1,16,19,,14.0,1,0,0,1,0,0,21,0,0,3,6,1,7.56,1,0,3,6,1,5.83,0,11.35,0.68,-2.92,17,Single,Dropout
1,6,0,10,1,4.0,1,12,2,6.0,4.0,0,0,0,1,1,0,18,0,0,4,4,3,12.83,2,0,5,5,5,12.35,0,12.52,-1.0,2.09,7,Single,Not Dropout
1,6,3,8,1,7.0,1,2,11,1.0,7.0,0,0,0,0,1,1,21,0,0,8,8,6,17.13,0,0,8,9,8,18.24,0,10.05,0.76,0.36,6,Single,Not Dropout
1,2,3,8,0,2.0,1,20,26,2.0,1.0,1,0,0,1,1,0,32,0,0,7,11,3,9.11,1,1,10,12,7,10.07,0,12.98,1.13,-0.78,23,Single,Not Dropout
2,17,2,16,1,4.0,1,11,12,14.0,17.0,0,0,0,1,0,0,18,0,0,5,5,2,6.57,1,2,6,9,2,8.92,0,8.88,-0.8,1.3,11,Married,Not Dropout
1,5,4,5,1,1.0,1,10,28,3.0,19.0,0,0,0,1,0,0,27,0,0,9,12,7,19.54,0,1,9,12,7,16.3,1,10.41,-1.0,-2.62,19,Single,Not Dropout
1,8,2,17,1,16.0,1,17,16,4.0,9.0,1,0,0,1,0,0,21,0,1,6,8,3,11.92,2,0,4,5,2,13.6,0,12.11,-1.0,1.99,16,Single,Not Dropout
1,7,5,12,1,14.0,1,25,28,8.0,11.0,0,0,0,0,0,0,27,0,1,6,7,2,8.43,1,0,7,8,2,4.18,0,,2.81,1.3,26,Single,Dropout
2,1,4,17,1,7.0,1,1,19,16.0,3.0,1,0,0,1,0,0,24,0,0,6,8,3,9.94,0,0,5,4,4,11.1,0,14.2,2.32,-3.15,10,Married,Not Dropout
1,16,0,11,1,1.0,3,28,13,16.0,17.0,0,0,0,1,1,0,17,0,0,9,12,4,10.23,0,0,8,8,4,11.45,0,14.12,-0.7,2.56,20,Single,Not Dropout
1,4,1,14,1,6.0,1,19,27,19.0,15.0,0,0,0,1,0,0,24,0,0,5,6,2,8.38,0,0,4,8,1,8.85,0,9.9,2.66,4.0,23,Single,Not Dropout
1,2,4,9,1,7.0,1,16,8,2.0,3.0,1,0,0,1,1,0,36,0,0,9,9,3,6.05,0,1,8,9,4,10.48,0,,1.46,3.03,12,Single,Dropout
2,6,3,8,0,3.0,1,2,12,3.0,11.0,1,0,0,1,1,0,25,0,3,7,10,3,7.9,0,0,7,7,2,8.24,0,10.05,1.7,2.75,7,Married,Dropout
1,3,4,5,1,11.0,1,21,21,8.0,4.0,1,0,1,1,0,1,29,0,1,9,16,7,14.75,0,1,8,11,7,11.3,0,,-1.0,-0.19,21,Single,Not Dropout
1,17,2,4,1,16.0,1,21,26,6.0,12.0,1,0,0,1,1,0,25,0,2,8,6,5,10.59,0,0,8,9,4,10.87,0,7.0,0.13,-3.92,23,Single,Not Dropout
1,4,0,1,1,14.0,1,17,6,2.0,13.0,0,0,0,1,0,0,28,0,0,7,6,4,11.25,0,1,10,7,7,11.32,0,13.53,2.7,-0.24,11,Single,Not Dropout
1,6,4,7,1,14.0,1,24,29,,8.0,0,0,0,1,0,0,19,0,0,8,7,6,10.83,1,0,8,7,6,17.27,0,13.68,-1.0,-0.32,26,Single,Not Dropout
1,5,4,17,1,14.0,1,25,13,9.0,9.0,0,0,0,1,0,0,22,0,0,6,6,3,10.87,1,0,8,7,4,10.42,1,9.74,3.48,-0.46,19,Single,Not Dropout
1,1,3,16,1,2.0,1,25,10,9.0,14.0,1,0,0,1,0,1,28,0,1,5,4,2,6.42,0,0,5,4,1,8.31,0,12.53,2.14,-1.0,17,Single,Dropout
1,1,2,12,1,9.0,1,10,4,1.0,3.0,1,0,0,1,0,0,21,0,0,7,9,6,13.04,1,1,7,7,5,13.69,0,9.86,0.83,0.69,7,Single,Not Dropout
1,9,0,7,1,10.0,1,20,1,9.0,1.0,0,0,0,1,0,0,29,0,0,6,4,3,8.45,0,2,3,5,1,9.78,0,9.78,-0.27,-1.3,10,Single,Not Dropout
1,4,4,9,1,2.0,1,2,17,9.0,8.0,1,0,0,1,0,0,17,0,0,9,9,7,16.83,0,0,10,9,10,19.03,0,14.05,2.27,-1.72,9,Single,Not Dropout
1,2,3,13,1,3.0,1,17,18,5.0,10.0,1,0,0,0,1,1,23,0,0,9,9,5,14.05,0,1,8,6,7,15.48,0,15.35,1.59,-0.44,17,Single,Not Dropout
1,5,4,1,1,10.0,1,5,3,16.0,6.0,1,0,0,1,0,0,21,0,1,7,10,4,12.05,0,3,8,10,6,17.34,2,9.2,0.7,-0.22,4,Single,Not Dropout
1,5,1,16,1,12.0,1,9,27,17.0,9.0,0,0,0,1,0,0,39,0,0,8,9,3,13.89,0,1,5,6,3,13.3,1,14.16,1.95,-1.07,18,Single,Not Dropout
1,8,4,15,1,4.0,1,20,16,18.0,2.0,0,0,0,0,1,1,21,0,1,7,5,7,14.65,0,0,6,9,5,14.95,0,13.89,-0.38,2.81,18,Single,Not Dropout
1,17,4,17,0,8.0,1,13,2,13.0,15.0,1,0,0,1,1,0,26,0,0,7,9,3,9.46,2,0,7,8,5,12.3,2,7.51,0.31,1.01,7,Single,Not Dropout
1,6,5,2,1,2.0,1,26,25,13.0,15.0,0,0,0,0,0,0,17,0,1,5,4,1,3.03,1,0,5,13,0,4.73,0,9.79,0.67,1.54,25,Single,Dropout
1,12,3,17,1,2.0,1,3,6,3.0,6.0,0,1,0,1,0,1,17,0,1,7,6,3,11.02,0,1,6,7,3,12.89,1,8.98,0.3,2.0,4,Single,Not Dropout
5,14,4,11,0,10.0,1,29,20,8.0,13.0,0,0,1,1,0,0,25,1,0,7,10,5,13.9,0,1,7,6,4,12.7,1,11.72,1.28,-0.9,24,Other,Not Dropout
1,1,2,10,0,9.0,1,21,20,,5.0,1,0,1,1,0,0,21,0,0,7,7,4,6.2,1,3,8,9,2,4.87,0,9.57,0.92,3.7,20,Single,Dropout
1,9,4,4,1,13.0,1,13,24,11.0,8.0,1,0,0,1,1,0,22,0,0,7,9,6,17.71,0,0,5,5,5,20.0,0,11.5,2.01,1.59,18,Single,Not Dropout
1,8,4,9,1,15.0,1,1,24,15.0,7.0,1,0,0,1,1,0,21,0,0,7,7,4,11.31,0,0,8,10,3,12.27,1,13.87,1.68,1.11,12,Single,Not Dropout
1,9,4,7,0,4.0,1,2,29,13.0,19.0,0,0,0,1,0,0,22,0,0,10,11,9,12.92,0,0,11,11,8,12.28,1,12.75,2.69,-2.47,15,Single,Not Dropout
1,3,5,17,1,6.0,1,12,3,1.0,10.0,0,0,0,1,0,0,17,0,0,7,11,5,15.34,0,0,8,11,7,17.31,0,9.8,-1.0,-1.93,7,Single,Not Dropout
1,8,0,6,1,14.0,1,17,11,11.0,13.0,1,0,0,1,0,0,22,0,1,8,9,6,11.84,0,0,8,12,5,14.48,0,13.87,2.68,1.13,14,Single,Not Dropout
2,3,4,4,1,,1,15,11,17.0,4.0,1,0,0,1,0,0,22,0,0,6,6,3,,0,1,6,6,3,11.16,0,13.9,0.41,-2.19,13,Married,Not Dropout
1,17,4,17,0,14.0,1,9,11,2.0,18.0,1,0,0,0,0,0,29,0,0,7,5,5,13.52,0,0,8,10,4,11.65,0,14.03,0.07,-1.0,10,Single,Not Dropout
1,10,3,4,1,16.0,1,19,7,11.0,13.0,0,0,0,0,0,0,28,0,0,5,8,3,11.39,0,0,5,8,3,8.96,0,13.74,0.05,0.35,13,Single,Dropout
1,1,3,16,1,2.0,1,18,7,5.0,3.0,1,0,0,1,0,1,17,0,1,5,7,3,9.96,0,0,6,9,3,11.69,0,8.41,-0.13,-0.71,12,Single,Not Dropout
1,9,4,17,1,3.0,1,10,28,18.0,7.0,0,0,0,1,0,1,19,0,1,5,7,2,6.56,1,1,8,6,1,7.71,0,13.62,0.21,1.62,19,Single,Dropout
5,16,2,6,1,11.0,1,10,27,11.0,10.0,0,0,1,1,1,0,34,0,1,4,5,2,9.87,0,0,3,5,1,9.68,0,10.64,1.62,2.02,18,Other,Dropout
1,13,2,12,1,8.0,1,13,20,,9.0,0,0,0,1,1,0,28,0,2,7,10,1,4.32,0,1,7,6,1,4.29,0,10.58,3.21,-2.19,16,Single,Dropout
1,5,4,14,1,,1,22,17,10.0,16.0,1,0,0,1,0,0,26,0,1,5,5,3,10.33,0,0,5,5,3,12.02,0,11.47,1.69,-0.87,19,Single,Not Dropout
1,16,4,10,1,9.0,1,18,14,17.0,11.0,0,0,0,1,0,1,20,0,0,4,6,2,11.08,1,0,2,3,1,10.72,0,11.63,-0.01,-0.6,16,Single,Not Dropout
1,4,1,12,0,11.0,1,4,20,,11.0,0,0,0,1,0,0,27,0,0,10,15,8,11.25,0,0,10,10,8,13.11,0,7.0,-0.76,-0.47,12,Single,Not Dropout
1,5,4,3,1,4.0,1,27,26,15.0,8.0,0,0,1,1,0,0,17,0,0,8,9,4,9.09,0,0,8,9,0,5.79,0,12.75,0.58,0.73,26,Single,Dropout
1,3,1,9,1,6.0,1,6,13,9.0,17.0,1,0,0,1,0,0,20,0,2,10,10,3,5.98,1,0,11,14,5,6.23,0,11.79,0.93,-5.0,9,Single,Dropout
2,16,0,9,1,3.0,1,20,16,11.0,14.0,1,0,1,1,0,1,25,0,0,6,6,2,6.5,0,0,7,9,1,9.03,0,12.0,0.07,-0.06,18,Married,Dropout
1,13,5,10,1,3.0,1,1,27,14.0,14.0,1,0,0,1,1,1,27,0,0,6,6,3,9.81,0,0,6,6,3,13.94,0,7.73,0.88,-5.0,14,Single,Not Dropout
1,9,1,17,0,2.0,1,8,27,4.0,13.0,1,0,0,1,1,0,24,0,0,7,8,5,11.09,0,1,8,9,6,8.81,0,9.33,0.75,1.13,17,Single,Not Dropout
2,12,1,15,1,15.0,1,17,7,17.0,13.0,0,0,0,1,0,0,25,0,2,7,11,4,13.91,0,1,6,7,4,13.5,0,10.46,3.12,-0.98,12,Married,Not Dropout
2,5,1,11,1,2.0,1,25,7,14.0,15.0,1,0,0,1,0,0,24,0,1,6,8,4,9.13,0,1,6,8,3,10.56,0,12.42,-1.0,0.33,16,Married,Not Dropout
1,2,2,7,1,9.0,1,17,6,8.0,5.0,0,0,0,1,1,1,21,0,1,5,6,2,11.81,0,0,6,5,3,13.08,1,13.65,1.24,-0.55,11,Single,Not Dropout
1,15,0,7,1,9.0,1,2,1,12.0,10.0,0,0,0,0,1,0,31,0,0,7,8,4,8.0,0,0,8,8,2,9.8,0,9.7,0.89,1.95,1,Single,Dropout
1,17,0,1,1,1.0,1,28,21,13.0,3.0,1,0,0,0,0,0,34,0,0,4,2,2,8.8,0,0,4,5,1,9.94,0,13.55,1.75,-1.51,24,Single,Dropout
1,1,2,10,1,14.0,1,8,13,9.0,7.0,1,0,0,1,0,0,23,0,0,7,8,2,9.45,0,0,8,12,0,6.47,1,9.82,1.79,-0.57,10,Single,Dropout
2,1,1,5,1,9.0,1,11,1,13.0,6.0,1,0,0,1,0,0,17,0,0,6,5,5,13.7,0,0,5,4,4,12.77,0,10.25,2.99,1.25,6,Married,Not Dropout
1,10,1,16,1,3.0,1,4,6,11.0,4.0,1,0,0,1,1,1,22,0,0,8,12,5,14.53,0,0,10,12,7,11.55,0,11.09,1.08,4.0,5,Single,Not Dropout
1,1,5,14,1,3.0,1,21,16,15.0,11.0,0,0,0,0,0,0,24,0,0,8,7,2,5.18,0,0,9,9,1,3.36,0,10.15,0.56,-1.57,18,Single,Dropout
2,13,3,16,1,12.0,1,13,25,,9.0,1,0,0,1,0,0,17,0,0,7,5,2,9.46,0,0,7,6,5,11.81,0,12.33,1.66,2.34,19,Married,Not Dropout
1,17,0,17,1,10.0,8,7,20,1.0,9.0,1,0,0,1,1,1,31,0,0,4,2,2,12.93,1,4,4,6,2,13.93,0,9.67,-1.0,-2.59,13,Single,Not Dropout
1,5,0,7,0,7.0,1,19,16,8.0,17.0,1,0,0,1,1,0,19,0,0,4,3,3,13.39,2,0,5,5,4,19.22,0,12.75,1.2,-1.6,17,Single,Not Dropout
1,6,4,8,1,7.0,1,6,6,16.0,7.0,0,0,0,1,1,1,18,0,0,4,0,1,8.6,1,1,5,8,2,7.24,0,11.69,1.58,3.42,6,Single,Dropout
1,15,1,11,1,1.0,1,16,9,3.0,3.0,0,0,0,1,0,0,21,0,0,5,6,1,10.02,0,0,5,4,2,7.14,0,8.17,1.29,0.39,12,Single,Dropout
2,7,0,8,1,1.0,1,20,23,17.0,16.0,0,0,0,1,0,0,20,0,0,4,5,2,9.56,0,1,5,6,3,10.29,0,13.78,0.52,0.05,21,Married,Not Dropout
1,5,3,5,1,9.0,1,24,23,8.0,5.0,1,0,0,1,1,1,23,0,0,6,5,2,9.07,0,0,8,10,4,12.88,0,12.5,1.59,-0.81,23,Single,Not Dropout
1,2,5,13,1,6.0,1,21,26,4.0,19.0,1,0,0,1,1,0,28,0,0,5,8,3,8.02,0,0,6,7,3,7.71,2,12.07,1.46,-1.18,23,Single,Not Dropout
1,15,2,8,1,5.0,1,17,16,9.0,13.0,0,0,0,1,0,0,31,0,0,5,6,3,10.1,0,1,5,3,2,9.48,0,10.04,2.0,-1.04,16,Single,Not Dropout
4,16,4,17,1,7.0,1,1,8,16.0,5.0,1,0,0,1,0,0,28,0,0,6,7,3,11.32,0,1,6,4,3,14.47,1,7.55,1.85,2.5,4,Other,Not Dropout
1,2,2,4,1,10.0,1,7,15,17.0,11.0,1,0,1,1,0,0,17,0,0,7,10,3,13.18,0,0,7,9,5,14.87,0,12.4,1.51,-2.1,11,Single,Not Dropout
4,14,0,8,1,5.0,1,17,26,12.0,18.0,0,0,0,1,1,1,22,0,0,5,8,4,8.59,1,0,7,11,3,13.14,0,17.0,1.31,-2.42,21,Other,Not Dropout
2,3,4,10,1,6.0,1,16,6,11.0,18.0,0,0,0,1,0,0,24,0,1,6,5,1,9.98,1,1,7,5,3,7.88,0,7.0,0.57,-1.82,11,Married,Not Dropout
1,3,5,16,1,5.0,1,16,25,16.0,8.0,1,0,0,1,1,0,25,0,0,7,5,6,10.38,1,0,5,1,4,12.1,0,13.9,1.88,-0.73,20,Single,Not Dropout
2,7,5,10,1,11.0,1,22,29,18.0,1.0,0,0,0,1,1,0,26,0,0,6,6,4,14.0,0,0,5,7,4,10.91,1,8.63,3.91,-4.18,25,Married,Not Dropout
1,8,0,2,0,1.0,1,27,24,16.0,2.0,1,0,0,1,0,0,23,0,0,6,10,3,11.13,0,0,5,7,3,11.33,0,13.05,2.58,-2.24,25,Single,Not Dropout
1,15,3,6,1,15.0,1,15,20,19.0,17.0,1,0,1,1,1,0,22,0,0,8,7,5,15.9,1,1,9,12,8,16.53,0,8.8,0.58,0.65,17,Single,Not Dropout
1,12,3,16,1,9.0,1,4,12,16.0,13.0,1,0,0,1,0,1,28,0,0,5,8,2,7.41,0,1,3,5,1,3.95,0,13.13,-0.28,0.74,8,Single,Not Dropout
2,3,0,5,1,4.0,1,13,25,1.0,14.0,1,0,0,1,1,0,22,0,0,8,7,5,,0,1,9,11,6,9.82,0,14.59,1.66,2.69,19,Married,Not Dropout
2,10,5,6,1,13.0,1,8,5,1.0,14.0,1,0,1,1,0,0,29,0,0,10,11,5,5.74,0,1,12,17,5,8.31,1,11.63,2.49,0.53,6,Married,Dropout
1,15,0,3,1,16.0,1,16,23,12.0,15.0,0,0,0,1,1,0,28,0,0,7,7,4,10.09,0,0,8,8,2,,1,12.76,0.79,1.31,19,Single,Not Dropout
6,12,1,13,1,1.0,1,18,12,19.0,10.0,0,0,0,1,0,1,32,0,0,6,8,1,4.96,0,0,4,7,1,5.74,0,12.12,0.93,2.63,15,Other,Dropout
1,4,5,3,1,,1,16,15,6.0,8.0,0,0,0,1,1,1,24,0,0,4,5,2,11.91,0,2,3,8,1,,0,9.54,0.63,-0.8,15,Single,Not Dropout
2,3,3,7,1,3.0,1,17,14,,5.0,0,0,0,0,0,0,32,0,0,5,4,3,11.3,0,0,5,6,3,12.56,0,11.17,4.0,2.19,15,Married,Not Dropout
2,8,4,13,1,2.0,1,10,1,17.0,6.0,1,0,1,1,0,0,21,0,0,7,7,1,3.63,0,0,6,7,0,3.06,0,12.86,1.43,1.14,5,Married,Dropout
1,9,2,16,1,12.0,1,6,29,3.0,15.0,1,0,0,1,0,0,25,0,1,6,5,3,7.93,0,0,5,5,3,12.57,0,14.87,2.25,-0.41,17,Single,Not Dropout
1,6,4,4,1,4.0,1,25,20,10.0,1.0,1,0,0,1,0,0,28,0,0,6,7,4,11.84,1,1,5,3,3,10.63,1,10.0,-0.28,1.7,22,Single,Not Dropout
1,2,0,6,1,7.0,1,12,18,5.0,3.0,1,0,0,0,0,0,17,0,0,6,5,3,7.36,0,0,6,1,4,11.05,1,12.73,0.78,-3.03,15,Single,Dropout
2,3,4,3,1,14.0,1,7,3,2.0,15.0,1,0,0,1,1,0,21,0,0,5,6,2,3.01,0,1,4,7,1,2.14,0,10.6,4.0,-0.2,5,Married,Dropout
1,9,0,8,0,10.0,1,29,23,,13.0,1,0,1,1,1,0,19,0,1,6,8,4,15.66,0,1,6,6,4,13.88,0,13.11,1.11,-0.25,26,Single,Not Dropout
1,17,1,17,1,11.0,1,1,28,5.0,4.0,0,0,0,1,0,0,23,0,0,5,7,5,15.46,0,0,6,7,4,15.35,0,13.36,2.2,1.97,14,Single,Not Dropout
1,11,3,6,1,2.0,1,11,24,11.0,1.0,1,0,0,1,0,1,20,0,0,6,8,4,13.87,0,0,3,2,3,16.71,0,11.19,-0.49,0.11,17,Single,Not Dropout
1,8,2,5,0,16.0,1,22,8,13.0,5.0,0,0,0,0,1,1,24,0,0,7,9,3,8.56,1,0,5,6,3,6.38,0,12.6,1.22,0.89,15,Single,Not Dropout
1,16,0,7,1,2.0,1,12,6,9.0,3.0,1,0,0,1,1,0,23,0,1,9,8,6,11.27,0,0,8,11,5,11.48,2,7.64,-1.0,1.95,9,Single,Not Dropout
1,12,4,16,1,12.0,1,25,11,2.0,6.0,1,0,0,1,0,1,21,0,0,5,4,3,9.06,0,1,5,5,1,7.74,0,12.97,0.48,-0.08,18,Single,Dropout
2,13,1,10,1,11.0,1,11,1,2.0,16.0,0,0,0,1,1,1,24,0,0,8,7,2,9.09,0,1,7,12,2,9.3,0,12.48,1.16,-3.58,6,Married,Not Dropout
1,10,5,11,0,7.0,1,19,16,8.0,17.0,1,0,0,1,0,1,19,0,0,8,9,3,6.8,0,1,8,9,2,,1,14.2,2.61,0.21,17,Single,Not Dropout
3,13,0,14,1,14.0,2,13,14,1.0,6.0,1,0,0,1,0,0,18,0,1,6,9,3,9.08,1,1,6,7,3,12.67,0,7.0,0.96,-2.32,13,Other,Not Dropout
1,9,1,13,1,15.0,1,14,15,17.0,6.0,0,0,0,1,0,0,17,0,1,5,5,3,13.48,0,0,7,10,5,14.47,0,11.23,1.08,0.28,14,Single,Not Dropout
6,11,1,11,1,2.0,1,15,29,4.0,16.0,0,0,1,1,1,0,17,0,0,9,9,6,13.88,2,0,8,11,6,16.61,1,8.35,-0.12,0.37,22,Other,Not Dropout
1,11,3,10,1,16.0,1,29,19,1.0,9.0,1,0,0,1,0,0,19,0,1,4,7,2,12.86,0,0,4,7,3,11.07,0,8.46,0.97,2.72,24,Single,Not Dropout
1,13,2,10,1,4.0,1,23,13,3.0,5.0,1,0,0,0,1,0,26,0,0,5,3,3,8.15,0,0,5,11,1,9.59,0,7.0,2.23,0.06,18,Single,Dropout
1,16,0,4,1,13.0,1,11,23,14.0,,1,0,0,1,1,0,22,0,1,4,8,2,12.54,2,0,4,7,1,11.94,0,12.16,-1.0,-0.43,17,Single,Not Dropout
1,6,3,8,0,14.0,1,13,11,12.0,10.0,1,0,0,1,0,0,23,0,0,5,7,3,13.99,0,0,5,6,4,,0,9.95,2.39,-1.28,12,Single,Not Dropout
1,12,5,15,1,,1,12,22,13.0,17.0,0,0,0,1,0,0,21,0,0,6,6,6,15.09,0,0,7,10,7,16.29,1,11.79,0.67,0.41,17,Single,Not Dropout
2,1,0,1,1,14.0,1,22,28,7.0,17.0,1,0,0,1,0,0,35,0,0,9,9,9,16.59,1,1,9,8,7,16.41,0,11.83,0.95,2.39,25,Married,Not Dropout
1,10,1,15,1,14.0,1,18,27,7.0,16.0,1,0,0,1,1,0,24,0,0,6,10,6,13.15,0,0,5,6,4,15.06,0,12.6,0.58,-2.32,22,Single,Not Dropout
1,16,2,10,1,9.0,1,16,16,13.0,19.0,0,0,1,1,1,0,20,0,0,10,10,7,15.29,1,0,11,16,8,12.41,1,13.12,0.3,1.14,16,Single,Not Dropout
1,11,4,6,1,3.0,1,13,14,3.0,11.0,0,0,0,1,0,0,17,0,0,8,10,6,10.62,1,0,9,9,4,8.82,0,14.89,-0.52,-0.88,13,Single,Not Dropout
1,5,0,2,1,7.0,1,12,12,8.0,11.0,1,0,0,1,1,0,33,0,0,5,10,4,10.54,0,1,5,8,3,14.29,0,11.34,-0.07,-0.45,12,Single,Not Dropout
1,11,1,13,1,15.0,1,17,16,2.0,1.0,0,0,0,1,1,0,17,0,0,5,6,3,14.83,0,0,6,6,4,13.9,1,10.59,-0.37,-1.64,16,Single,Not Dropout
1,7,1,1,1,4.0,1,25,28,9.0,4.0,0,0,1,1,1,1,18,0,1,7,8,4,11.63,0,0,6,5,4,9.25,0,8.49,2.04,-2.16,26,Single,Not Dropout
1,8,3,10,1,16.0,1,29,26,19.0,3.0,1,0,0,1,1,0,18,0,1,6,11,4,12.38,0,0,6,6,4,,0,12.79,3.25,0.43,27,Single,Not Dropout
6,4,0,3,1,3.0,1,2,18,17.0,18.0,1,0,0,1,0,1,23,0,1,4,3,2,8.7,0,0,3,7,1,10.24,1,9.41,0.62,0.3,10,Other,Not Dropout
1,11,3,16,0,11.0,1,7,9,13.0,5.0,0,1,0,1,1,0,25,0,1,5,6,5,14.44,0,0,6,8,5,14.88,0,11.99,0.4,-0.34,8,Single,Not Dropout
1,4,2,4,1,11.0,1,20,11,13.0,12.0,1,0,0,1,1,1,23,0,0,4,6,2,8.68,1,0,4,4,2,11.55,0,16.68,1.0,0.85,15,Single,Not Dropout
1,8,1,14,0,4.0,1,5,8,8.0,8.0,1,0,0,1,1,1,21,0,1,9,7,6,14.26,1,0,9,9,8,13.1,0,7.51,-0.4,-2.78,6,Single,Not Dropout
1,16,5,10,1,8.0,1,18,6,14.0,15.0,0,0,0,1,0,1,17,0,1,7,6,4,11.59,0,0,8,9,3,11.49,0,8.56,1.69,0.48,12,Single,Not Dropout
1,13,4,1,1,3.0,1,13,1,16.0,7.0,1,0,1,1,0,0,34,0,0,6,6,4,8.48,1,0,4,5,1,10.55,0,11.75,1.0,1.14,7,Single,Dropout
3,8,4,13,1,6.0,1,6,23,11.0,18.0,1,0,0,1,1,1,25,0,0,5,7,0,,0,1,6,5,0,4.7,0,8.58,-1.0,-1.52,14,Other,Dropout
1,17,5,15,1,16.0,1,15,22,2.0,10.0,1,0,0,1,0,1,26,0,1,5,5,3,11.04,0,0,4,6,2,11.34,0,14.63,1.97,0.29,18,Single,Not Dropout
1,1,1,4,0,,1,15,6,,5.0,1,0,0,1,1,0,19,0,0,4,5,1,5.96,0,0,6,9,3,9.61,0,8.91,-0.69,1.71,10,Single,Dropout
2,17,5,17,1,14.0,1,21,20,3.0,8.0,0,0,0,1,0,0,21,0,0,7,10,2,8.52,0,0,7,8,1,,1,11.3,0.86,-1.69,20,Married,Dropout
1,6,1,14,0,11.0,1,24,5,7.0,7.0,1,0,0,1,0,0,30,0,1,8,10,3,14.31,1,1,6,4,2,9.8,1,12.62,0.63,1.25,14,Single,Not Dropout
2,14,1,13,1,12.0,1,28,9,4.0,14.0,1,0,0,1,0,0,17,0,0,9,6,3,5.98,0,1,12,14,4,5.78,1,7.99,2.15,-0.26,18,Married,Dropout
1,17,3,6,1,5.0,1,13,8,1.0,7.0,0,0,1,1,0,0,28,0,0,8,9,6,13.45,0,1,9,8,6,16.01,1,11.61,0.47,1.11,10,Single,Not Dropout
1,11,4,3,1,16.0,1,20,4,15.0,1.0,0,0,0,1,0,0,22,0,0,8,10,8,18.62,1,0,7,5,7,20.0,0,15.02,3.11,0.02,12,Single,Not Dropout
3,11,3,8,0,5.0,1,23,22,13.0,15.0,1,0,0,1,0,0,25,0,0,8,9,3,8.12,0,2,8,10,4,9.99,0,12.8,2.74,-2.45,22,Other,Not Dropout
2,13,3,14,1,9.0,1,29,2,8.0,19.0,1,0,0,1,0,0,33,0,0,6,8,3,13.46,0,0,7,3,7,15.56,0,10.49,1.08,-0.83,15,Married,Not Dropout
2,5,2,10,1,1.0,1,19,12,8.0,5.0,1,0,0,0,0,0,20,0,0,4,7,1,5.82,0,0,0,1,0,7.41,0,13.28,4.0,-0.13,15,Married,Dropout
1,4,3,12,0,15.0,1,8,15,,17.0,0,0,0,1,1,0,17,0,0,8,10,5,10.22,0,0,8,11,4,12.92,1,7.0,0.61,-3.22,11,Single,Not Dropout
2,6,2,14,1,12.0,1,10,17,11.0,1.0,1,0,0,1,1,1,17,0,1,5,6,2,10.31,0,0,5,10,2,10.77,0,10.0,0.1,4.0,13,Married,Not Dropout
1,9,2,6,1,3.0,1,7,6,5.0,7.0,1,0,0,1,1,0,23,0,1,6,8,6,20.0,0,0,6,4,6,,2,7.56,3.73,-0.61,6,Single,Not Dropout
1,13,3,1,0,11.0,1,6,14,10.0,1.0,0,0,0,1,0,0,33,1,1,4,0,3,9.93,0,0,2,2,1,8.57,1,12.08,2.32,0.05,10,Single,Not Dropout
1,5,3,16,1,3.0,1,9,24,15.0,8.0,0,0,0,1,1,1,21,0,0,8,12,3,12.86,0,0,8,7,5,10.0,0,11.67,2.45,-0.65,16,Single,Not Dropout
1,10,1,11,1,8.0,1,15,11,11.0,12.0,0,0,0,1,0,0,32,0,0,8,12,3,11.45,1,0,6,8,2,10.88,1,9.12,2.26,-1.88,13,Single,Not Dropout
1,1,0,10,1,9.0,1,23,28,16.0,19.0,1,0,0,1,1,0,17,0,0,4,8,2,6.77,0,0,4,3,2,8.59,0,14.15,2.3,0.53,25,Single,Not Dropout
1,1,1,10,1,15.0,1,9,13,10.0,16.0,0,0,1,1,1,1,20,0,0,6,7,3,9.94,0,1,5,10,3,10.78,0,7.0,1.54,0.29,11,Single,Not Dropout
1,17,2,15,1,6.0,1,6,23,8.0,18.0,1,0,0,1,0,0,29,0,2,8,10,5,12.69,1,0,8,7,5,8.09,0,15.7,0.07,-4.88,14,Single,Not Dropout
2,15,0,14,1,1.0,1,4,4,15.0,13.0,0,0,0,1,0,0,29,0,0,6,7,2,11.58,0,0,6,7,2,9.06,0,14.07,-0.9,-0.53,4,Married,Not Dropout
3,15,1,12,1,7.0,1,6,25,4.0,8.0,1,0,0,1,0,0,17,0,2,6,8,3,10.64,0,0,6,8,5,11.33,0,11.73,0.53,0.45,15,Other,Not Dropout
1,6,5,14,1,15.0,1,13,14,,18.0,0,0,0,1,0,1,18,0,0,8,12,3,6.59,0,1,7,9,3,,1,10.07,1.55,-1.79,13,Single,Not Dropout
3,9,1,5,1,13.0,1,12,29,12.0,2.0,0,0,1,1,1,0,22,0,0,6,3,3,6.31,0,1,6,7,3,9.86,0,10.77,2.75,-3.14,20,Other,Not Dropout
1,12,4,13,1,1.0,1,12,21,6.0,16.0,0,0,0,1,0,1,19,0,1,6,8,6,16.35,0,0,6,4,6,17.18,0,12.26,0.58,2.14,16,Single,Not Dropout
1,5,0,17,1,1.0,1,10,22,5.0,19.0,0,0,0,1,0,0,30,0,0,8,7,4,11.41,0,1,10,10,3,9.46,1,9.75,-1.0,-0.36,16,Single,Not Dropout
2,13,5,4,1,13.0,1,14,5,2.0,1.0,1,0,0,0,1,1,23,0,0,4,3,4,15.13,1,0,4,2,3,12.03,0,11.07,3.15,-3.77,9,Married,Not Dropout
1,12,1,10,0,12.0,1,19,17,3.0,13.0,1,0,0,1,0,0,17,0,0,5,6,3,8.52,0,1,6,7,2,11.47,1,12.28,2.92,0.87,18,Single,Not Dropout
1,7,2,12,1,9.0,1,2,22,,,1,0,0,0,1,0,26,0,0,3,1,2,13.01,0,0,4,6,3,12.49,0,12.95,0.67,-2.41,12,Single,Not Dropout
1,8,4,9,1,2.0,1,26,24,12.0,14.0,0,0,0,1,0,0,26,0,0,10,8,7,9.45,0,0,10,10,4,7.94,0,14.95,1.66,3.29,25,Single,Not Dropout
1,6,1,17,0,5.0,1,9,11,3.0,19.0,1,0,0,1,0,0,17,0,1,7,5,1,0.86,1,0,8,8,0,1.43,0,15.26,0.62,-1.05,10,Single,Dropout
2,14,3,7,1,14.0,1,5,17,10.0,6.0,1,0,0,1,0,0,18,0,2,8,8,6,9.77,0,0,9,8,6,9.8,0,11.23,-0.4,-4.19,11,Married,Not Dropout
1,17,4,4,1,3.0,1,6,6,3.0,,1,0,0,1,0,0,19,0,0,4,6,2,8.99,0,0,2,8,0,6.7,0,7.36,1.0,2.63,6,Single,Dropout
1,17,0,3,1,4.0,1,16,13,15.0,16.0,0,0,0,1,0,0,31,0,0,9,12,5,10.65,0,1,10,12,8,11.49,0,11.4,-1.0,-0.04,14,Single,Not Dropout
1,14,0,15,1,8.0,1,16,14,13.0,2.0,1,0,0,1,0,0,22,0,0,6,11,3,13.62,0,0,7,6,4,11.84,0,14.89,1.47,-1.36,15,Single,Not Dropout
1,6,4,12,1,,1,3,1,6.0,11.0,1,0,0,1,0,0,17,0,1,9,9,7,18.8,0,2,10,9,9,19.95,0,11.17,1.69,0.29,2,Single,Not Dropout
1,14,1,10,1,14.0,1,15,27,,19.0,1,0,0,1,1,0,17,0,0,6,9,2,6.16,0,0,5,7,0,6.19,1,15.61,0.01,1.05,21,Single,Dropout
4,5,5,8,0,10.0,1,7,19,5.0,9.0,1,0,0,1,0,0,27,0,2,4,5,1,9.85,0,0,3,0,1,9.51,0,8.26,2.43,3.99,13,Other,Not Dropout
1,16,5,7,1,8.0,1,27,6,13.0,16.0,1,0,0,1,0,0,21,0,0,8,9,3,11.59,1,1,7,6,5,13.06,0,12.55,-0.8,-1.27,16,Single,Not Dropout
2,5,5,16,1,7.0,1,9,27,13.0,15.0,1,0,0,0,0,1,17,0,1,6,8,3,9.4,1,0,6,9,3,10.91,0,12.55,-0.41,-1.87,18,Married,Not Dropout
1,7,5,12,1,1.0,1,29,21,9.0,6.0,0,0,0,1,0,0,21,0,1,4,7,2,12.35,0,0,5,8,2,10.42,0,15.95,2.25,4.0,25,Single,Not Dropout
2,2,4,17,1,5.0,1,17,21,14.0,8.0,1,0,0,1,0,0,29,0,0,3,5,2,13.63,0,1,1,3,1,12.6,1,11.62,1.77,-2.59,19,Married,Not Dropout
1,2,2,14,0,4.0,1,28,28,19.0,10.0,0,0,0,0,0,0,36,0,0,7,7,3,10.04,0,0,6,7,4,15.45,1,12.61,0.44,-0.34,28,Single,Dropout
1,7,5,14,1,1.0,1,17,12,8.0,9.0,1,0,0,1,1,0,23,0,0,6,8,3,9.08,0,3,6,10,3,5.98,1,13.26,1.35,-1.32,14,Single,Not Dropout
1,10,2,10,1,12.0,1,4,11,6.0,12.0,1,0,0,1,1,0,26,0,0,7,7,3,13.2,0,0,7,6,3,12.36,0,8.68,0.46,-1.93,7,Single,Not Dropout
1,1,3,5,1,6.0,1,19,18,9.0,13.0,0,0,1,1,0,1,22,0,0,7,9,2,11.36,0,1,6,6,2,10.41,0,9.95,0.39,-0.94,18,Single,Dropout
2,15,0,12,1,9.0,1,14,26,11.0,8.0,0,0,0,1,1,1,24,0,0,6,7,3,9.8,0,1,6,10,2,9.68,0,12.34,1.56,-1.85,20,Married,Not Dropout
1,2,5,13,1,4.0,1,24,24,3.0,13.0,1,0,0,0,0,0,17,0,0,7,4,4,9.74,0,0,7,8,4,11.45,0,11.94,0.86,0.79,24,Single,Not Dropout
4,17,3,9,1,10.0,1,12,23,19.0,13.0,1,0,0,1,1,1,32,0,0,8,9,4,11.79,1,0,8,10,4,10.33,0,10.73,0.59,-0.06,17,Other,Not Dropout
1,5,5,1,1,3.0,1,6,23,9.0,,1,0,0,1,1,0,20,0,0,6,9,2,8.43,0,0,6,7,3,8.9,0,12.52,0.65,-0.72,14,Single,Dropout
1,7,2,17,1,11.0,1,4,2,19.0,16.0,0,0,0,1,0,1,17,0,2,7,8,3,10.12,0,1,7,14,1,6.91,0,11.9,4.0,0.87,3,Single,Dropout
1,3,1,15,1,,1,22,15,19.0,11.0,1,0,0,1,1,0,18,0,0,7,8,4,9.17,0,1,7,7,4,12.15,0,13.97,2.16,-3.98,18,Single,Not Dropout
1,15,3,6,1,5.0,1,7,11,2.0,4.0,1,0,0,1,0,1,27,0,0,8,8,5,14.16,0,0,7,10,6,15.83,0,10.09,0.43,-0.04,9,Single,Not Dropout
1,13,5,9,1,4.0,1,20,11,3.0,7.0,1,0,0,1,0,0,19,0,0,2,2,1,13.4,0,2,2,0,2,12.82,0,12.27,-0.22,-0.77,15,Single,Not Dropout
1,2,3,3,1,13.0,1,4,25,4.0,7.0,1,0,1,1,0,0,32,0,0,6,9,1,3.6,2,0,5,7,2,6.25,0,10.49,1.05,-0.21,14,Single,Dropout
5,2,4,16,1,4.0,1,3,12,11.0,6.0,0,0,0,1,1,1,27,0,2,7,7,6,18.86,2,0,7,10,6,15.18,1,10.14,-1.0,0.97,7,Other,Not Dropout
1,11,1,4,1,3.0,1,21,25,7.0,18.0,1,0,1,1,0,0,28,0,0,10,9,7,11.32,1,0,10,13,3,8.42,1,14.81,3.03,0.47,23,Single,Dropout
1,15,4,7,1,6.0,1,10,27,1.0,11.0,0,0,1,1,0,0,20,0,1,8,5,8,14.86,0,0,7,9,6,15.06,0,13.97,0.25,2.34,18,Single,Not Dropout
1,2,4,8,0,16.0,1,17,14,11.0,19.0,1,0,0,1,0,1,19,0,0,8,7,4,12.61,1,0,8,11,4,8.97,0,11.76,1.05,-0.58,15,Single,Not Dropout
1,4,5,5,1,8.0,1,1,5,7.0,3.0,0,0,0,1,1,0,23,0,0,11,10,7,11.84,0,1,11,11,6,13.33,1,10.07,2.51,-0.16,3,Single,Not Dropout
1,10,0,11,1,5.0,1,6,21,17.0,14.0,0,0,0,1,1,0,17,0,1,6,4,3,9.35,1,0,6,9,2,8.61,0,14.9,3.35,0.65,13,Single,Not Dropout
1,2,2,17,1,9.0,1,3,26,15.0,12.0,1,0,0,1,0,0,26,0,0,10,9,3,8.39,0,1,8,13,3,8.2,1,16.21,0.29,-3.41,14,Single,Not Dropout
1,6,0,15,1,6.0,1,9,12,17.0,,1,0,0,1,1,0,29,0,1,8,7,6,16.97,0,0,10,10,10,16.0,0,7.75,2.14,2.82,10,Single,Not Dropout
1,1,2,10,1,11.0,1,9,6,11.0,,1,0,0,1,0,0,19,0,0,5,4,3,11.43,0,0,5,9,1,8.93,0,9.89,4.0,1.1,7,Single,Not Dropout
1,9,4,3,0,8.0,1,11,16,14.0,10.0,0,0,0,1,0,0,27,1,0,3,7,2,14.37,0,0,4,5,4,15.16,0,10.07,-1.0,-1.12,13,Single,Not Dropout
1,13,3,15,1,10.0,1,8,29,2.0,7.0,1,0,0,1,0,0,25,0,0,6,4,3,9.23,0,1,4,6,2,11.66,0,10.9,0.14,-0.63,18,Single,Not Dropout
1,8,4,5,1,7.0,1,14,15,15.0,14.0,0,0,0,1,0,1,30,0,0,7,9,4,11.37,1,0,7,3,3,11.31,1,10.46,1.62,1.94,14,Single,Not Dropout
1,5,4,16,1,8.0,1,27,14,9.0,4.0,0,0,0,1,0,1,33,0,1,6,8,3,14.49,0,0,6,5,4,11.68,1,11.1,-0.02,-1.38,20,Single,Not Dropout
1,8,5,7,1,,1,3,13,1.0,13.0,1,0,1,1,1,0,28,0,1,7,9,3,,1,1,5,6,3,9.76,0,13.19,0.43,2.02,8,Single,Not Dropout
1,9,5,9,1,7.0,1,26,22,2.0,10.0,0,0,0,1,0,0,23,0,0,10,11,4,8.17,0,0,12,15,5,9.14,0,10.69,2.01,2.32,24,Single,Not Dropout
2,3,3,8,0,16.0,1,12,10,6.0,16.0,0,0,0,1,0,0,30,0,1,6,10,2,7.67,1,2,8,8,2,5.86,0,10.37,3.14,-1.09,11,Married,Dropout
1,2,5,8,1,5.0,1,17,22,8.0,1.0,0,0,1,1,0,0,23,0,0,10,11,7,11.1,0,0,10,10,6,13.5,1,11.18,2.96,-1.91,19,Single,Not Dropout
1,4,0,3,1,13.0,1,20,29,4.0,4.0,1,0,0,0,1,0,21,1,0,8,9,2,4.03,0,0,9,9,0,3.52,0,12.11,0.1,2.23,24,Single,Dropout
1,17,4,10,0,12.0,1,22,23,15.0,12.0,1,0,0,1,1,0,19,0,0,8,11,5,13.49,1,0,9,14,6,14.32,0,11.75,0.94,1.38,22,Single,Not Dropout
1,13,3,7,1,9.0,16,28,27,9.0,8.0,1,0,0,1,0,1,24,0,0,6,7,2,9.48,0,0,6,9,0,3.55,2,12.29,-0.32,0.11,27,Single,Dropout
1,3,5,15,1,6.0,1,29,23,5.0,6.0,1,1,0,1,0,0,29,0,0,6,4,4,12.31,0,0,4,5,2,10.79,0,11.38,3.5,0.44,26,Single,Not Dropout
2,6,3,9,0,8.0,1,3,25,13.0,18.0,1,0,0,1,0,0,17,0,1,6,8,6,17.37,1,0,5,6,4,15.76,0,9.98,1.8,-0.66,14,Married,Not Dropout
3,8,1,17,1,14.0,1,12,2,9.0,18.0,0,0,0,1,1,1,17,0,0,6,9,2,8.36,0,0,5,2,2,10.04,0,12.31,1.03,0.28,7,Other,Not Dropout
1,4,4,6,1,3.0,1,16,11,15.0,2.0,1,0,0,1,0,1,17,0,1,7,9,5,13.78,1,0,9,8,6,14.01,0,7.45,1.2,1.98,13,Single,Not Dropout
1,15,5,6,1,10.0,1,16,8,10.0,11.0,1,0,0,1,1,0,29,0,0,9,9,6,13.7,0,0,8,7,6,13.8,0,12.95,0.97,2.17,12,Single,Not Dropout
1,16,0,1,0,13.0,1,29,26,15.0,13.0,1,0,0,1,1,0,25,0,0,11,13,4,,0,0,11,12,2,9.34,1,13.81,0.45,1.95,27,Single,Not Dropout
1,5,0,13,1,11.0,1,19,7,17.0,15.0,0,0,0,1,0,0,32,0,0,5,7,2,7.28,0,0,5,9,1,,0,8.66,0.82,-0.36,13,Single,Not Dropout
1,1,3,2,1,3.0,1,12,29,2.0,4.0,1,0,0,1,0,0,20,0,0,6,5,4,13.91,1,1,7,7,6,13.6,0,13.9,0.42,-2.43,20,Single,Not Dropout
1,5,3,5,1,9.0,1,27,21,3.0,17.0,1,0,0,1,0,0,17,0,0,8,5,5,18.37,0,0,8,7,7,17.19,0,15.29,1.91,4.0,24,Single,Not Dropout
1,10,3,16,0,3.0,1,22,4,14.0,13.0,0,0,0,1,1,0,32,0,0,6,7,6,18.54,0,0,5,5,5,17.0,0,9.24,-0.43,-2.42,13,Single,Not Dropout
1,14,0,11,1,15.0,1,24,20,11.0,,1,0,0,1,1,0,19,0,0,4,7,1,7.92,0,1,7,7,1,11.51,0,12.18,1.58,0.52,22,Single,Dropout
1,6,3,10,1,6.0,1,19,10,5.0,13.0,1,0,0,1,1,0,27,0,0,8,7,5,19.26,0,0,7,8,3,11.75,1,,-1.0,0.05,14,Single,Not Dropout
1,5,3,14,0,7.0,1,2,9,1.0,17.0,0,0,0,1,0,1,17,0,0,5,3,3,11.3,1,0,8,9,4,9.74,1,11.04,2.11,3.86,5,Single,Not Dropout
1,5,5,14,1,14.0,1,29,29,19.0,1.0,0,0,0,1,1,0,24,0,0,7,8,3,,0,0,7,9,3,6.27,0,10.12,-0.28,2.91,29,Single,Not Dropout
1,1,2,16,1,7.0,1,21,24,2.0,5.0,1,0,0,1,0,1,22,0,0,9,10,4,10.89,0,0,9,8,3,10.1,0,8.27,0.41,-4.65,22,Single,Not Dropout
1,1,2,12,1,4.0,1,5,23,9.0,11.0,1,0,0,1,0,0,17,0,1,8,8,3,8.62,0,1,9,13,5,9.7,0,15.19,0.78,-3.63,14,Single,Not Dropout
1,8,0,8,1,15.0,1,8,10,5.0,6.0,0,0,0,1,0,0,34,0,0,7,10,5,10.94,0,0,7,6,5,14.04,1,11.34,0.59,2.89,9,Single,Not Dropout
2,11,3,3,1,11.0,1,10,20,8.0,4.0,1,0,1,1,1,0,18,0,0,9,9,6,12.48,0,0,7,9,4,10.43,0,11.79,4.0,1.72,15,Married,Not Dropout
1,1,3,7,1,10.0,5,8,10,14.0,14.0,0,0,0,1,0,0,17,0,0,6,8,5,11.69,1,0,6,5,4,8.9,1,13.32,0.03,-1.54,9,Single,Not Dropout
1,4,1,12,1,2.0,1,19,18,10.0,19.0,1,0,0,1,1,0,19,0,0,7,10,5,13.14,0,0,5,4,4,13.48,0,12.86,0.95,0.62,18,Single,Not Dropout
1,16,4,5,1,8.0,1,16,12,1.0,11.0,1,0,0,1,0,0,17,0,0,6,7,6,16.97,0,1,3,6,3,15.73,0,10.22,-0.55,-0.6,14,Single,Not Dropout
1,17,5,12,1,8.0,1,7,18,2.0,12.0,0,0,0,1,0,0,21,0,0,8,11,3,9.2,0,0,9,12,7,11.89,0,10.29,3.78,-0.55,12,Single,Not Dropout
1,11,1,3,1,5.0,1,21,22,18.0,12.0,1,0,0,1,0,0,19,0,1,4,6,1,7.28,0,0,3,6,2,9.02,0,10.83,0.96,1.03,21,Single,Not Dropout
3,9,3,2,0,10.0,1,9,10,5.0,8.0,1,0,1,1,0,1,29,0,0,5,6,2,9.1,0,0,6,9,3,10.88,0,14.27,-0.57,1.07,9,Other,Dropout
1,10,4,7,1,,1,5,1,9.0,13.0,1,0,0,1,0,0,25,0,0,6,6,4,9.79,0,1,6,3,3,10.66,0,10.43,3.34,-0.57,3,Single,Not Dropout
2,7,0,4,1,8.0,1,28,3,15.0,,0,0,0,1,0,1,17,1,0,7,11,3,8.74,1,0,8,10,4,7.66,0,,2.09,-0.92,15,Married,Not Dropout
1,4,1,15,1,13.0,1,10,27,16.0,3.0,1,0,0,1,0,0,19,0,1,10,13,4,5.98,1,0,12,13,3,4.81,0,,1.16,-1.05,18,Single,Dropout
1,7,2,7,1,12.0,1,7,28,6.0,6.0,1,0,0,1,1,0,36,0,2,5,7,3,,1,0,6,5,2,4.62,0,11.6,1.18,-1.14,17,Single,Dropout
1,12,0,8,1,5.0,1,21,21,5.0,4.0,1,0,0,1,1,0,18,0,0,6,7,5,12.97,0,0,7,7,5,14.45,1,12.36,1.26,-2.46,21,Single,Not Dropout
1,12,2,7,1,4.0,1,23,4,9.0,16.0,1,0,0,1,1,0,28,0,0,7,7,6,10.42,0,0,6,5,5,11.44,1,,2.71,2.12,13,Single,Not Dropout
1,12,0,6,0,1.0,1,5,18,7.0,,1,0,0,1,1,0,19,0,0,4,1,2,11.46,1,0,5,7,3,8.76,0,8.52,2.97,4.0,11,Single,Not Dropout
1,11,5,16,1,,1,2,13,14.0,13.0,0,0,0,1,1,0,17,0,0,5,7,3,9.77,0,0,6,9,2,8.94,0,8.62,-1.0,-0.23,7,Single,Not Dropout
1,2,3,13,1,1.0,1,25,7,14.0,12.0,0,0,0,1,1,0,20,0,0,3,3,2,5.69,0,0,4,5,1,11.58,0,15.56,0.33,-0.18,16,Single,Not Dropout
1,11,1,3,1,3.0,1,15,11,5.0,11.0,0,0,0,0,1,1,32,0,0,7,8,3,6.51,0,0,8,5,3,4.9,1,7.0,1.26,4.0,13,Single,Dropout
1,15,4,4,1,16.0,1,14,23,8.0,16.0,1,0,0,1,0,0,17,0,0,5,11,2,7.94,0,0,6,7,2,8.42,0,14.04,0.13,-3.27,18,Single,Dropout
1,12,0,2,1,14.0,1,13,29,14.0,3.0,1,0,0,1,0,0,27,0,0,9,13,5,8.41,0,0,9,7,3,6.67,0,9.61,-0.03,-1.34,21,Single,Not Dropout
1,10,3,5,1,9.0,1,17,26,10.0,14.0,1,0,0,1,0,0,30,0,0,7,9,2,6.71,0,0,5,11,1,3.82,0,11.14,1.9,0.73,21,Single,Dropout
1,4,4,12,1,13.0,1,20,6,11.0,16.0,1,0,0,1,1,0,20,0,0,6,7,3,11.34,1,1,8,11,4,10.29,0,11.12,3.36,-0.36,13,Single,Not Dropout
1,14,4,16,1,8.0,1,3,15,16.0,4.0,0,0,0,0,1,1,29,0,1,5,8,1,8.31,0,0,4,7,2,9.23,0,15.34,1.21,-1.45,9,Single,Dropout
1,8,1,9,1,,1,8,16,13.0,14.0,1,0,0,1,0,1,28,0,1,7,10,4,10.15,0,0,7,5,3,8.24,0,10.6,0.72,4.0,12,Single,Not Dropout
1,5,3,2,1,15.0,1,28,9,13.0,2.0,1,1,0,1,0,0,18,0,0,6,6,2,7.01,1,0,7,10,3,8.45,1,13.61,-0.54,2.0,18,Single,Dropout
